Customer ID,Age,Gender,Item Purchased,Category,purchase amount(INR),Location,Size,Color,Season,Review Rating,Subscription Status,Shipping Type,Discount Applied,Promo Code Used,Previous Purchases,Payment Method,Frequency of Purchases
1,55,Male,Blouse,Clothing,4505,Karnataka,L,Gray,Winter,3.1,Yes,Express,Yes,Yes,14,PhonePe,Fortnightly
2,19,Male,Sweater,Clothing,5440,Andhra Pradesh,L,Maroon,Winter,3.1,Yes,Express,Yes,Yes,2,Cash,Fortnightly
3,50,Male,Jeans,Clothing,6205,Telangana,S,Maroon,Spring,3.1,Yes,Free Shipping,Yes,Yes,23,Credit Card,Weekly
4,21,Male,Sandals,Footwear,7650,Karnataka,M,Maroon,Spring,3.5,Yes,Next Day Air,Yes,Yes,49,Google Pay,Weekly
5,45,Male,Blouse,Clothing,4165,Tamil Nadu,M,Turquoise,Spring,2.7,Yes,Free Shipping,Yes,Yes,31,Google Pay,Annually
6,46,Male,Sneakers,Footwear,1700,Kerala,M,White,Summer,2.9,Yes,Standard,Yes,Yes,14,PhonePe,Weekly
7,63,Male,Shirt,Clothing,7225,Maharastra,M,Gray,Fall,3.2,Yes,Free Shipping,Yes,Yes,49,Cash,Quarterly
8,27,Male,Shorts,Clothing,2890,Punjab,L,Charcoal,Winter,3.2,Yes,Free Shipping,Yes,Yes,19,Credit Card,Weekly
9,26,Male,Coat,Outerwear,8245,Kerala,L,Silver,Summer,2.6,Yes,Express,Yes,Yes,8,PhonePe,Annually
10,57,Male,Handbag,Accessories,2635,Haryana,M,Pink,Spring,4.8,Yes,2-Day Shipping,Yes,Yes,4,Cash,Quarterly
11,53,Male,Shoes,Footwear,2890,Rajasthan,L,Purple,Fall,4.1,Yes,Store Pickup,Yes,Yes,26,Net Banking,Bi-Weekly
12,30,Male,Shorts,Clothing,5780,Hawaii,S,Olive,Winter,4.9,Yes,Store Pickup,Yes,Yes,10,Net Banking,Fortnightly
13,61,Male,Coat,Outerwear,6120,Gujarat,M,Gold,Winter,4.5,Yes,Express,Yes,Yes,37,PhonePe,Fortnightly
14,65,Male,Dress,Clothing,4335,New Hampshire,M,Violet,Spring,4.7,Yes,Express,Yes,Yes,31,Google Pay,Weekly
15,64,Male,Coat,Outerwear,4505,New York,L,Teal,Winter,4.7,Yes,Free Shipping,Yes,Yes,34,Debit Card,Weekly
16,64,Male,Skirt,Clothing,6885,Karnataka,M,Teal,Winter,2.8,Yes,Store Pickup,Yes,Yes,8,Google Pay,Monthly
17,25,Male,Sunglasses,Accessories,3060,Alabama,S,Gray,Spring,4.1,Yes,Next Day Air,Yes,Yes,44,Debit Card,Bi-Weekly
18,53,Male,Dress,Clothing,3230,Mississippi,XL,Lavender,Winter,4.7,Yes,2-Day Shipping,Yes,Yes,36,PhonePe,Quarterly
19,52,Male,Sweater,Clothing,4080,Maharastra,S,Black,Summer,4.6,Yes,Free Shipping,Yes,Yes,17,Cash,Weekly
20,66,Male,Pants,Clothing,7650,Karnataka,M,Green,Summer,3.3,Yes,Standard,Yes,Yes,46,Debit Card,Bi-Weekly
21,21,Male,Pants,Clothing,4335,Punjab,M,Black,Winter,2.8,Yes,Express,Yes,Yes,50,Cash,Every 3 Months
22,31,Male,Pants,Clothing,5270,North Carolina,M,Charcoal,Winter,4.1,Yes,Store Pickup,Yes,Yes,22,Debit Card,Quarterly
23,56,Male,Pants,Clothing,3145,Andhra Pradesh,M,Peach,Summer,3.2,Yes,Store Pickup,Yes,Yes,32,Debit Card,Annually
24,31,Male,Pants,Clothing,7480,Odisha,XL,White,Winter,4.4,Yes,Express,Yes,Yes,40,Credit Card,Weekly
25,18,Male,Jacket,Outerwear,1870,Tamil Nadu,M,Green,Fall,2.9,Yes,Store Pickup,Yes,Yes,16,Debit Card,Weekly
26,18,Male,Hoodie,Clothing,2125,Telangana,M,Silver,Summer,3.6,Yes,Express,Yes,Yes,14,Google Pay,Annually
27,38,Male,Jewelry,Accessories,1700,West Bengal,M,Red,Spring,3.6,Yes,Next Day Air,Yes,Yes,13,Credit Card,Annually
28,56,Male,Shorts,Clothing,4760,Karnataka,L,Cyan,Summer,5,Yes,Next Day Air,Yes,Yes,7,Net Banking,Every 3 Months
29,54,Male,Handbag,Accessories,7990,North Carolina,M,Gray,Fall,4.4,Yes,Free Shipping,Yes,Yes,41,Google Pay,Every 3 Months
30,31,Male,Dress,Clothing,4080,Kerala,S,Black,Fall,4.1,Yes,Store Pickup,Yes,Yes,14,Credit Card,Weekly
31,57,Male,Jewelry,Accessories,2635,North Carolina,L,Black,Winter,4.7,Yes,Standard,Yes,Yes,16,Credit Card,Monthly
32,33,Male,Dress,Clothing,6715,Kerala,L,Brown,Winter,4.7,Yes,Store Pickup,Yes,Yes,45,PhonePe,Monthly
33,36,Male,Jacket,Outerwear,5695,Kansas,M,Silver,Summer,4.9,Yes,Free Shipping,Yes,Yes,37,PhonePe,Annually
34,54,Male,Pants,Clothing,3230,Colorado,L,Green,Summer,3.3,Yes,Store Pickup,Yes,Yes,45,Cash,Quarterly
35,36,Male,T-shirt,Clothing,7735,North Dakota,L,Violet,Spring,4.6,Yes,2-Day Shipping,Yes,Yes,38,Google Pay,Quarterly
36,54,Male,Blouse,Clothing,2805,Telangana,M,Cyan,Summer,4,Yes,2-Day Shipping,Yes,Yes,48,Credit Card,Bi-Weekly
37,35,Male,T-shirt,Clothing,5865,Bihar,M,Maroon,Winter,4.6,Yes,Free Shipping,Yes,Yes,44,Google Pay,Fortnightly
38,35,Male,Jeans,Clothing,3825,Indiana,S,Cyan,Summer,2.8,Yes,Store Pickup,Yes,Yes,10,Google Pay,Weekly
39,29,Male,Dress,Clothing,3145,Tamil Nadu,M,Red,Winter,,Yes,2-Day Shipping,Yes,Yes,44,PhonePe,Every 3 Months
40,70,Male,Pants,Clothing,5100,Arizona,S,Turquoise,Summer,4.2,Yes,Express,Yes,Yes,18,Credit Card,Monthly
41,69,Male,Handbag,Accessories,6460,Punjab,L,Beige,Winter,4.6,Yes,Next Day Air,Yes,Yes,31,Debit Card,Quarterly
42,67,Male,Scarf,Accessories,3315,Alaska,M,Orange,Spring,4.5,Yes,Standard,Yes,Yes,40,PhonePe,Annually
43,20,Male,Coat,Outerwear,8500,Tennessee,M,Beige,Spring,4.1,Yes,Free Shipping,Yes,Yes,15,Google Pay,Annually
44,25,Male,Scarf,Accessories,5865,Ohio,L,Lavender,Fall,3.7,Yes,Store Pickup,Yes,Yes,19,Google Pay,Fortnightly
45,39,Male,Hat,Accessories,4505,Karnataka,S,Silver,Summer,4.6,Yes,Free Shipping,Yes,Yes,45,Google Pay,Weekly
46,50,Male,Socks,Clothing,1785,Tennessee,XL,Indigo,Fall,2.9,Yes,2-Day Shipping,Yes,Yes,25,Google Pay,Annually
47,57,Male,Shirt,Clothing,3655,Andhra Pradesh,L,White,Summer,2.9,Yes,Store Pickup,Yes,Yes,45,Cash,Quarterly
48,55,Male,Jewelry,Accessories,4590,Maharastra,M,Charcoal,Winter,4.5,Yes,Free Shipping,Yes,Yes,36,Cash,Weekly
49,42,Male,Shirt,Clothing,4675,West Bengal,M,Orange,Summer,2.7,Yes,Store Pickup,Yes,Yes,38,Cash,Monthly
50,68,Male,Hoodie,Clothing,2550,New Jersey,S,Indigo,Spring,4.6,Yes,Next Day Air,Yes,Yes,34,Debit Card,Bi-Weekly
51,49,Male,Blouse,Clothing,2380,Maryland,M,Red,Spring,,Yes,Store Pickup,Yes,Yes,39,Debit Card,Bi-Weekly
52,59,Male,Skirt,Clothing,5015,Vermont,XL,Gray,Winter,4.7,Yes,2-Day Shipping,Yes,Yes,7,Credit Card,Quarterly
53,42,Male,T-shirt,Clothing,1700,Alaska,M,Green,Summer,2.6,Yes,Free Shipping,Yes,Yes,26,Credit Card,Weekly
54,29,Male,Skirt,Clothing,2040,Mississippi,S,Peach,Winter,3.9,Yes,Next Day Air,Yes,Yes,35,Credit Card,Weekly
55,47,Male,Coat,Outerwear,7990,New Mexico,M,Brown,Summer,4.2,Yes,Next Day Air,Yes,Yes,35,Debit Card,Bi-Weekly
56,40,Male,Jacket,Outerwear,2380,South Carolina,M,Lavender,Winter,3,Yes,2-Day Shipping,Yes,Yes,49,Credit Card,Annually
57,41,Male,Backpack,Accessories,6205,Mississippi,XL,Brown,Summer,4.7,Yes,Store Pickup,Yes,Yes,46,Credit Card,Weekly
58,21,Male,Coat,Outerwear,5440,Kerala,M,White,Summer,4.4,Yes,Store Pickup,Yes,Yes,17,Debit Card,Fortnightly
59,69,Male,Hoodie,Clothing,4590,Haryana,M,Charcoal,Summer,4.2,Yes,Free Shipping,Yes,Yes,29,PhonePe,Monthly
60,63,Male,Belt,Accessories,6715,Punjab,L,Yellow,Spring,4.6,Yes,Standard,Yes,Yes,4,Debit Card,Weekly
61,50,Male,Sweater,Clothing,3145,Idaho,L,Brown,Summer,4,Yes,Express,Yes,Yes,17,Cash,Weekly
62,55,Male,Scarf,Accessories,5780,Telangana,M,Orange,Winter,4.7,Yes,Store Pickup,Yes,Yes,21,Credit Card,Every 3 Months
63,30,Male,Sneakers,Footwear,1785,Mississippi,S,Magenta,Spring,3.8,Yes,Free Shipping,Yes,Yes,31,Credit Card,Fortnightly
64,33,Male,Sunglasses,Accessories,6715,Arizona,L,Lavender,Winter,2.7,Yes,2-Day Shipping,Yes,Yes,43,Credit Card,Weekly
65,65,Male,Boots,Footwear,7055,Alabama,S,Green,Fall,4.8,Yes,Standard,Yes,Yes,18,Debit Card,Fortnightly
66,65,Male,Backpack,Accessories,3060,New Jersey,M,Purple,Spring,4.8,Yes,2-Day Shipping,Yes,Yes,44,PhonePe,Every 3 Months
67,31,Male,Blouse,Clothing,7990,Pennsylvania,S,Magenta,Winter,4.7,Yes,2-Day Shipping,Yes,Yes,3,PhonePe,Every 3 Months
68,45,Male,Coat,Outerwear,2805,Connecticut,L,Gray,Winter,4.4,Yes,Store Pickup,Yes,Yes,49,Debit Card,Monthly
69,57,Male,Handbag,Accessories,3910,Utah,L,Silver,Summer,3.9,Yes,Next Day Air,Yes,Yes,21,Cash,Every 3 Months
70,48,Male,Belt,Accessories,5950,Tennessee,S,Cyan,Summer,4.4,Yes,Express,Yes,Yes,5,Cash,Weekly
71,22,Male,Belt,Accessories,2465,Alabama,M,Magenta,Fall,4.2,Yes,Express,Yes,Yes,32,Debit Card,Every 3 Months
72,36,Male,Dress,Clothing,4080,Kerala,L,Gold,Summer,2.9,Yes,Express,Yes,Yes,34,Net Banking,Annually
73,18,Male,Dress,Clothing,2210,Georgia,M,Olive,Winter,2.9,Yes,Store Pickup,Yes,Yes,21,Net Banking,Every 3 Months
74,48,Male,Pants,Clothing,7225,Hawaii,M,Teal,Spring,2.7,Yes,Free Shipping,Yes,Yes,43,Net Banking,Bi-Weekly
75,49,Male,Gloves,Accessories,4930,Indiana,L,Violet,Spring,4.5,Yes,Express,Yes,Yes,3,Cash,Monthly
76,64,Male,Scarf,Accessories,7225,Utah,M,Blue,Summer,2.7,Yes,Free Shipping,Yes,Yes,21,Credit Card,Annually
77,50,Male,Hat,Accessories,3655,Gujarat,S,Teal,Summer,4.2,Yes,Free Shipping,Yes,Yes,32,PhonePe,Monthly
78,22,Male,Dress,Clothing,4505,Gujarat,L,Gold,Summer,3.3,Yes,Next Day Air,Yes,Yes,36,Debit Card,Fortnightly
79,50,Male,Skirt,Clothing,7735,Nebraska,M,Maroon,Spring,4.7,Yes,Free Shipping,Yes,Yes,50,PhonePe,Fortnightly
80,38,Male,Jacket,Outerwear,8160,Assam,M,Olive,Winter,2.6,Yes,2-Day Shipping,Yes,Yes,43,Net Banking,Every 3 Months
81,19,Male,Sandals,Footwear,6120,New York,XL,Blue,Summer,,Yes,Store Pickup,Yes,Yes,24,Credit Card,Every 3 Months
82,67,Male,Shoes,Footwear,8160,Kerala,L,Maroon,Summer,2.6,Yes,Express,Yes,Yes,36,Credit Card,Every 3 Months
83,19,Male,Pants,Clothing,2380,Georgia,S,Olive,Spring,4,Yes,2-Day Shipping,Yes,Yes,21,Credit Card,Every 3 Months
84,36,Male,Dress,Clothing,3400,Telangana,M,Turquoise,Summer,4.1,Yes,Standard,Yes,Yes,34,Net Banking,Weekly
85,52,Male,Coat,Outerwear,2720,Arizona,S,Peach,Spring,4.4,Yes,Standard,Yes,Yes,42,Net Banking,Every 3 Months
86,53,Male,Sunglasses,Accessories,8075,New Mexico,M,Charcoal,Winter,4.5,Yes,Next Day Air,Yes,Yes,2,Debit Card,Bi-Weekly
87,24,Male,Hoodie,Clothing,3485,West Bengal,L,Pink,Spring,3.7,Yes,2-Day Shipping,Yes,Yes,47,Cash,Bi-Weekly
88,52,Male,Shoes,Footwear,4505,Ohio,M,Green,Fall,3.7,Yes,2-Day Shipping,Yes,Yes,44,Debit Card,Fortnightly
89,33,Male,T-shirt,Clothing,3995,Kerala,M,Orange,Fall,3.5,Yes,Free Shipping,Yes,Yes,35,Credit Card,Monthly
90,47,Male,Jacket,Outerwear,7055,Andhra Pradesh,XL,Pink,Fall,3.6,Yes,Next Day Air,Yes,Yes,15,Cash,Quarterly
91,25,Male,Hat,Accessories,4080,South Carolina,L,Violet,Summer,2.9,Yes,Express,Yes,Yes,29,Credit Card,Monthly
92,44,Male,Scarf,Accessories,8415,South Carolina,S,Green,Winter,4.6,Yes,Standard,Yes,Yes,18,Credit Card,Every 3 Months
93,61,Male,Jacket,Outerwear,7395,Telangana,M,Olive,Winter,4.4,Yes,2-Day Shipping,Yes,Yes,13,PhonePe,Every 3 Months
94,37,Male,Sweater,Clothing,5270,Tamil Nadu,M,Purple,Fall,4.5,Yes,Standard,Yes,Yes,46,Credit Card,Weekly
95,58,Male,Skirt,Clothing,6460,West Bengal,S,Silver,Spring,4.6,Yes,Free Shipping,Yes,Yes,28,Credit Card,Weekly
96,37,Male,Sneakers,Footwear,8500,Haryana,L,Pink,Fall,3.8,Yes,Free Shipping,Yes,Yes,48,Google Pay,Monthly
97,32,Male,Gloves,Accessories,6205,Gujarat,S,Gold,Spring,,Yes,Express,Yes,Yes,43,PhonePe,Every 3 Months
98,21,Male,Shoes,Footwear,7820,Kerala,M,Teal,Winter,4.8,Yes,Store Pickup,Yes,Yes,37,Cash,Annually
99,20,Male,Jeans,Clothing,5695,New York,XL,Teal,Spring,2.6,Yes,Next Day Air,Yes,Yes,20,Net Banking,Annually
100,26,Male,Hoodie,Clothing,3400,Haryana,XL,Indigo,Summer,3.7,Yes,Express,Yes,Yes,33,Debit Card,Quarterly
101,62,Male,Sunglasses,Accessories,8330,South Dakota,M,Maroon,Fall,2.7,Yes,Express,Yes,Yes,31,Cash,Fortnightly
102,27,Male,Coat,Outerwear,7225,North Dakota,XL,White,Spring,4.6,Yes,Express,Yes,Yes,50,Credit Card,Bi-Weekly
103,51,Male,Socks,Clothing,5695,Odisha,L,Violet,Winter,4.8,Yes,Next Day Air,Yes,Yes,35,Credit Card,Quarterly
104,54,Male,Boots,Footwear,7565,Kerala,L,Red,Winter,4,Yes,Next Day Air,Yes,Yes,22,PhonePe,Bi-Weekly
105,55,Male,Sunglasses,Accessories,2040,New Hampshire,L,Pink,Spring,4.4,Yes,2-Day Shipping,Yes,Yes,1,Google Pay,Monthly
106,69,Male,Backpack,Accessories,8160,New York,M,Charcoal,Fall,3.6,Yes,Next Day Air,Yes,Yes,4,Net Banking,Annually
107,64,Male,Jacket,Outerwear,2975,Minnesota,L,White,Summer,3.7,Yes,Standard,Yes,Yes,31,Credit Card,Monthly
108,28,Male,Sneakers,Footwear,5695,Maryland,L,Olive,Winter,3.1,Yes,Next Day Air,Yes,Yes,46,Google Pay,Fortnightly
109,70,Male,Socks,Clothing,6715,Maharastra,L,Purple,Spring,3.4,Yes,Next Day Air,Yes,Yes,32,Net Banking,Bi-Weekly
110,58,Male,T-shirt,Clothing,7225,Alabama,M,Violet,Spring,2.6,Yes,Next Day Air,Yes,Yes,43,Net Banking,Fortnightly
111,56,Male,Backpack,Accessories,2210,New York,M,Black,Summer,4,Yes,Standard,Yes,Yes,26,PhonePe,Fortnightly
112,26,Male,Belt,Accessories,6375,Telangana,L,Purple,Summer,5,Yes,Free Shipping,Yes,Yes,9,Credit Card,Annually
113,37,Male,Gloves,Accessories,5525,Tamil Nadu,M,Red,Spring,4.3,Yes,Free Shipping,Yes,Yes,28,Google Pay,Bi-Weekly
114,44,Male,Hat,Accessories,4590,New Jersey,L,Maroon,Winter,3.1,Yes,Next Day Air,Yes,Yes,20,Google Pay,Quarterly
115,70,Male,Coat,Outerwear,8075,Telangana,S,Blue,Summer,3.7,Yes,Store Pickup,Yes,Yes,9,Cash,Weekly
116,53,Male,Skirt,Clothing,7990,Kerala,M,Gray,Spring,3.8,Yes,Standard,Yes,Yes,48,Debit Card,Every 3 Months
117,55,Male,Shoes,Footwear,7310,Kerala,S,Blue,Spring,3.4,Yes,Free Shipping,Yes,Yes,12,PhonePe,Annually
118,50,Male,Sandals,Footwear,2720,South Dakota,L,Yellow,Summer,4.6,Yes,Express,Yes,Yes,29,Cash,Fortnightly
119,50,Male,Sweater,Clothing,3825,Karnataka,L,Orange,Fall,4.8,Yes,2-Day Shipping,Yes,Yes,27,Cash,Bi-Weekly
120,38,Male,Coat,Outerwear,6460,Kerala,M,Orange,Fall,4.3,Yes,Express,Yes,Yes,44,Cash,Annually
121,64,Male,Hat,Accessories,7140,Kerala,L,Red,Summer,4,Yes,Express,Yes,Yes,32,Net Banking,Annually
122,19,Male,Shorts,Clothing,6120,Kerala,M,Olive,Winter,4.2,Yes,Standard,Yes,Yes,11,Cash,Fortnightly
123,40,Male,Backpack,Accessories,3400,Washington,L,Brown,Spring,4.8,Yes,2-Day Shipping,Yes,Yes,44,Cash,Fortnightly
124,57,Male,Sweater,Clothing,7565,Punjab,L,Brown,Fall,3.1,Yes,Free Shipping,Yes,Yes,46,Cash,Weekly
125,44,Male,Sweater,Clothing,7310,West Bengal,M,Gray,Spring,3.1,Yes,Next Day Air,Yes,Yes,50,Google Pay,Annually
126,49,Male,Shorts,Clothing,4590,Andhra Pradesh,M,Indigo,Winter,3.6,Yes,Next Day Air,Yes,Yes,45,PhonePe,Every 3 Months
127,43,Male,Shorts,Clothing,3060,Mississippi,L,Pink,Spring,3.9,Yes,Store Pickup,Yes,Yes,48,Cash,Every 3 Months
128,24,Male,Sweater,Clothing,7565,Mississippi,M,Gray,Winter,4.8,Yes,Next Day Air,Yes,Yes,26,Credit Card,Weekly
129,20,Male,Scarf,Accessories,2720,Andhra Pradesh,M,Gold,Spring,4.7,Yes,Standard,Yes,Yes,21,Credit Card,Fortnightly
130,24,Male,Dress,Clothing,5695,Pennsylvania,XL,Olive,Summer,4.2,Yes,2-Day Shipping,Yes,Yes,49,Google Pay,Bi-Weekly
131,44,Male,Scarf,Accessories,3315,Karnataka,L,Violet,Fall,3.7,Yes,Next Day Air,Yes,Yes,13,Google Pay,Fortnightly
132,28,Male,Skirt,Clothing,2465,Andhra Pradesh,L,Indigo,Summer,3.9,Yes,Standard,Yes,Yes,46,Credit Card,Weekly
133,30,Male,Backpack,Accessories,4930,New Mexico,M,Orange,Fall,4.7,Yes,2-Day Shipping,Yes,Yes,42,Google Pay,Weekly
134,52,Male,Sweater,Clothing,5525,Maharastra,M,Violet,Winter,2.5,Yes,Next Day Air,Yes,Yes,25,PhonePe,Annually
135,43,Male,Hat,Accessories,7990,Telangana,L,Gray,Fall,4.9,Yes,Store Pickup,Yes,Yes,25,Cash,Monthly
136,43,Male,Sandals,Footwear,6885,Kansas,M,Purple,Fall,4.1,Yes,Express,Yes,Yes,12,Google Pay,Quarterly
137,39,Male,Blouse,Clothing,7310,South Carolina,M,White,Winter,3.3,Yes,Free Shipping,Yes,Yes,4,Debit Card,Quarterly
138,68,Male,Sneakers,Footwear,3655,Colorado,M,Turquoise,Spring,4.7,Yes,Free Shipping,Yes,Yes,38,Google Pay,Weekly
139,68,Male,Skirt,Clothing,2465,Georgia,M,Maroon,Winter,4.4,Yes,Store Pickup,Yes,Yes,42,Net Banking,Weekly
140,49,Male,Coat,Outerwear,8075,Tamil Nadu,M,White,Fall,3.8,Yes,Store Pickup,Yes,Yes,30,PhonePe,Annually
141,63,Male,Shirt,Clothing,2380,North Carolina,L,Yellow,Fall,3.9,Yes,2-Day Shipping,Yes,Yes,50,Credit Card,Weekly
142,56,Male,Gloves,Accessories,3910,Kerala,M,Turquoise,Fall,4.9,Yes,Free Shipping,Yes,Yes,45,Google Pay,Weekly
143,37,Male,Jacket,Outerwear,4930,Nebraska,L,Violet,Fall,3.1,Yes,Free Shipping,Yes,Yes,33,Credit Card,Fortnightly
144,30,Male,Coat,Outerwear,4080,Haryana,M,Beige,Fall,2.7,Yes,Store Pickup,Yes,Yes,25,Google Pay,Quarterly
145,19,Male,Shoes,Footwear,3655,New Jersey,M,Silver,Fall,3.2,Yes,Express,Yes,Yes,25,Cash,Monthly
146,24,Male,Jewelry,Accessories,8075,Haryana,M,Teal,Fall,4.5,Yes,Standard,Yes,Yes,44,Debit Card,Quarterly
147,52,Male,Skirt,Clothing,2550,Colorado,S,Black,Fall,4,Yes,Standard,Yes,Yes,21,PhonePe,Fortnightly
148,63,Male,Shoes,Footwear,5440,Idaho,M,Purple,Summer,3.5,Yes,2-Day Shipping,Yes,Yes,31,Net Banking,Fortnightly
149,37,Male,Gloves,Accessories,7650,Kerala,M,Gray,Fall,2.6,Yes,Store Pickup,Yes,Yes,47,Debit Card,Annually
150,38,Male,Pants,Clothing,6460,Gujarat,M,White,Summer,3.2,Yes,Free Shipping,Yes,Yes,14,Google Pay,Monthly
151,35,Male,Boots,Footwear,8160,Andhra Pradesh,L,Cyan,Fall,4.9,Yes,Standard,Yes,Yes,17,Debit Card,Every 3 Months
152,28,Male,Sunglasses,Accessories,3995,North Dakota,L,Turquoise,Fall,4.5,Yes,Next Day Air,Yes,Yes,3,PhonePe,Annually
153,30,Male,Shirt,Clothing,7225,South Carolina,S,Brown,Summer,4.3,Yes,Express,Yes,Yes,42,PhonePe,Annually
154,69,Male,Hoodie,Clothing,4675,North Carolina,M,Maroon,Winter,3.2,Yes,Standard,Yes,Yes,22,Debit Card,Annually
155,41,Male,Dress,Clothing,8330,Odisha,M,Charcoal,Fall,3.6,Yes,Next Day Air,Yes,Yes,21,PhonePe,Quarterly
156,63,Male,Socks,Clothing,6545,Andhra Pradesh,S,Olive,Spring,4.3,Yes,Free Shipping,Yes,Yes,21,Net Banking,Quarterly
157,35,Male,Shorts,Clothing,2210,Haryana,M,Lavender,Fall,4,Yes,Standard,Yes,Yes,40,Debit Card,Annually
158,36,Male,Hat,Accessories,5780,Vermont,S,Yellow,Fall,3,Yes,Next Day Air,Yes,Yes,1,Net Banking,Fortnightly
159,25,Male,Shirt,Clothing,6205,Connecticut,XL,Teal,Fall,4.1,Yes,Standard,Yes,Yes,50,Net Banking,Monthly
160,58,Male,Gloves,Accessories,2295,New Hampshire,M,Charcoal,Fall,3.8,Yes,Store Pickup,Yes,Yes,39,Net Banking,Every 3 Months
161,27,Male,Gloves,Accessories,1955,Telangana,M,Orange,Summer,4.6,Yes,Free Shipping,Yes,Yes,34,PhonePe,Monthly
162,65,Male,Backpack,Accessories,4165,North Dakota,M,Olive,Fall,3,Yes,Express,Yes,Yes,29,PhonePe,Fortnightly
163,54,Male,Sunglasses,Accessories,6290,Andhra Pradesh,M,Turquoise,Summer,3,Yes,Store Pickup,Yes,Yes,31,Google Pay,Bi-Weekly
164,54,Male,Skirt,Clothing,5695,Kerala,M,Purple,Summer,3.4,Yes,Standard,Yes,Yes,8,Debit Card,Weekly
165,59,Male,Handbag,Accessories,5525,Gujarat,S,Purple,Spring,2.6,Yes,Free Shipping,Yes,Yes,5,Credit Card,Fortnightly
166,42,Male,Handbag,Accessories,5100,Karnataka,S,Yellow,Winter,2.8,Yes,Store Pickup,Yes,Yes,7,Cash,Monthly
167,46,Male,Sneakers,Footwear,2635,Gujarat,XL,Indigo,Fall,4,Yes,Store Pickup,Yes,Yes,30,Cash,Monthly
168,33,Male,Gloves,Accessories,2295,Rajasthan,M,Green,Fall,4,Yes,Express,Yes,Yes,14,Credit Card,Every 3 Months
169,34,Male,Shoes,Footwear,6800,Punjab,M,Magenta,Summer,3,Yes,Express,Yes,Yes,5,Cash,Fortnightly
170,27,Male,Jacket,Outerwear,2550,West Bengal,S,Gold,Summer,3.3,Yes,Standard,Yes,Yes,3,Google Pay,Every 3 Months
171,52,Male,Shirt,Clothing,2125,Kerala,M,Maroon,Fall,2.6,Yes,Store Pickup,Yes,Yes,46,PhonePe,Bi-Weekly
172,29,Male,Shorts,Clothing,2975,Kerala,M,Blue,Summer,3.6,Yes,Store Pickup,Yes,Yes,4,Credit Card,Weekly
173,54,Male,Jewelry,Accessories,5695,Nebraska,M,Violet,Summer,3.9,Yes,Next Day Air,Yes,Yes,42,Credit Card,Bi-Weekly
174,25,Male,Hat,Accessories,3910,Hawaii,M,Turquoise,Fall,3.4,Yes,Standard,Yes,Yes,30,Cash,Annually
175,41,Male,Shoes,Footwear,2975,Vermont,L,Brown,Winter,3.5,Yes,Express,Yes,Yes,37,PhonePe,Annually
176,53,Male,Coat,Outerwear,7310,Odisha,L,Violet,Fall,2.8,Yes,Next Day Air,Yes,Yes,2,Net Banking,Annually
177,53,Male,Backpack,Accessories,6885,New Hampshire,L,Black,Spring,2.7,Yes,Next Day Air,Yes,Yes,30,Credit Card,Quarterly
178,21,Male,Hoodie,Clothing,3570,Kansas,L,Magenta,Fall,3.7,Yes,Next Day Air,Yes,Yes,47,Net Banking,Monthly
179,61,Male,Skirt,Clothing,3655,Idaho,L,Lavender,Fall,4.3,Yes,2-Day Shipping,Yes,Yes,21,Google Pay,Quarterly
180,64,Male,Boots,Footwear,2635,Bihar,M,Violet,Fall,4.9,Yes,Store Pickup,Yes,Yes,9,Net Banking,Fortnightly
181,51,Male,Sandals,Footwear,6885,South Dakota,L,Green,Fall,3.3,Yes,Store Pickup,Yes,Yes,12,Debit Card,Fortnightly
182,32,Male,Pants,Clothing,5185,Telangana,M,Beige,Summer,4.7,Yes,Next Day Air,Yes,Yes,4,Net Banking,Weekly
183,38,Male,Gloves,Accessories,8160,Alabama,XL,Purple,Summer,2.8,Yes,Store Pickup,Yes,Yes,10,Debit Card,Annually
184,58,Male,Skirt,Clothing,2465,Ohio,XL,Beige,Spring,3.6,Yes,2-Day Shipping,Yes,Yes,26,Credit Card,Weekly
185,32,Male,Sneakers,Footwear,2805,Hawaii,L,Cyan,Spring,3,Yes,Express,Yes,Yes,40,Cash,Fortnightly
186,46,Male,T-shirt,Clothing,2720,Wisconsin,XL,Silver,Summer,4.5,Yes,Store Pickup,Yes,Yes,34,Net Banking,Fortnightly
187,39,Male,Backpack,Accessories,4760,Minnesota,S,Lavender,Summer,2.9,Yes,Standard,Yes,Yes,31,Debit Card,Annually
188,19,Male,Shoes,Footwear,7990,Georgia,S,Purple,Spring,3.3,Yes,Store Pickup,Yes,Yes,1,Net Banking,Bi-Weekly
189,50,Male,Hoodie,Clothing,4505,Rajasthan,M,Pink,Spring,3.1,Yes,Express,Yes,Yes,5,Net Banking,Bi-Weekly
190,36,Male,Blouse,Clothing,6970,Kerala,M,Maroon,Fall,4.4,Yes,Next Day Air,Yes,Yes,4,Credit Card,Weekly
191,65,Male,Coat,Outerwear,5950,Indiana,XL,Beige,Fall,3,Yes,Free Shipping,Yes,Yes,48,PhonePe,Quarterly
192,64,Male,Hat,Accessories,6460,Utah,M,Gray,Fall,3.9,Yes,Free Shipping,Yes,Yes,29,Cash,Every 3 Months
193,46,Male,Shoes,Footwear,2465,Nebraska,L,Turquoise,Summer,2.9,Yes,Express,Yes,Yes,12,Google Pay,Bi-Weekly
194,36,Male,Belt,Accessories,8500,North Dakota,S,Silver,Fall,3,Yes,Standard,Yes,Yes,29,PhonePe,Annually
195,51,Male,Backpack,Accessories,7990,Haryana,M,Olive,Spring,3.1,Yes,Express,Yes,Yes,15,Debit Card,Quarterly
196,51,Male,Jacket,Outerwear,2125,New York,M,Magenta,Fall,4.3,Yes,Free Shipping,Yes,Yes,34,Credit Card,Monthly
197,38,Male,Boots,Footwear,7480,Washington,M,Lavender,Summer,3.9,Yes,Next Day Air,Yes,Yes,41,Credit Card,Fortnightly
198,59,Male,Scarf,Accessories,6630,South Carolina,M,Black,Fall,3.2,Yes,2-Day Shipping,Yes,Yes,41,Credit Card,Monthly
199,57,Male,Jewelry,Accessories,3825,Utah,M,Turquoise,Winter,4.8,Yes,Standard,Yes,Yes,39,Credit Card,Fortnightly
200,54,Male,Hat,Accessories,6205,Idaho,XL,Green,Summer,3.8,Yes,Express,Yes,Yes,32,Cash,Weekly
201,25,Male,Dress,Clothing,5185,Pennsylvania,S,Teal,Summer,3.3,Yes,Next Day Air,Yes,Yes,29,PhonePe,Monthly
202,69,Male,Blouse,Clothing,1870,Haryana,S,Beige,Fall,4.3,Yes,Free Shipping,Yes,Yes,15,Net Banking,Annually
203,57,Male,Hat,Accessories,3230,Nebraska,L,Magenta,Spring,2.7,Yes,Express,Yes,Yes,33,PhonePe,Annually
204,70,Male,Scarf,Accessories,3230,Indiana,S,Yellow,Fall,3.2,Yes,Next Day Air,Yes,Yes,18,Net Banking,Weekly
205,24,Male,Sneakers,Footwear,8500,Arizona,M,Yellow,Fall,4,Yes,Store Pickup,Yes,Yes,35,Cash,Bi-Weekly
206,67,Male,Shirt,Clothing,5440,Hawaii,M,Silver,Winter,3,Yes,Standard,Yes,Yes,25,Google Pay,Weekly
207,24,Male,T-shirt,Clothing,4675,Wisconsin,L,Silver,Summer,4.2,Yes,Free Shipping,Yes,Yes,6,PhonePe,Fortnightly
208,62,Male,Gloves,Accessories,7735,Karnataka,M,Silver,Summer,2.9,Yes,Express,Yes,Yes,17,Net Banking,Bi-Weekly
209,57,Male,Skirt,Clothing,3230,Wisconsin,M,Gold,Spring,4.1,Yes,Store Pickup,Yes,Yes,17,Credit Card,Monthly
210,55,Male,Sandals,Footwear,8245,Minnesota,S,Olive,Winter,3.2,Yes,Store Pickup,Yes,Yes,44,Cash,Every 3 Months
211,45,Male,Jacket,Outerwear,1870,Vermont,L,Teal,Fall,3,Yes,2-Day Shipping,Yes,Yes,6,Google Pay,Fortnightly
212,69,Male,Skirt,Clothing,7820,South Dakota,L,Maroon,Fall,4.2,Yes,2-Day Shipping,Yes,Yes,45,Debit Card,Fortnightly
213,67,Male,Handbag,Accessories,7140,Kerala,L,Blue,Fall,4.2,Yes,Express,Yes,Yes,7,Debit Card,Annually
214,30,Male,Handbag,Accessories,7905,West Bengal,L,Peach,Fall,4.4,Yes,Store Pickup,Yes,Yes,11,Debit Card,Every 3 Months
215,24,Male,Jacket,Outerwear,4250,Hawaii,L,Blue,Summer,4.2,Yes,Next Day Air,Yes,Yes,41,Cash,Every 3 Months
216,62,Male,Scarf,Accessories,5440,New Jersey,S,Orange,Spring,2.8,Yes,2-Day Shipping,Yes,Yes,24,Google Pay,Bi-Weekly
217,43,Male,Shorts,Clothing,5185,Telangana,L,Yellow,Spring,3.7,Yes,Free Shipping,Yes,Yes,21,PhonePe,Weekly
218,35,Male,Sunglasses,Accessories,4080,Odisha,M,Purple,Winter,3.5,Yes,Next Day Air,Yes,Yes,24,Net Banking,Annually
219,28,Male,T-shirt,Clothing,3825,Andhra Pradesh,S,Magenta,Spring,2.9,Yes,Store Pickup,Yes,Yes,8,Credit Card,Quarterly
220,32,Male,Belt,Accessories,7480,West Bengal,M,Cyan,Spring,3,Yes,Free Shipping,Yes,Yes,12,Cash,Fortnightly
221,39,Male,Sneakers,Footwear,4845,Arizona,S,Indigo,Spring,3.7,Yes,Express,Yes,Yes,48,Debit Card,Fortnightly
222,28,Male,Hat,Accessories,5780,North Carolina,XL,Magenta,Summer,4.4,Yes,Store Pickup,Yes,Yes,6,Net Banking,Quarterly
223,47,Male,Gloves,Accessories,7990,New York,XL,Gray,Spring,4.5,Yes,2-Day Shipping,Yes,Yes,14,Google Pay,Fortnightly
224,20,Male,Pants,Clothing,3485,Kerala,M,Turquoise,Spring,4.8,Yes,Free Shipping,Yes,Yes,34,Google Pay,Annually
225,63,Male,Socks,Clothing,7055,South Dakota,S,Beige,Summer,2.9,Yes,Free Shipping,Yes,Yes,12,Cash,Every 3 Months
226,25,Male,Jacket,Outerwear,1870,Rajasthan,M,Olive,Spring,3.2,Yes,Next Day Air,Yes,Yes,11,Net Banking,Annually
227,29,Male,Shoes,Footwear,6290,Telangana,L,Violet,Spring,3.3,Yes,Free Shipping,Yes,Yes,5,Google Pay,Monthly
228,50,Male,Jeans,Clothing,7650,Karnataka,M,Turquoise,Winter,4.2,Yes,Standard,Yes,Yes,25,PhonePe,Fortnightly
229,18,Male,Socks,Clothing,6715,New Hampshire,M,White,Spring,2.9,Yes,Store Pickup,Yes,Yes,11,Credit Card,Annually
230,70,Male,Sandals,Footwear,2380,Ohio,S,Silver,Spring,4.6,Yes,Next Day Air,Yes,Yes,27,Google Pay,Every 3 Months
231,66,Male,Scarf,Accessories,7480,Utah,L,Olive,Fall,4.1,Yes,Standard,Yes,Yes,43,Credit Card,Annually
232,28,Male,Blouse,Clothing,2210,Tennessee,M,Blue,Spring,3.1,Yes,2-Day Shipping,Yes,Yes,18,Debit Card,Every 3 Months
233,54,Male,Jewelry,Accessories,2295,Hawaii,L,Purple,Winter,4.2,Yes,Express,Yes,Yes,32,Net Banking,Bi-Weekly
234,19,Male,Sweater,Clothing,7055,Arizona,XL,Yellow,Fall,4.5,Yes,Next Day Air,Yes,Yes,27,Net Banking,Every 3 Months
235,20,Male,Gloves,Accessories,3315,South Dakota,S,Silver,Summer,3.7,Yes,Next Day Air,Yes,Yes,24,Credit Card,Weekly
236,43,Male,Sunglasses,Accessories,7565,New Jersey,M,Cyan,Winter,3.7,Yes,Free Shipping,Yes,Yes,31,Debit Card,Quarterly
237,38,Male,Coat,Outerwear,5780,North Dakota,L,Green,Winter,3.4,Yes,Next Day Air,Yes,Yes,39,Google Pay,Fortnightly
238,50,Male,Dress,Clothing,7650,Assam,M,Beige,Summer,3,Yes,Store Pickup,Yes,Yes,36,Debit Card,Fortnightly
239,64,Male,Skirt,Clothing,2890,Ohio,M,Peach,Fall,4.2,Yes,Free Shipping,Yes,Yes,5,Cash,Annually
240,49,Male,Pants,Clothing,4335,Vermont,L,Yellow,Summer,2.9,Yes,Express,Yes,Yes,47,Credit Card,Bi-Weekly
241,47,Male,Sweater,Clothing,3825,Maharastra,XL,Turquoise,Winter,3.5,Yes,Free Shipping,Yes,Yes,29,Net Banking,Fortnightly
242,36,Male,Hoodie,Clothing,7480,Gujarat,M,Peach,Winter,4.1,Yes,Free Shipping,Yes,Yes,43,PhonePe,Bi-Weekly
243,55,Male,Coat,Outerwear,7225,New York,L,Gray,Summer,4.3,Yes,Store Pickup,Yes,Yes,40,Debit Card,Every 3 Months
244,25,Male,Jewelry,Accessories,8500,Karnataka,M,Olive,Winter,2.8,Yes,2-Day Shipping,Yes,Yes,4,Debit Card,Monthly
245,53,Male,Belt,Accessories,3570,Tamil Nadu,S,Indigo,Spring,4.9,Yes,2-Day Shipping,Yes,Yes,39,Google Pay,Weekly
246,49,Male,Sandals,Footwear,4505,Karnataka,L,Charcoal,Summer,3.3,Yes,Next Day Air,Yes,Yes,45,PhonePe,Fortnightly
247,35,Male,Sunglasses,Accessories,7310,West Bengal,XL,Beige,Spring,3.2,Yes,Express,Yes,Yes,20,PhonePe,Bi-Weekly
248,29,Male,Sweater,Clothing,5610,Maharastra,XL,Brown,Spring,4.4,Yes,Standard,Yes,Yes,14,Debit Card,Weekly
249,47,Male,Belt,Accessories,8500,Pennsylvania,M,Blue,Winter,4.8,Yes,Express,Yes,Yes,33,Google Pay,Weekly
250,53,Male,Handbag,Accessories,3995,Alaska,S,Teal,Fall,4.2,Yes,Standard,Yes,Yes,18,Credit Card,Annually
251,33,Male,Skirt,Clothing,2125,Mississippi,L,Black,Fall,4,Yes,Express,Yes,Yes,9,Net Banking,Weekly
252,21,Male,Handbag,Accessories,4335,Kerala,XL,Gold,Winter,2.5,Yes,Standard,Yes,Yes,34,Google Pay,Annually
253,32,Male,Shorts,Clothing,3485,Gujarat,M,Violet,Summer,3.9,Yes,Free Shipping,Yes,Yes,33,PhonePe,Fortnightly
254,52,Male,Boots,Footwear,6205,Odisha,L,Cyan,Winter,4.9,Yes,2-Day Shipping,Yes,Yes,15,Net Banking,Bi-Weekly
255,67,Male,Sunglasses,Accessories,3570,Indiana,M,White,Winter,3.5,Yes,Store Pickup,Yes,Yes,4,Google Pay,Bi-Weekly
256,43,Male,Scarf,Accessories,1700,Maryland,M,Charcoal,Spring,4.2,Yes,Free Shipping,Yes,Yes,25,Debit Card,Annually
257,58,Male,Jewelry,Accessories,2550,South Dakota,XL,Violet,Spring,4.7,Yes,Express,Yes,Yes,20,Credit Card,Every 3 Months
258,20,Male,Handbag,Accessories,4505,Kerala,M,Red,Summer,4.5,Yes,Express,Yes,Yes,5,Credit Card,Quarterly
259,61,Male,Gloves,Accessories,6290,Alabama,S,Lavender,Spring,2.8,Yes,Express,Yes,Yes,16,Cash,Quarterly
260,32,Male,Jeans,Clothing,4845,Punjab,M,Gold,Fall,2.9,Yes,Standard,Yes,Yes,13,Debit Card,Annually
261,38,Male,Hat,Accessories,4845,Maharastra,S,Red,Winter,3.2,Yes,2-Day Shipping,Yes,Yes,11,Credit Card,Every 3 Months
262,21,Male,Jeans,Clothing,6545,Andhra Pradesh,L,Magenta,Winter,4.9,Yes,Standard,Yes,Yes,21,Credit Card,Annually
263,37,Male,Pants,Clothing,3400,Hawaii,M,Teal,Summer,,Yes,Next Day Air,Yes,Yes,6,Debit Card,Annually
264,27,Male,Shorts,Clothing,3910,Assam,M,Purple,Summer,4.3,Yes,Store Pickup,Yes,Yes,29,PhonePe,Monthly
265,36,Male,Pants,Clothing,6630,Colorado,S,Charcoal,Fall,3.9,Yes,Store Pickup,Yes,Yes,15,Cash,Annually
266,32,Male,Backpack,Accessories,5015,Michigan,M,Gray,Spring,3.2,Yes,2-Day Shipping,Yes,Yes,17,Net Banking,Bi-Weekly
267,51,Male,Jewelry,Accessories,6375,Punjab,L,White,Summer,3.1,Yes,Express,Yes,Yes,32,Credit Card,Weekly
268,64,Male,Sweater,Clothing,4590,Maryland,M,Olive,Spring,3.9,Yes,2-Day Shipping,Yes,Yes,42,PhonePe,Annually
269,68,Male,Shoes,Footwear,3570,Georgia,M,Charcoal,Spring,2.6,Yes,Store Pickup,Yes,Yes,21,Cash,Monthly
270,68,Male,Blouse,Clothing,3740,Georgia,M,Charcoal,Winter,3.3,Yes,Next Day Air,Yes,Yes,9,Cash,Bi-Weekly
271,33,Male,Jeans,Clothing,4420,North Dakota,XL,Orange,Fall,4.6,Yes,Free Shipping,Yes,Yes,16,Net Banking,Annually
272,65,Male,Sunglasses,Accessories,5865,Maryland,XL,Yellow,Summer,4.6,Yes,Express,Yes,Yes,42,Credit Card,Fortnightly
273,48,Male,Jewelry,Accessories,2210,Tamil Nadu,M,Beige,Summer,4.4,Yes,2-Day Shipping,Yes,Yes,37,Debit Card,Bi-Weekly
274,69,Male,Coat,Outerwear,2805,North Dakota,S,Silver,Spring,4.2,Yes,Express,Yes,Yes,32,Debit Card,Quarterly
275,59,Male,Jewelry,Accessories,2720,Maryland,M,Indigo,Spring,3,Yes,Express,Yes,Yes,28,Cash,Bi-Weekly
276,48,Male,Backpack,Accessories,7225,Kerala,XL,Lavender,Winter,4,Yes,Express,Yes,Yes,13,Credit Card,Weekly
277,25,Male,Skirt,Clothing,2550,South Dakota,XL,Turquoise,Fall,3.5,Yes,Express,Yes,Yes,11,Net Banking,Fortnightly
278,29,Male,Shirt,Clothing,2465,Georgia,M,Green,Winter,3,Yes,Store Pickup,Yes,Yes,36,Net Banking,Bi-Weekly
279,57,Male,Sweater,Clothing,8075,Hawaii,M,Orange,Spring,3.7,Yes,Express,Yes,Yes,23,Debit Card,Annually
280,23,Male,Sneakers,Footwear,5865,Rajasthan,L,Turquoise,Summer,4,Yes,Standard,Yes,Yes,37,Net Banking,Monthly
281,45,Male,Sandals,Footwear,5865,Maharastra,S,Cyan,Fall,4.2,Yes,2-Day Shipping,Yes,Yes,21,Cash,Bi-Weekly
282,38,Male,Belt,Accessories,5185,Odisha,XL,Charcoal,Spring,2.5,Yes,Standard,Yes,Yes,22,Debit Card,Bi-Weekly
283,21,Male,Skirt,Clothing,7990,Minnesota,M,Teal,Summer,3,Yes,2-Day Shipping,Yes,Yes,9,Cash,Monthly
284,32,Male,Sweater,Clothing,2550,Maharastra,S,Maroon,Fall,3.2,Yes,Next Day Air,Yes,Yes,16,PhonePe,Annually
285,63,Male,Skirt,Clothing,3825,Ohio,M,Red,Summer,3.5,Yes,Standard,Yes,Yes,4,Google Pay,Quarterly
286,29,Male,Handbag,Accessories,3315,Karnataka,XL,Yellow,Summer,4.8,Yes,Express,Yes,Yes,3,Debit Card,Bi-Weekly
287,27,Male,Jewelry,Accessories,4335,Nebraska,L,Gray,Summer,2.6,Yes,Store Pickup,Yes,Yes,6,Debit Card,Annually
288,56,Male,Scarf,Accessories,3145,Gujarat,L,Blue,Spring,3.4,Yes,2-Day Shipping,Yes,Yes,18,PhonePe,Fortnightly
289,30,Male,T-shirt,Clothing,5270,North Carolina,M,Lavender,Winter,3.7,Yes,2-Day Shipping,Yes,Yes,34,PhonePe,Bi-Weekly
290,49,Male,Coat,Outerwear,7225,New York,M,Yellow,Fall,4.5,Yes,2-Day Shipping,Yes,Yes,26,Credit Card,Monthly
291,58,Male,T-shirt,Clothing,2805,Colorado,M,Indigo,Winter,3.7,Yes,Standard,Yes,Yes,50,Google Pay,Weekly
292,57,Male,Dress,Clothing,2210,Gujarat,XL,Violet,Fall,3.3,Yes,Next Day Air,Yes,Yes,40,Net Banking,Monthly
293,60,Male,Shoes,Footwear,8415,Utah,M,Green,Spring,4.7,Yes,Free Shipping,Yes,Yes,24,Cash,Quarterly
294,69,Male,Handbag,Accessories,3315,Connecticut,M,White,Spring,2.7,Yes,Express,Yes,Yes,33,Google Pay,Annually
295,70,Male,Skirt,Clothing,1700,New Jersey,M,Gold,Spring,4.6,Yes,Store Pickup,Yes,Yes,19,Credit Card,Every 3 Months
296,53,Male,Sunglasses,Accessories,3570,Kerala,M,Indigo,Winter,2.7,Yes,Store Pickup,Yes,Yes,24,Credit Card,Quarterly
297,25,Male,Sandals,Footwear,6290,Indiana,S,Lavender,Spring,4.8,Yes,2-Day Shipping,Yes,Yes,19,Credit Card,Weekly
298,48,Male,Shoes,Footwear,2210,Gujarat,XL,Purple,Summer,4.4,Yes,Standard,Yes,Yes,4,Credit Card,Bi-Weekly
299,69,Male,T-shirt,Clothing,4505,Maryland,M,Lavender,Winter,4,Yes,Standard,Yes,Yes,11,PhonePe,Every 3 Months
300,25,Male,Sneakers,Footwear,6800,Pennsylvania,M,Maroon,Summer,3.2,Yes,Next Day Air,Yes,Yes,28,Google Pay,Fortnightly
301,29,Male,Hat,Accessories,8330,Assam,M,Teal,Spring,4.4,Yes,Store Pickup,Yes,Yes,24,Google Pay,Weekly
302,46,Male,Skirt,Clothing,8075,Pennsylvania,M,Green,Spring,3.8,Yes,Standard,Yes,Yes,25,Credit Card,Every 3 Months
303,37,Male,Sweater,Clothing,3740,Gujarat,L,Olive,Summer,3.6,Yes,Express,Yes,Yes,27,Net Banking,Every 3 Months
304,20,Male,Sandals,Footwear,5100,Tamil Nadu,M,Turquoise,Summer,3.3,Yes,Next Day Air,Yes,Yes,49,PhonePe,Weekly
305,40,Male,Dress,Clothing,7140,Tamil Nadu,M,Green,Winter,3.4,Yes,Next Day Air,Yes,Yes,45,Credit Card,Bi-Weekly
306,60,Male,Sweater,Clothing,5015,Utah,M,Teal,Fall,3.5,Yes,2-Day Shipping,Yes,Yes,26,Google Pay,Annually
307,26,Male,Jacket,Outerwear,4165,North Dakota,S,White,Summer,3.6,Yes,Express,Yes,Yes,4,Cash,Annually
308,29,Male,Gloves,Accessories,2720,Tamil Nadu,M,Orange,Winter,3.2,Yes,Free Shipping,Yes,Yes,3,Credit Card,Every 3 Months
309,66,Male,Handbag,Accessories,2465,Maryland,M,Beige,Fall,3.7,Yes,Standard,Yes,Yes,45,PhonePe,Bi-Weekly
310,66,Male,Dress,Clothing,1870,Minnesota,M,Yellow,Spring,4.5,Yes,Standard,Yes,Yes,21,Cash,Fortnightly
311,56,Male,Pants,Clothing,7225,Maharastra,M,Charcoal,Winter,4.6,Yes,Standard,Yes,Yes,50,Cash,Fortnightly
312,69,Male,Jeans,Clothing,4420,Karnataka,L,Silver,Winter,4.1,Yes,Store Pickup,Yes,Yes,19,Net Banking,Monthly
313,38,Male,Pants,Clothing,7565,Telangana,L,Green,Spring,3.4,Yes,Next Day Air,Yes,Yes,6,Google Pay,Annually
314,42,Male,Dress,Clothing,6545,Vermont,M,Pink,Spring,3.7,Yes,Express,Yes,Yes,50,Credit Card,Every 3 Months
315,30,Male,Pants,Clothing,2040,New Jersey,M,Purple,Summer,3.3,Yes,Store Pickup,Yes,Yes,17,Debit Card,Every 3 Months
316,66,Male,Jewelry,Accessories,2040,Wisconsin,XL,Orange,Spring,4.5,Yes,Express,Yes,Yes,24,Debit Card,Annually
317,36,Male,Handbag,Accessories,1870,Andhra Pradesh,M,Charcoal,Fall,3.3,Yes,Free Shipping,Yes,Yes,46,PhonePe,Monthly
318,58,Male,Sweater,Clothing,6970,Kerala,L,Teal,Fall,4.3,Yes,Standard,Yes,Yes,42,Cash,Every 3 Months
319,45,Male,Backpack,Accessories,5695,South Dakota,M,Beige,Winter,2.5,Yes,Standard,Yes,Yes,10,Cash,Annually
320,47,Male,Shorts,Clothing,6290,Andhra Pradesh,XL,White,Spring,2.6,Yes,Standard,Yes,Yes,1,Cash,Every 3 Months
321,66,Male,Jewelry,Accessories,6120,Kansas,L,White,Summer,4.9,Yes,Standard,Yes,Yes,28,Debit Card,Quarterly
322,41,Male,Sneakers,Footwear,3060,Vermont,L,Orange,Summer,4.7,Yes,Free Shipping,Yes,Yes,48,Debit Card,Quarterly
323,41,Male,Belt,Accessories,8075,Tennessee,S,Cyan,Winter,3,Yes,Standard,Yes,Yes,47,Credit Card,Monthly
324,66,Male,Hoodie,Clothing,6630,Tennessee,M,Orange,Winter,3.5,Yes,Next Day Air,Yes,Yes,29,Google Pay,Bi-Weekly
325,37,Male,Shirt,Clothing,6970,Kerala,M,Olive,Summer,4.8,Yes,Standard,Yes,Yes,37,PhonePe,Quarterly
326,70,Male,Pants,Clothing,5950,Vermont,M,Charcoal,Winter,4.3,Yes,Free Shipping,Yes,Yes,38,Debit Card,Annually
327,62,Male,Scarf,Accessories,3485,New Jersey,M,White,Fall,3.2,Yes,Store Pickup,Yes,Yes,48,Net Banking,Weekly
328,61,Male,Coat,Outerwear,3570,Assam,M,Teal,Summer,3.1,Yes,Free Shipping,Yes,Yes,36,Google Pay,Weekly
329,48,Male,Coat,Outerwear,4250,Tamil Nadu,M,Yellow,Fall,2.8,Yes,Free Shipping,Yes,Yes,9,Credit Card,Weekly
330,70,Male,Socks,Clothing,2635,West Bengal,S,White,Summer,2.9,Yes,2-Day Shipping,Yes,Yes,34,Net Banking,Monthly
331,46,Male,Sweater,Clothing,4335,North Dakota,M,Beige,Winter,,Yes,Express,Yes,Yes,43,PhonePe,Bi-Weekly
332,31,Male,Shirt,Clothing,8330,Tamil Nadu,L,Beige,Fall,3.3,Yes,Store Pickup,Yes,Yes,46,Google Pay,Quarterly
333,19,Male,Shirt,Clothing,7310,New York,M,Maroon,Winter,2.8,Yes,2-Day Shipping,Yes,Yes,5,Credit Card,Monthly
334,39,Male,Sweater,Clothing,5440,Alaska,M,Teal,Winter,4.5,Yes,Standard,Yes,Yes,15,Net Banking,Bi-Weekly
335,41,Male,Blouse,Clothing,3910,Kansas,M,Lavender,Fall,2.6,Yes,Next Day Air,Yes,Yes,30,Credit Card,Annually
336,20,Male,Sweater,Clothing,7225,Tamil Nadu,L,Maroon,Spring,3.7,Yes,Standard,Yes,Yes,44,PhonePe,Every 3 Months
337,36,Male,Hat,Accessories,6885,Karnataka,S,Orange,Fall,4.4,Yes,Express,Yes,Yes,16,Google Pay,Annually
338,32,Male,Sweater,Clothing,5015,New Mexico,M,Cyan,Winter,4.3,Yes,2-Day Shipping,Yes,Yes,16,Net Banking,Annually
339,69,Male,Hoodie,Clothing,6715,Telangana,M,Silver,Winter,3.5,Yes,Express,Yes,Yes,16,Cash,Weekly
340,40,Male,Shorts,Clothing,2805,Pennsylvania,M,Teal,Spring,3.8,Yes,2-Day Shipping,Yes,Yes,21,Credit Card,Every 3 Months
341,40,Male,Shorts,Clothing,3995,New Jersey,L,Blue,Summer,3.5,Yes,Express,Yes,Yes,39,PhonePe,Every 3 Months
342,20,Male,Hat,Accessories,1700,Utah,S,Blue,Summer,4.6,Yes,Store Pickup,Yes,Yes,40,Debit Card,Bi-Weekly
343,64,Male,Coat,Outerwear,3060,Karnataka,M,Olive,Spring,2.6,Yes,Next Day Air,Yes,Yes,48,Credit Card,Every 3 Months
344,27,Male,Sandals,Footwear,3315,Nebraska,M,Purple,Summer,4.4,Yes,Next Day Air,Yes,Yes,26,PhonePe,Monthly
345,24,Male,Skirt,Clothing,6035,Kerala,M,Charcoal,Winter,4,Yes,Standard,Yes,Yes,46,Debit Card,Monthly
346,48,Male,Shoes,Footwear,5015,Kerala,S,Olive,Winter,4.4,Yes,Next Day Air,Yes,Yes,27,Net Banking,Annually
347,49,Male,Jeans,Clothing,4250,New Mexico,L,Violet,Spring,4.7,Yes,Next Day Air,Yes,Yes,5,Cash,Weekly
348,36,Male,Sandals,Footwear,3485,Tamil Nadu,L,Red,Fall,3.9,Yes,Store Pickup,Yes,Yes,43,Google Pay,Fortnightly
349,56,Male,Blouse,Clothing,5015,South Carolina,M,Beige,Fall,2.7,Yes,Free Shipping,Yes,Yes,17,Google Pay,Fortnightly
350,37,Male,Hat,Accessories,7395,Arizona,M,Green,Winter,3.7,Yes,2-Day Shipping,Yes,Yes,3,Net Banking,Bi-Weekly
351,42,Male,Sweater,Clothing,5780,Karnataka,M,Violet,Spring,2.6,Yes,2-Day Shipping,Yes,Yes,47,Net Banking,Fortnightly
352,28,Male,Skirt,Clothing,7650,New York,M,Teal,Winter,3.9,Yes,Standard,Yes,Yes,24,Debit Card,Bi-Weekly
353,27,Male,Jeans,Clothing,6035,Telangana,XL,Yellow,Fall,4.9,Yes,Next Day Air,Yes,Yes,12,Cash,Every 3 Months
354,63,Male,Sneakers,Footwear,5440,Haryana,L,Yellow,Fall,4.1,Yes,Store Pickup,Yes,Yes,35,Debit Card,Monthly
355,58,Male,Jewelry,Accessories,6460,Pennsylvania,S,Olive,Fall,3,Yes,Free Shipping,Yes,Yes,42,PhonePe,Weekly
356,37,Male,Jewelry,Accessories,3570,Tamil Nadu,XL,Magenta,Fall,4.1,Yes,2-Day Shipping,Yes,Yes,1,Google Pay,Every 3 Months
357,56,Male,Pants,Clothing,6800,West Bengal,L,Black,Spring,,Yes,Standard,Yes,Yes,27,Cash,Weekly
358,18,Male,Belt,Accessories,4760,Rajasthan,M,Olive,Spring,4,Yes,Standard,Yes,Yes,16,Credit Card,Bi-Weekly
359,48,Male,Hat,Accessories,2125,Minnesota,XL,Magenta,Summer,3.6,Yes,Express,Yes,Yes,36,Credit Card,Every 3 Months
360,31,Male,Sneakers,Footwear,6290,Georgia,M,Olive,Winter,3,Yes,Store Pickup,Yes,Yes,30,Credit Card,Every 3 Months
361,51,Male,Pants,Clothing,2550,Karnataka,M,Teal,Summer,3,Yes,Standard,Yes,Yes,18,Debit Card,Fortnightly
362,65,Male,T-shirt,Clothing,8160,West Bengal,M,White,Spring,2.6,Yes,Free Shipping,Yes,Yes,45,Cash,Annually
363,53,Male,Sneakers,Footwear,5440,Telangana,M,Charcoal,Fall,3.4,Yes,Free Shipping,Yes,Yes,1,PhonePe,Fortnightly
364,55,Male,Shorts,Clothing,7480,Tamil Nadu,L,Yellow,Winter,3.1,Yes,Free Shipping,Yes,Yes,42,Net Banking,Fortnightly
365,62,Male,Shoes,Footwear,7480,North Dakota,L,Charcoal,Summer,3,Yes,Free Shipping,Yes,Yes,7,PhonePe,Every 3 Months
366,55,Male,Gloves,Accessories,7480,Kerala,XL,Gray,Summer,3.7,Yes,Standard,Yes,Yes,50,Google Pay,Quarterly
367,64,Male,Socks,Clothing,3060,Nebraska,M,Turquoise,Spring,3.5,Yes,Store Pickup,Yes,Yes,37,PhonePe,Fortnightly
368,52,Male,Dress,Clothing,3400,Tennessee,XL,Cyan,Spring,2.8,Yes,Store Pickup,Yes,Yes,18,Net Banking,Monthly
369,24,Male,Handbag,Accessories,3315,Odisha,M,Charcoal,Spring,4.5,Yes,Standard,Yes,Yes,29,Cash,Monthly
370,38,Male,Belt,Accessories,3400,Wisconsin,M,Silver,Summer,3.3,Yes,Store Pickup,Yes,Yes,45,Google Pay,Quarterly
371,59,Male,Scarf,Accessories,2890,Tamil Nadu,M,Olive,Winter,3.4,Yes,Express,Yes,Yes,13,Google Pay,Weekly
372,27,Male,Sneakers,Footwear,7055,North Carolina,S,Pink,Winter,3.2,Yes,2-Day Shipping,Yes,Yes,47,Google Pay,Monthly
373,24,Male,Sweater,Clothing,7225,Pennsylvania,L,Orange,Summer,3.7,Yes,Standard,Yes,Yes,7,Debit Card,Weekly
374,23,Male,Coat,Outerwear,2295,North Dakota,L,White,Summer,4.6,Yes,Express,Yes,Yes,11,PhonePe,Bi-Weekly
375,69,Male,Jewelry,Accessories,6630,Ohio,S,Purple,Spring,5,Yes,Store Pickup,Yes,Yes,39,Net Banking,Monthly
376,59,Male,Sunglasses,Accessories,2720,Odisha,M,Olive,Summer,4.4,Yes,Standard,Yes,Yes,6,Debit Card,Quarterly
377,51,Male,Shoes,Footwear,4335,South Carolina,S,Gray,Fall,4.9,Yes,Express,Yes,Yes,2,PhonePe,Bi-Weekly
378,63,Male,Scarf,Accessories,2720,Andhra Pradesh,M,Silver,Spring,4.1,Yes,Standard,Yes,Yes,39,Credit Card,Every 3 Months
379,54,Male,Dress,Clothing,5270,West Bengal,L,Orange,Winter,4.9,Yes,Next Day Air,Yes,Yes,23,Credit Card,Monthly
380,32,Male,T-shirt,Clothing,2465,Maharastra,S,Magenta,Fall,4.7,Yes,2-Day Shipping,Yes,Yes,46,Debit Card,Bi-Weekly
381,39,Male,Backpack,Accessories,5865,New Hampshire,XL,Beige,Fall,3,Yes,Store Pickup,Yes,Yes,19,Net Banking,Weekly
382,66,Male,Jewelry,Accessories,2125,Andhra Pradesh,L,Lavender,Winter,3.4,Yes,Store Pickup,Yes,Yes,3,Credit Card,Every 3 Months
383,28,Male,Jeans,Clothing,6460,Andhra Pradesh,M,Peach,Winter,3.2,Yes,Store Pickup,Yes,Yes,47,Google Pay,Quarterly
384,50,Male,Sunglasses,Accessories,6545,Kerala,S,Magenta,Fall,,Yes,Standard,Yes,Yes,6,Google Pay,Quarterly
385,70,Male,Sweater,Clothing,2805,Andhra Pradesh,M,Beige,Fall,4.5,Yes,2-Day Shipping,Yes,Yes,6,PhonePe,Annually
386,67,Male,Shorts,Clothing,7905,Kerala,S,Yellow,Fall,2.7,Yes,Next Day Air,Yes,Yes,12,Credit Card,Bi-Weekly
387,64,Male,Jewelry,Accessories,3315,Punjab,L,Brown,Spring,3.4,Yes,Express,Yes,Yes,40,Google Pay,Quarterly
388,45,Male,Coat,Outerwear,7905,Georgia,L,Silver,Summer,4.6,Yes,Store Pickup,Yes,Yes,38,Google Pay,Fortnightly
389,22,Male,Handbag,Accessories,6970,Washington,M,Orange,Summer,2.7,Yes,Store Pickup,Yes,Yes,10,Google Pay,Quarterly
390,27,Male,Boots,Footwear,3570,Kerala,L,Purple,Spring,4.2,Yes,Standard,Yes,Yes,28,Net Banking,Monthly
391,25,Male,Gloves,Accessories,6035,Indiana,M,Indigo,Winter,3.2,Yes,2-Day Shipping,Yes,Yes,19,Google Pay,Annually
392,37,Male,Sweater,Clothing,7310,Minnesota,L,Gray,Spring,4.8,Yes,Standard,Yes,Yes,25,Cash,Fortnightly
393,26,Male,T-shirt,Clothing,6970,Idaho,XL,Black,Spring,3.3,Yes,Next Day Air,Yes,Yes,38,Credit Card,Annually
394,33,Male,Shoes,Footwear,5525,Vermont,L,Maroon,Fall,4.2,Yes,Standard,Yes,Yes,6,Google Pay,Fortnightly
395,43,Male,Scarf,Accessories,2465,North Dakota,M,Beige,Spring,4.8,Yes,Store Pickup,Yes,Yes,7,Debit Card,Bi-Weekly
396,37,Male,Sneakers,Footwear,5525,Karnataka,L,Brown,Winter,4.9,Yes,Store Pickup,Yes,Yes,2,Google Pay,Annually
397,46,Male,Dress,Clothing,7480,South Carolina,S,Black,Fall,3.9,Yes,Standard,Yes,Yes,24,Net Banking,Annually
398,22,Male,Belt,Accessories,3910,Mississippi,M,Indigo,Fall,3,Yes,Free Shipping,Yes,Yes,26,Cash,Annually
399,20,Male,Boots,Footwear,5695,Maharastra,S,Silver,Winter,4.6,Yes,Free Shipping,Yes,Yes,25,Debit Card,Every 3 Months
400,60,Male,Scarf,Accessories,2975,Idaho,L,Blue,Fall,3.5,Yes,2-Day Shipping,Yes,Yes,10,Debit Card,Monthly
401,39,Male,Boots,Footwear,5610,Utah,M,Green,Winter,4.8,Yes,Free Shipping,Yes,Yes,14,Google Pay,Fortnightly
402,43,Male,T-shirt,Clothing,7735,Odisha,L,Orange,Fall,4.8,Yes,Standard,Yes,Yes,21,Cash,Quarterly
403,31,Male,Backpack,Accessories,6630,Andhra Pradesh,L,Cyan,Fall,3,Yes,Express,Yes,Yes,26,Google Pay,Monthly
404,19,Male,Sneakers,Footwear,3825,West Bengal,M,Orange,Winter,4.5,Yes,Next Day Air,Yes,Yes,12,Net Banking,Annually
405,35,Male,T-shirt,Clothing,7905,Gujarat,M,Indigo,Spring,4.8,Yes,Store Pickup,Yes,Yes,11,Credit Card,Monthly
406,41,Male,Jeans,Clothing,6290,South Carolina,S,Silver,Summer,3.8,Yes,Standard,Yes,Yes,15,Cash,Annually
407,52,Male,Gloves,Accessories,4675,Maryland,M,Peach,Spring,4.6,Yes,Express,Yes,Yes,13,Cash,Monthly
408,45,Male,Hoodie,Clothing,6460,North Carolina,XL,Teal,Spring,3.1,Yes,Next Day Air,Yes,Yes,5,Credit Card,Bi-Weekly
409,34,Male,Sneakers,Footwear,5610,Alabama,L,White,Spring,3.4,Yes,Express,Yes,Yes,36,Cash,Fortnightly
410,35,Male,Shorts,Clothing,4335,Minnesota,M,Brown,Winter,3.3,Yes,2-Day Shipping,Yes,Yes,32,Net Banking,Monthly
411,29,Male,Sweater,Clothing,2210,Kerala,L,Lavender,Spring,4.8,Yes,2-Day Shipping,Yes,Yes,1,Credit Card,Quarterly
412,59,Male,Jeans,Clothing,2465,Michigan,M,Indigo,Summer,2.8,Yes,Express,Yes,Yes,15,Google Pay,Annually
413,24,Male,Jacket,Outerwear,6290,Andhra Pradesh,M,Yellow,Summer,3.1,Yes,Store Pickup,Yes,Yes,3,Net Banking,Weekly
414,70,Male,Jewelry,Accessories,8415,West Bengal,S,White,Summer,4.6,Yes,Free Shipping,Yes,Yes,48,Cash,Monthly
415,29,Male,Backpack,Accessories,7480,Kerala,L,Violet,Winter,2.6,Yes,Store Pickup,Yes,Yes,30,Debit Card,Weekly
416,67,Male,Coat,Outerwear,2635,Connecticut,M,Lavender,Winter,2.6,Yes,Express,Yes,Yes,40,Net Banking,Monthly
417,36,Male,Belt,Accessories,4675,Tamil Nadu,L,Olive,Spring,3.8,Yes,Free Shipping,Yes,Yes,24,Net Banking,Fortnightly
418,23,Male,Sandals,Footwear,6885,Mississippi,L,Beige,Fall,4.5,Yes,Free Shipping,Yes,Yes,48,Debit Card,Quarterly
419,18,Male,Sweater,Clothing,6205,Bihar,L,Purple,Spring,3,Yes,Standard,Yes,Yes,27,PhonePe,Bi-Weekly
420,53,Male,Shorts,Clothing,7735,Utah,S,Teal,Winter,,Yes,Free Shipping,Yes,Yes,14,Credit Card,Every 3 Months
421,32,Male,Socks,Clothing,4590,North Carolina,S,Peach,Spring,3.8,Yes,Free Shipping,Yes,Yes,18,Debit Card,Bi-Weekly
422,38,Male,Shirt,Clothing,3400,Karnataka,M,Violet,Winter,3.5,Yes,Standard,Yes,Yes,48,Cash,Bi-Weekly
423,47,Male,Pants,Clothing,5015,Minnesota,M,Purple,Fall,3.1,Yes,Store Pickup,Yes,Yes,32,Debit Card,Annually
424,46,Male,Scarf,Accessories,2210,New York,L,Teal,Spring,3,Yes,Store Pickup,Yes,Yes,21,Credit Card,Bi-Weekly
425,66,Male,Sweater,Clothing,1955,Bihar,M,Gold,Winter,4.3,Yes,Standard,Yes,Yes,42,Google Pay,Fortnightly
426,40,Male,Jeans,Clothing,7395,North Dakota,S,Teal,Winter,3.3,Yes,Store Pickup,Yes,Yes,4,Credit Card,Quarterly
427,43,Male,Pants,Clothing,6035,Punjab,M,Violet,Winter,4.7,Yes,Express,Yes,Yes,19,Credit Card,Quarterly
428,58,Male,Backpack,Accessories,7735,Bihar,L,Black,Winter,4.5,Yes,Store Pickup,Yes,Yes,6,Credit Card,Quarterly
429,21,Male,Coat,Outerwear,5440,Kerala,XL,Gold,Winter,2.9,Yes,Free Shipping,Yes,Yes,2,Debit Card,Fortnightly
430,42,Male,Sandals,Footwear,7990,Washington,M,Gold,Winter,4.1,Yes,2-Day Shipping,Yes,Yes,21,Cash,Fortnightly
431,24,Male,Shirt,Clothing,3400,Telangana,M,Brown,Summer,3.5,Yes,Store Pickup,Yes,Yes,40,Debit Card,Annually
432,43,Male,Hat,Accessories,6460,New Hampshire,L,Cyan,Winter,3.4,Yes,Store Pickup,Yes,Yes,33,Cash,Fortnightly
433,47,Male,Shirt,Clothing,7310,Indiana,S,Indigo,Fall,3.3,Yes,Free Shipping,Yes,Yes,26,PhonePe,Weekly
434,49,Male,Skirt,Clothing,7820,Alabama,M,Orange,Fall,3.2,Yes,Store Pickup,Yes,Yes,23,Credit Card,Fortnightly
435,50,Male,Shoes,Footwear,4420,Odisha,L,Pink,Spring,4,Yes,Store Pickup,Yes,Yes,39,Google Pay,Every 3 Months
436,51,Male,Coat,Outerwear,2380,Maharastra,XL,Olive,Winter,3.6,Yes,Next Day Air,Yes,Yes,42,Net Banking,Monthly
437,40,Male,Pants,Clothing,3910,Tennessee,L,Cyan,Summer,4.6,Yes,Free Shipping,Yes,Yes,41,Net Banking,Weekly
438,45,Male,Jewelry,Accessories,4250,New Mexico,M,Peach,Summer,2.6,Yes,Next Day Air,Yes,Yes,41,Google Pay,Annually
439,52,Male,Belt,Accessories,1955,Assam,M,Turquoise,Winter,4.3,Yes,Express,Yes,Yes,12,Credit Card,Fortnightly
440,62,Male,Jacket,Outerwear,4250,Idaho,M,Turquoise,Summer,3.4,Yes,Free Shipping,Yes,Yes,31,Cash,Monthly
441,20,Male,Shirt,Clothing,7565,Odisha,XL,Maroon,Winter,3.5,Yes,Store Pickup,Yes,Yes,34,Debit Card,Fortnightly
442,43,Male,Hoodie,Clothing,6885,Tamil Nadu,M,Maroon,Winter,4.2,Yes,Standard,Yes,Yes,32,Credit Card,Annually
443,29,Male,Sunglasses,Accessories,5865,Michigan,M,Olive,Fall,,Yes,Store Pickup,Yes,Yes,31,Credit Card,Quarterly
444,22,Male,Sunglasses,Accessories,5695,Hawaii,M,Magenta,Summer,3.6,Yes,Free Shipping,Yes,Yes,24,Google Pay,Annually
445,48,Male,Dress,Clothing,1700,Andhra Pradesh,M,Red,Summer,4.3,Yes,Store Pickup,Yes,Yes,31,Debit Card,Annually
446,42,Male,Boots,Footwear,2465,Assam,M,Olive,Fall,4.9,Yes,Standard,Yes,Yes,18,PhonePe,Annually
447,19,Male,Shirt,Clothing,6290,Kerala,M,Silver,Summer,4.1,Yes,Store Pickup,Yes,Yes,15,PhonePe,Monthly
448,60,Male,Shorts,Clothing,6970,Washington,S,Turquoise,Spring,3.6,Yes,Standard,Yes,Yes,7,Net Banking,Every 3 Months
449,32,Male,Gloves,Accessories,1955,Haryana,M,Yellow,Summer,3.4,Yes,Next Day Air,Yes,Yes,35,Net Banking,Fortnightly
450,26,Male,Jewelry,Accessories,3825,New York,L,Peach,Summer,2.9,Yes,2-Day Shipping,Yes,Yes,35,Net Banking,Monthly
451,25,Male,Boots,Footwear,1785,Connecticut,L,Beige,Summer,2.7,Yes,Store Pickup,Yes,Yes,19,Credit Card,Monthly
452,66,Male,Jewelry,Accessories,2635,Kerala,M,Pink,Summer,4.3,Yes,Express,Yes,Yes,26,Credit Card,Fortnightly
453,45,Male,Pants,Clothing,3825,Haryana,M,Violet,Summer,,Yes,Express,Yes,Yes,39,Google Pay,Fortnightly
454,54,Male,Jewelry,Accessories,4760,Nebraska,XL,Peach,Winter,2.8,Yes,Next Day Air,Yes,Yes,22,Credit Card,Weekly
455,37,Male,Jacket,Outerwear,8245,New Jersey,S,Gold,Summer,3.2,Yes,Next Day Air,Yes,Yes,14,Cash,Bi-Weekly
456,54,Male,Blouse,Clothing,8500,Utah,XL,Gold,Fall,3.6,Yes,Store Pickup,Yes,Yes,50,Debit Card,Fortnightly
457,50,Male,Blouse,Clothing,8160,North Carolina,S,Indigo,Fall,4,Yes,2-Day Shipping,Yes,Yes,33,Credit Card,Quarterly
458,25,Male,Gloves,Accessories,8415,Karnataka,M,Blue,Spring,4.9,Yes,Next Day Air,Yes,Yes,48,Debit Card,Every 3 Months
459,47,Male,Shorts,Clothing,7735,Rajasthan,L,Black,Winter,4,Yes,2-Day Shipping,Yes,Yes,48,Google Pay,Monthly
460,63,Male,Hat,Accessories,2550,Maryland,L,Black,Winter,3.8,Yes,Standard,Yes,Yes,27,Google Pay,Fortnightly
461,64,Male,Shoes,Footwear,5525,South Carolina,L,Teal,Summer,,Yes,Store Pickup,Yes,Yes,27,Net Banking,Weekly
462,18,Male,Boots,Footwear,7905,Ohio,M,Yellow,Winter,3.9,Yes,Express,Yes,Yes,20,PhonePe,Weekly
463,59,Male,Jacket,Outerwear,6885,Bihar,M,White,Fall,3.3,Yes,Express,Yes,Yes,48,PhonePe,Every 3 Months
464,37,Male,Jewelry,Accessories,6885,Georgia,S,Orange,Summer,2.7,Yes,Standard,Yes,Yes,29,PhonePe,Weekly
465,23,Male,Sunglasses,Accessories,4420,Alabama,M,Silver,Winter,4.7,Yes,Next Day Air,Yes,Yes,45,Google Pay,Monthly
466,54,Male,Skirt,Clothing,7480,Odisha,M,Pink,Summer,2.8,Yes,Next Day Air,Yes,Yes,25,Cash,Quarterly
467,38,Male,Jeans,Clothing,2040,Vermont,L,Turquoise,Winter,4.6,Yes,Free Shipping,Yes,Yes,25,Google Pay,Weekly
468,19,Male,Backpack,Accessories,4335,Nebraska,S,Orange,Spring,4.5,Yes,2-Day Shipping,Yes,Yes,37,Debit Card,Every 3 Months
469,34,Male,Backpack,Accessories,3230,Georgia,S,Peach,Fall,5,Yes,Free Shipping,Yes,Yes,16,Cash,Quarterly
470,21,Male,Shorts,Clothing,3910,Alabama,L,Pink,Fall,4.1,Yes,2-Day Shipping,Yes,Yes,30,Debit Card,Bi-Weekly
471,50,Male,Dress,Clothing,5355,Minnesota,L,Teal,Summer,4.6,Yes,Express,Yes,Yes,6,Cash,Every 3 Months
472,55,Male,Scarf,Accessories,6120,Haryana,XL,White,Winter,4.9,Yes,2-Day Shipping,Yes,Yes,36,Net Banking,Quarterly
473,20,Male,Jeans,Clothing,3315,Georgia,L,Gray,Winter,3.9,Yes,Free Shipping,Yes,Yes,3,Net Banking,Quarterly
474,34,Male,Coat,Outerwear,3570,Kerala,L,Olive,Spring,3.9,Yes,Store Pickup,Yes,Yes,29,Google Pay,Every 3 Months
475,62,Male,Sweater,Clothing,6460,Rajasthan,XL,Maroon,Summer,2.6,Yes,2-Day Shipping,Yes,Yes,15,Cash,Quarterly
476,21,Male,Sneakers,Footwear,5610,Ohio,L,Magenta,Summer,2.7,Yes,Free Shipping,Yes,Yes,18,Debit Card,Annually
477,21,Male,Scarf,Accessories,7650,Connecticut,M,Magenta,Spring,3.5,Yes,Free Shipping,Yes,Yes,2,Debit Card,Fortnightly
478,42,Male,Sweater,Clothing,4760,North Dakota,M,Green,Summer,3.7,Yes,Free Shipping,Yes,Yes,49,Debit Card,Weekly
479,35,Male,Jewelry,Accessories,3655,Kansas,XL,Turquoise,Winter,3.2,Yes,Free Shipping,Yes,Yes,48,PhonePe,Annually
480,39,Male,Handbag,Accessories,7140,Assam,L,Yellow,Winter,3.3,Yes,Store Pickup,Yes,Yes,43,PhonePe,Monthly
481,68,Male,Hoodie,Clothing,7480,Vermont,M,Gray,Summer,4.8,Yes,Standard,Yes,Yes,30,Debit Card,Bi-Weekly
482,46,Male,Hat,Accessories,7480,Wisconsin,L,Peach,Fall,3.2,Yes,2-Day Shipping,Yes,Yes,10,Google Pay,Fortnightly
483,41,Male,Belt,Accessories,3570,Connecticut,M,Yellow,Winter,2.5,Yes,2-Day Shipping,Yes,Yes,11,PhonePe,Annually
484,23,Male,Hoodie,Clothing,6205,Odisha,M,White,Fall,3.9,Yes,Store Pickup,Yes,Yes,12,Debit Card,Weekly
485,68,Male,Hat,Accessories,6205,Haryana,L,Lavender,Summer,4.7,Yes,Free Shipping,Yes,Yes,28,Net Banking,Quarterly
486,48,Male,Shoes,Footwear,3740,Tennessee,S,Blue,Spring,2.6,Yes,Next Day Air,Yes,Yes,36,Debit Card,Fortnightly
487,38,Male,Sandals,Footwear,5355,New Mexico,M,Charcoal,Fall,2.8,Yes,Store Pickup,Yes,Yes,37,PhonePe,Every 3 Months
488,41,Male,Jacket,Outerwear,5780,Assam,L,Red,Winter,4.4,Yes,Store Pickup,Yes,Yes,22,Credit Card,Quarterly
489,58,Male,Sweater,Clothing,2465,Andhra Pradesh,L,Olive,Spring,4.6,Yes,Standard,Yes,Yes,32,PhonePe,Weekly
490,49,Male,Socks,Clothing,7225,South Dakota,M,Green,Summer,3.2,Yes,Standard,Yes,Yes,40,Google Pay,Annually
491,57,Male,Sneakers,Footwear,3570,Colorado,M,Silver,Winter,4.2,Yes,2-Day Shipping,Yes,Yes,47,Cash,Monthly
492,49,Male,Coat,Outerwear,5865,Vermont,M,Silver,Summer,,Yes,2-Day Shipping,Yes,Yes,24,Credit Card,Bi-Weekly
493,50,Male,Shirt,Clothing,5270,Michigan,M,Black,Fall,3.9,Yes,Standard,Yes,Yes,11,Debit Card,Weekly
494,28,Male,Backpack,Accessories,4080,West Bengal,XL,Red,Summer,4.7,Yes,Store Pickup,Yes,Yes,19,Cash,Bi-Weekly
495,38,Male,Boots,Footwear,5780,Indiana,M,Indigo,Winter,4.5,Yes,Express,Yes,Yes,42,Debit Card,Weekly
496,33,Male,Handbag,Accessories,3060,Michigan,XL,Cyan,Fall,3.3,Yes,Free Shipping,Yes,Yes,6,Debit Card,Fortnightly
497,30,Male,Dress,Clothing,5355,Andhra Pradesh,S,Maroon,Fall,3.3,Yes,Express,Yes,Yes,31,PhonePe,Fortnightly
498,43,Male,Sneakers,Footwear,3315,Odisha,S,Silver,Winter,4.6,Yes,Free Shipping,Yes,Yes,31,Cash,Weekly
499,43,Male,Boots,Footwear,6630,Assam,M,Lavender,Spring,3.6,Yes,Free Shipping,Yes,Yes,27,Net Banking,Monthly
500,36,Male,Shoes,Footwear,8415,Karnataka,L,Silver,Winter,4.8,Yes,Express,Yes,Yes,24,Google Pay,Monthly
501,36,Male,T-shirt,Clothing,2635,Washington,L,Purple,Fall,4.8,Yes,Next Day Air,Yes,Yes,35,PhonePe,Every 3 Months
502,64,Male,Boots,Footwear,3825,Tamil Nadu,M,Cyan,Spring,2.9,Yes,Next Day Air,Yes,Yes,21,PhonePe,Annually
503,59,Male,Pants,Clothing,2550,South Carolina,S,Cyan,Fall,2.8,Yes,Express,Yes,Yes,8,Google Pay,Fortnightly
504,55,Male,Shoes,Footwear,2040,Kerala,M,Lavender,Summer,3.2,Yes,Next Day Air,Yes,Yes,26,Net Banking,Quarterly
505,42,Male,Shoes,Footwear,1870,Haryana,M,Maroon,Winter,3.9,Yes,Free Shipping,Yes,Yes,26,Google Pay,Annually
506,61,Male,T-shirt,Clothing,5355,Andhra Pradesh,L,Gray,Spring,4.3,Yes,Express,Yes,Yes,9,Cash,Bi-Weekly
507,28,Male,Scarf,Accessories,3400,Georgia,M,Olive,Fall,2.7,Yes,2-Day Shipping,Yes,Yes,48,Debit Card,Annually
508,65,Male,Shorts,Clothing,1700,Andhra Pradesh,M,Magenta,Spring,5,Yes,Store Pickup,Yes,Yes,33,Debit Card,Fortnightly
509,27,Male,Jewelry,Accessories,1700,Bihar,S,Yellow,Winter,3.7,Yes,Store Pickup,Yes,Yes,31,Google Pay,Quarterly
510,41,Male,T-shirt,Clothing,6800,Gujarat,L,Cyan,Summer,3.9,Yes,Free Shipping,Yes,Yes,17,Debit Card,Weekly
511,21,Male,Shirt,Clothing,7395,Kerala,M,Teal,Fall,3.9,Yes,2-Day Shipping,Yes,Yes,22,PhonePe,Annually
512,61,Male,Shirt,Clothing,3910,Hawaii,L,Yellow,Fall,3.1,Yes,Free Shipping,Yes,Yes,8,Google Pay,Annually
513,19,Male,Gloves,Accessories,4165,New York,L,Peach,Winter,,Yes,Next Day Air,Yes,Yes,2,Net Banking,Monthly
514,22,Male,Scarf,Accessories,5525,New Mexico,M,Peach,Fall,3.6,Yes,Store Pickup,Yes,Yes,45,PhonePe,Annually
515,64,Male,Skirt,Clothing,5270,Indiana,S,Olive,Winter,4.3,Yes,Standard,Yes,Yes,47,Google Pay,Quarterly
516,28,Male,Hat,Accessories,5695,Karnataka,L,Charcoal,Spring,4.5,Yes,Next Day Air,Yes,Yes,7,Cash,Monthly
517,34,Male,Hoodie,Clothing,3485,Kerala,L,Indigo,Fall,2.8,Yes,2-Day Shipping,Yes,Yes,19,Debit Card,Bi-Weekly
518,61,Male,Boots,Footwear,4165,North Dakota,L,Silver,Fall,2.7,Yes,Free Shipping,Yes,Yes,44,Cash,Every 3 Months
519,24,Male,Blouse,Clothing,8500,Tamil Nadu,M,Beige,Fall,2.9,Yes,Next Day Air,Yes,Yes,16,PhonePe,Every 3 Months
520,19,Male,Belt,Accessories,4590,Minnesota,L,Blue,Summer,4.4,Yes,2-Day Shipping,Yes,Yes,17,Net Banking,Quarterly
521,51,Male,Sunglasses,Accessories,7140,South Carolina,M,White,Spring,3.9,Yes,Free Shipping,Yes,Yes,20,Debit Card,Quarterly
522,36,Male,Shorts,Clothing,3485,Vermont,L,Gold,Winter,3.5,Yes,Standard,Yes,Yes,50,Net Banking,Annually
523,65,Male,Gloves,Accessories,7480,Minnesota,M,Blue,Spring,2.5,Yes,Store Pickup,Yes,Yes,37,Cash,Quarterly
524,46,Male,Sandals,Footwear,3400,Gujarat,M,Orange,Spring,4.9,Yes,Express,Yes,Yes,5,Google Pay,Quarterly
525,59,Male,Shirt,Clothing,3315,Pennsylvania,M,Gold,Summer,4.8,Yes,Free Shipping,Yes,Yes,44,Google Pay,Annually
526,51,Male,Coat,Outerwear,3145,Assam,M,Cyan,Spring,3.2,Yes,Next Day Air,Yes,Yes,41,Debit Card,Monthly
527,51,Male,Pants,Clothing,4420,New Jersey,S,Red,Winter,4.9,Yes,Standard,Yes,Yes,19,Cash,Monthly
528,21,Male,T-shirt,Clothing,1955,South Carolina,L,Yellow,Winter,4.3,Yes,Next Day Air,Yes,Yes,47,Net Banking,Every 3 Months
529,34,Male,Sneakers,Footwear,7480,Maryland,S,Beige,Winter,3.2,Yes,Express,Yes,Yes,40,Cash,Annually
530,32,Male,Shorts,Clothing,7140,Andhra Pradesh,M,Orange,Fall,3.7,Yes,Standard,Yes,Yes,6,Credit Card,Monthly
531,48,Male,Coat,Outerwear,3145,Maharastra,XL,Magenta,Winter,3.2,Yes,Store Pickup,Yes,Yes,25,Credit Card,Bi-Weekly
532,50,Male,Sandals,Footwear,4335,Vermont,L,Purple,Fall,3.4,Yes,Next Day Air,Yes,Yes,42,Cash,Weekly
533,26,Male,Pants,Clothing,6460,Telangana,L,Black,Winter,4.1,Yes,Express,Yes,Yes,35,Net Banking,Every 3 Months
534,57,Male,Sandals,Footwear,5100,North Carolina,L,Pink,Spring,4.5,Yes,Next Day Air,Yes,Yes,17,Debit Card,Weekly
535,65,Male,Gloves,Accessories,6120,Tamil Nadu,L,Pink,Fall,4.5,Yes,Next Day Air,Yes,Yes,4,Google Pay,Quarterly
536,56,Male,T-shirt,Clothing,3825,Kerala,L,Maroon,Spring,3.2,Yes,Free Shipping,Yes,Yes,24,Net Banking,Weekly
537,44,Male,Jacket,Outerwear,7140,Bihar,S,Maroon,Fall,4.4,Yes,Store Pickup,Yes,Yes,16,Debit Card,Every 3 Months
538,50,Male,Blouse,Clothing,4165,Kerala,S,Turquoise,Summer,3,Yes,Store Pickup,Yes,Yes,14,Debit Card,Annually
539,27,Male,Socks,Clothing,1870,Kerala,XL,Green,Spring,3.2,Yes,Free Shipping,Yes,Yes,43,Cash,Weekly
540,49,Male,Coat,Outerwear,4080,Kerala,M,Violet,Winter,4,Yes,Store Pickup,Yes,Yes,49,Debit Card,Weekly
541,49,Male,Dress,Clothing,3145,South Carolina,M,Lavender,Spring,3.1,Yes,Next Day Air,Yes,Yes,33,Cash,Every 3 Months
542,52,Male,Jacket,Outerwear,2295,Connecticut,L,Gray,Fall,2.8,Yes,Next Day Air,Yes,Yes,45,Cash,Bi-Weekly
543,27,Male,Boots,Footwear,6715,Bihar,XL,Teal,Spring,4.6,Yes,Next Day Air,Yes,Yes,35,Cash,Bi-Weekly
544,53,Male,Skirt,Clothing,8330,Alabama,S,Red,Spring,4.3,Yes,Express,Yes,Yes,11,Credit Card,Monthly
545,34,Male,Sandals,Footwear,5440,Washington,S,Yellow,Summer,3.3,Yes,Standard,Yes,Yes,30,Net Banking,Every 3 Months
546,33,Male,Coat,Outerwear,2720,Alabama,L,Magenta,Summer,3.5,Yes,2-Day Shipping,Yes,Yes,48,Debit Card,Annually
547,62,Male,Hoodie,Clothing,6290,New Mexico,M,Brown,Winter,3.4,Yes,Free Shipping,Yes,Yes,45,PhonePe,Bi-Weekly
548,38,Male,Jacket,Outerwear,4250,West Bengal,M,Blue,Winter,2.8,Yes,Free Shipping,Yes,Yes,26,PhonePe,Weekly
549,36,Male,Backpack,Accessories,5440,Nebraska,M,Black,Winter,4.6,Yes,Store Pickup,Yes,Yes,41,Debit Card,Every 3 Months
550,31,Male,Backpack,Accessories,2465,Arizona,S,Olive,Fall,3.6,Yes,Express,Yes,Yes,37,PhonePe,Bi-Weekly
551,62,Male,Belt,Accessories,5270,Georgia,M,Olive,Summer,3.3,Yes,Store Pickup,Yes,Yes,12,Google Pay,Weekly
552,29,Male,Coat,Outerwear,6630,Idaho,XL,Green,Fall,3.1,Yes,2-Day Shipping,Yes,Yes,27,Cash,Bi-Weekly
553,24,Male,T-shirt,Clothing,7990,Haryana,M,Peach,Fall,3.5,Yes,Express,Yes,Yes,18,Net Banking,Weekly
554,63,Male,Sunglasses,Accessories,5015,Tamil Nadu,M,White,Winter,3.2,Yes,Express,Yes,Yes,15,Credit Card,Quarterly
555,56,Male,Sneakers,Footwear,3995,Minnesota,M,Red,Summer,3,Yes,Express,Yes,Yes,34,Net Banking,Weekly
556,63,Male,Gloves,Accessories,4845,Andhra Pradesh,M,White,Fall,4.8,Yes,Express,Yes,Yes,37,PhonePe,Annually
557,40,Male,Coat,Outerwear,7650,Maharastra,L,Indigo,Winter,5,Yes,Store Pickup,Yes,Yes,21,Cash,Fortnightly
558,18,Male,Shirt,Clothing,5100,Alaska,M,White,Spring,2.9,Yes,Free Shipping,Yes,Yes,31,Debit Card,Weekly
559,50,Male,Sneakers,Footwear,6545,Assam,L,Teal,Fall,3.2,Yes,Express,Yes,Yes,43,Debit Card,Every 3 Months
560,66,Male,Scarf,Accessories,3485,Arizona,M,Indigo,Fall,2.9,Yes,Store Pickup,Yes,Yes,22,Net Banking,Monthly
561,25,Male,Jewelry,Accessories,4080,Punjab,L,Red,Fall,,Yes,Free Shipping,Yes,Yes,12,Debit Card,Annually
562,65,Male,Jacket,Outerwear,5525,Alabama,M,Blue,Fall,2.6,Yes,Next Day Air,Yes,Yes,25,Google Pay,Fortnightly
563,53,Male,Jeans,Clothing,5270,Haryana,M,Blue,Summer,3.5,Yes,Standard,Yes,Yes,40,Debit Card,Annually
564,61,Male,Shoes,Footwear,8415,Idaho,M,Black,Fall,4.4,Yes,Standard,Yes,Yes,16,Debit Card,Quarterly
565,67,Male,Hoodie,Clothing,4930,Tamil Nadu,M,Olive,Winter,3.4,Yes,Next Day Air,Yes,Yes,30,Net Banking,Weekly
566,59,Male,Backpack,Accessories,3655,Idaho,L,Lavender,Fall,4.2,Yes,Store Pickup,Yes,Yes,10,PhonePe,Weekly
567,55,Male,Sneakers,Footwear,7905,Alabama,M,Indigo,Spring,3.6,Yes,Store Pickup,Yes,Yes,1,Debit Card,Fortnightly
568,21,Male,Blouse,Clothing,4250,New Hampshire,S,Red,Winter,3,Yes,Next Day Air,Yes,Yes,24,PhonePe,Fortnightly
569,44,Male,Pants,Clothing,7480,Utah,L,Red,Summer,4,Yes,Free Shipping,Yes,Yes,36,Google Pay,Monthly
570,65,Male,Skirt,Clothing,2805,Alabama,M,Pink,Fall,4.4,Yes,Express,Yes,Yes,46,Credit Card,Every 3 Months
571,65,Male,T-shirt,Clothing,8415,Assam,XL,Purple,Fall,4.1,Yes,Standard,Yes,Yes,20,Cash,Annually
572,54,Male,Jacket,Outerwear,6460,Karnataka,XL,Cyan,Spring,3.6,Yes,Free Shipping,Yes,Yes,37,PhonePe,Weekly
573,56,Male,Scarf,Accessories,8245,South Carolina,XL,Cyan,Summer,4.6,Yes,Next Day Air,Yes,Yes,26,Net Banking,Annually
574,58,Male,Pants,Clothing,5780,Andhra Pradesh,M,Charcoal,Summer,3.2,Yes,2-Day Shipping,Yes,Yes,23,Credit Card,Bi-Weekly
575,54,Male,Sneakers,Footwear,6715,Andhra Pradesh,L,Red,Fall,4.8,Yes,Free Shipping,Yes,Yes,20,Net Banking,Bi-Weekly
576,58,Male,Jeans,Clothing,7310,Nebraska,M,Peach,Fall,4.8,Yes,Express,Yes,Yes,38,Google Pay,Monthly
577,48,Male,Hat,Accessories,5780,Washington,M,Black,Winter,5,Yes,2-Day Shipping,Yes,Yes,5,Credit Card,Every 3 Months
578,19,Male,Skirt,Clothing,4420,Alabama,M,Black,Fall,3.7,Yes,Store Pickup,Yes,Yes,41,PhonePe,Annually
579,69,Male,Sandals,Footwear,7650,Andhra Pradesh,M,Purple,Fall,4.6,Yes,Next Day Air,Yes,Yes,22,Credit Card,Fortnightly
580,58,Male,Sandals,Footwear,3485,Andhra Pradesh,M,Violet,Winter,3.7,Yes,Free Shipping,Yes,Yes,48,Credit Card,Annually
581,49,Male,Sweater,Clothing,6800,Assam,M,Orange,Spring,4.1,Yes,Free Shipping,Yes,Yes,10,Google Pay,Weekly
582,32,Male,Sweater,Clothing,8500,Assam,XL,Charcoal,Winter,2.7,Yes,Store Pickup,Yes,Yes,12,Net Banking,Every 3 Months
583,40,Male,Jacket,Outerwear,6545,Colorado,L,Turquoise,Spring,4.9,Yes,Store Pickup,Yes,Yes,2,Net Banking,Quarterly
584,25,Male,Shorts,Clothing,6630,Andhra Pradesh,L,Yellow,Spring,4,Yes,Store Pickup,Yes,Yes,38,Google Pay,Monthly
585,70,Male,Socks,Clothing,7990,Indiana,M,White,Spring,4.7,Yes,Free Shipping,Yes,Yes,20,Debit Card,Monthly
586,69,Male,Socks,Clothing,1955,South Carolina,M,Gray,Fall,2.8,Yes,Next Day Air,Yes,Yes,5,Cash,Every 3 Months
587,45,Male,Hoodie,Clothing,1700,Wisconsin,S,Blue,Winter,4.9,Yes,2-Day Shipping,Yes,Yes,9,PhonePe,Annually
588,29,Male,Socks,Clothing,7310,Washington,S,Maroon,Fall,4.2,Yes,Express,Yes,Yes,48,Debit Card,Every 3 Months
589,47,Male,Boots,Footwear,5100,South Dakota,M,Violet,Fall,3,Yes,Standard,Yes,Yes,9,Debit Card,Quarterly
590,28,Male,Shirt,Clothing,5950,Minnesota,M,Orange,Fall,3.4,Yes,2-Day Shipping,Yes,Yes,40,Google Pay,Annually
591,64,Male,Belt,Accessories,3315,Alaska,S,Turquoise,Fall,4.6,Yes,Standard,Yes,Yes,30,PhonePe,Fortnightly
592,47,Male,Backpack,Accessories,3145,Karnataka,L,Olive,Fall,4.2,Yes,Store Pickup,Yes,Yes,6,Debit Card,Bi-Weekly
593,60,Male,Boots,Footwear,2465,North Dakota,M,Brown,Fall,3.2,Yes,Free Shipping,Yes,Yes,42,PhonePe,Every 3 Months
594,67,Male,Coat,Outerwear,2975,Alaska,S,Green,Winter,4.4,Yes,Store Pickup,Yes,Yes,9,Google Pay,Every 3 Months
595,35,Male,Hoodie,Clothing,7055,Odisha,S,Brown,Winter,2.5,Yes,Next Day Air,Yes,Yes,6,Debit Card,Monthly
596,30,Male,Shoes,Footwear,6545,Gujarat,M,Silver,Summer,3.6,Yes,Next Day Air,Yes,Yes,47,Google Pay,Quarterly
597,23,Male,Shoes,Footwear,3145,Maharastra,XL,White,Summer,4.5,Yes,Store Pickup,Yes,Yes,36,PhonePe,Annually
598,70,Male,Jewelry,Accessories,5865,Alaska,L,Gold,Summer,3.4,Yes,Standard,Yes,Yes,19,Net Banking,Fortnightly
599,21,Male,Dress,Clothing,5610,Andhra Pradesh,L,Green,Winter,3.2,Yes,2-Day Shipping,Yes,Yes,30,Cash,Every 3 Months
600,51,Male,Boots,Footwear,2210,Telangana,L,Teal,Spring,4.2,Yes,Standard,Yes,Yes,27,Debit Card,Every 3 Months
601,22,Male,Hat,Accessories,5355,South Carolina,M,Charcoal,Spring,5,Yes,2-Day Shipping,Yes,Yes,25,PhonePe,Monthly
602,32,Male,Backpack,Accessories,3230,Kerala,M,Maroon,Summer,4.7,Yes,Store Pickup,Yes,Yes,5,Cash,Fortnightly
603,37,Male,Shoes,Footwear,4930,Tamil Nadu,L,Lavender,Summer,4.2,Yes,Next Day Air,Yes,Yes,10,Cash,Every 3 Months
604,31,Male,Handbag,Accessories,3910,Telangana,L,Green,Winter,3.4,Yes,2-Day Shipping,Yes,Yes,26,Google Pay,Every 3 Months
605,44,Male,Sunglasses,Accessories,7820,Kerala,S,Pink,Fall,4.4,Yes,Store Pickup,Yes,Yes,11,Credit Card,Every 3 Months
606,40,Male,Hat,Accessories,2720,Andhra Pradesh,XL,Charcoal,Winter,4.2,Yes,Standard,Yes,Yes,17,Net Banking,Weekly
607,27,Male,Scarf,Accessories,7650,Colorado,M,Blue,Spring,4.5,Yes,Standard,Yes,Yes,44,Google Pay,Monthly
608,47,Male,Hoodie,Clothing,1955,Indiana,L,Purple,Fall,2.8,Yes,Next Day Air,Yes,Yes,44,Cash,Monthly
609,41,Male,Backpack,Accessories,2125,Gujarat,S,Gold,Fall,3.3,Yes,Next Day Air,Yes,Yes,21,PhonePe,Every 3 Months
610,51,Male,Sweater,Clothing,4590,Ohio,L,Purple,Fall,4.6,Yes,Next Day Air,Yes,Yes,49,Credit Card,Fortnightly
611,53,Male,Shorts,Clothing,6120,Odisha,M,Charcoal,Summer,2.5,Yes,Free Shipping,Yes,Yes,27,Net Banking,Every 3 Months
612,43,Male,Scarf,Accessories,2805,Andhra Pradesh,M,Black,Winter,4.7,Yes,Store Pickup,Yes,Yes,19,Cash,Monthly
613,67,Male,Hat,Accessories,3655,New Hampshire,L,Lavender,Fall,4.6,Yes,Express,Yes,Yes,33,Credit Card,Quarterly
614,61,Male,Coat,Outerwear,4335,Pennsylvania,L,Lavender,Fall,2.6,Yes,Standard,Yes,Yes,46,Cash,Bi-Weekly
615,68,Male,Jewelry,Accessories,7225,Idaho,M,Lavender,Winter,4,Yes,Standard,Yes,Yes,21,Credit Card,Bi-Weekly
616,67,Male,Sandals,Footwear,8500,Maryland,L,Olive,Summer,2.6,Yes,Next Day Air,Yes,Yes,23,PhonePe,Annually
617,29,Male,Gloves,Accessories,6120,Pennsylvania,L,Teal,Spring,4.6,Yes,Free Shipping,Yes,Yes,38,Credit Card,Every 3 Months
618,50,Male,Backpack,Accessories,4845,Colorado,M,Maroon,Fall,2.6,Yes,Standard,Yes,Yes,2,Net Banking,Quarterly
619,61,Male,Jacket,Outerwear,7990,Indiana,L,Cyan,Spring,4,Yes,Express,Yes,Yes,21,Debit Card,Bi-Weekly
620,19,Male,Backpack,Accessories,2890,Nebraska,M,Charcoal,Summer,4.6,Yes,Store Pickup,Yes,Yes,1,Debit Card,Every 3 Months
621,33,Male,Backpack,Accessories,7565,Karnataka,M,Black,Fall,3.7,Yes,2-Day Shipping,Yes,Yes,10,PhonePe,Every 3 Months
622,51,Male,Sunglasses,Accessories,2295,Kansas,S,Red,Fall,4.4,Yes,Store Pickup,Yes,Yes,45,Credit Card,Weekly
623,69,Male,Socks,Clothing,5355,Georgia,S,Peach,Spring,4,Yes,Next Day Air,Yes,Yes,44,Net Banking,Fortnightly
624,19,Male,Shoes,Footwear,5950,West Bengal,M,White,Fall,4.7,Yes,Standard,Yes,Yes,48,Google Pay,Bi-Weekly
625,55,Male,Pants,Clothing,7395,South Carolina,XL,Pink,Fall,3.4,Yes,Express,Yes,Yes,21,Google Pay,Annually
626,49,Male,Jewelry,Accessories,6715,Gujarat,M,Red,Fall,4,Yes,Next Day Air,Yes,Yes,1,PhonePe,Weekly
627,31,Male,Sunglasses,Accessories,6715,New Hampshire,M,Indigo,Spring,3.9,Yes,Standard,Yes,Yes,10,PhonePe,Annually
628,42,Male,Sandals,Footwear,3740,Tamil Nadu,L,Black,Winter,4.1,Yes,Express,Yes,Yes,24,Google Pay,Monthly
629,69,Male,Sweater,Clothing,7225,Telangana,M,White,Fall,,Yes,2-Day Shipping,Yes,Yes,29,Credit Card,Monthly
630,26,Male,Shoes,Footwear,7650,Vermont,L,Beige,Spring,4.7,Yes,Standard,Yes,Yes,11,Debit Card,Annually
631,41,Male,Jewelry,Accessories,7990,Mississippi,S,Silver,Fall,4.3,Yes,2-Day Shipping,Yes,Yes,33,Debit Card,Annually
632,55,Male,Boots,Footwear,5780,Washington,S,Violet,Summer,4.1,Yes,Store Pickup,Yes,Yes,27,Cash,Fortnightly
633,35,Male,Backpack,Accessories,4335,Kerala,M,Red,Winter,3.9,Yes,Next Day Air,Yes,Yes,19,PhonePe,Fortnightly
634,66,Male,Sandals,Footwear,2805,Minnesota,M,Orange,Spring,2.9,Yes,Express,Yes,Yes,50,Debit Card,Quarterly
635,36,Male,Sneakers,Footwear,5100,Ohio,M,Teal,Summer,3.9,Yes,Standard,Yes,Yes,46,Google Pay,Weekly
636,27,Male,Hoodie,Clothing,5015,South Carolina,M,Brown,Fall,4.3,Yes,2-Day Shipping,Yes,Yes,28,Cash,Quarterly
637,41,Male,Handbag,Accessories,2550,Wisconsin,M,Indigo,Summer,2.8,Yes,Store Pickup,Yes,Yes,14,Net Banking,Every 3 Months
638,21,Male,Sweater,Clothing,1700,Tennessee,M,Cyan,Winter,3.4,Yes,2-Day Shipping,Yes,Yes,46,Cash,Fortnightly
639,53,Male,Sandals,Footwear,1700,Maryland,S,Blue,Summer,2.7,Yes,Express,Yes,Yes,41,Google Pay,Monthly
640,54,Male,Dress,Clothing,2040,Mississippi,L,Olive,Spring,4,Yes,2-Day Shipping,Yes,Yes,50,Credit Card,Annually
641,53,Male,Skirt,Clothing,7480,Minnesota,M,Gray,Summer,4.4,Yes,Store Pickup,Yes,Yes,28,Debit Card,Fortnightly
642,47,Male,Blouse,Clothing,6630,Alaska,M,Red,Winter,3.9,Yes,2-Day Shipping,Yes,Yes,23,Credit Card,Every 3 Months
643,64,Male,Skirt,Clothing,2125,Rajasthan,L,Red,Spring,2.8,Yes,2-Day Shipping,Yes,Yes,14,Debit Card,Bi-Weekly
644,18,Male,Sweater,Clothing,4845,Tamil Nadu,XL,Green,Winter,3.2,Yes,Next Day Air,Yes,Yes,10,Net Banking,Every 3 Months
645,68,Male,Backpack,Accessories,7905,Punjab,S,Blue,Summer,4.3,Yes,Next Day Air,Yes,Yes,37,Cash,Weekly
646,62,Male,Hoodie,Clothing,3570,Odisha,S,Purple,Summer,4.2,Yes,Express,Yes,Yes,15,PhonePe,Bi-Weekly
647,51,Male,Boots,Footwear,4590,Indiana,XL,Pink,Spring,4.9,Yes,Standard,Yes,Yes,19,PhonePe,Bi-Weekly
648,54,Male,Blouse,Clothing,5950,Mississippi,XL,Charcoal,Summer,3.7,Yes,Express,Yes,Yes,23,Credit Card,Fortnightly
649,22,Male,Hoodie,Clothing,2635,Michigan,M,Brown,Winter,4.1,Yes,Store Pickup,Yes,Yes,35,Credit Card,Weekly
650,53,Male,Pants,Clothing,7905,Gujarat,L,Orange,Spring,4.2,Yes,Store Pickup,Yes,Yes,33,Google Pay,Every 3 Months
651,34,Male,Gloves,Accessories,3400,Tamil Nadu,M,Magenta,Spring,3.9,Yes,Next Day Air,Yes,Yes,12,Net Banking,Annually
652,32,Male,Hat,Accessories,2720,Rajasthan,L,Yellow,Summer,2.9,Yes,Next Day Air,Yes,Yes,41,PhonePe,Fortnightly
653,64,Male,Sunglasses,Accessories,2295,Minnesota,M,Beige,Winter,3.1,Yes,Free Shipping,Yes,Yes,27,PhonePe,Weekly
654,20,Male,Scarf,Accessories,5780,North Dakota,M,Olive,Winter,3.6,Yes,2-Day Shipping,Yes,Yes,45,Cash,Fortnightly
655,24,Male,Handbag,Accessories,5015,Andhra Pradesh,L,Gray,Summer,4.4,Yes,2-Day Shipping,Yes,Yes,23,PhonePe,Annually
656,20,Male,Handbag,Accessories,3060,Mississippi,S,Purple,Fall,3.1,Yes,Free Shipping,Yes,Yes,19,PhonePe,Monthly
657,42,Male,Jeans,Clothing,1955,Pennsylvania,M,Beige,Summer,3.9,Yes,Standard,Yes,Yes,6,Google Pay,Quarterly
658,48,Male,Jacket,Outerwear,6800,Arizona,M,White,Winter,4.3,Yes,Free Shipping,Yes,Yes,6,Google Pay,Quarterly
659,62,Male,Backpack,Accessories,3145,Punjab,S,White,Fall,4.9,Yes,Store Pickup,Yes,Yes,20,PhonePe,Weekly
660,62,Male,Shorts,Clothing,4420,Kerala,S,Gold,Spring,3.6,Yes,2-Day Shipping,Yes,Yes,8,Cash,Weekly
661,50,Male,Coat,Outerwear,6715,Maharastra,M,Olive,Fall,5,Yes,2-Day Shipping,Yes,Yes,39,Credit Card,Quarterly
662,57,Male,Shirt,Clothing,5780,Assam,XL,Green,Fall,4.1,Yes,Store Pickup,Yes,Yes,39,Credit Card,Quarterly
663,24,Male,Gloves,Accessories,8330,Bihar,L,Magenta,Fall,2.8,Yes,Express,Yes,Yes,39,PhonePe,Bi-Weekly
664,59,Male,Dress,Clothing,7055,Alaska,M,Charcoal,Fall,4.7,Yes,Express,Yes,Yes,23,Credit Card,Monthly
665,63,Male,Pants,Clothing,7055,Colorado,M,Indigo,Winter,4.4,Yes,Express,Yes,Yes,41,Google Pay,Bi-Weekly
666,41,Male,Pants,Clothing,4675,New Mexico,M,Peach,Spring,4.9,Yes,2-Day Shipping,Yes,Yes,50,Credit Card,Annually
667,35,Male,Hoodie,Clothing,2210,Colorado,L,Turquoise,Winter,3.1,Yes,Free Shipping,Yes,Yes,30,Debit Card,Quarterly
668,34,Male,Sunglasses,Accessories,6460,Arizona,S,Blue,Winter,2.6,Yes,Standard,Yes,Yes,32,Net Banking,Quarterly
669,49,Male,T-shirt,Clothing,7225,Hawaii,S,Turquoise,Fall,2.9,Yes,Express,Yes,Yes,35,Net Banking,Monthly
670,43,Male,Jacket,Outerwear,7565,Bihar,M,Gray,Spring,3.3,Yes,Free Shipping,Yes,Yes,45,PhonePe,Bi-Weekly
671,63,Male,Sweater,Clothing,3485,Punjab,XL,Purple,Spring,4.8,Yes,Next Day Air,Yes,Yes,37,Cash,Bi-Weekly
672,38,Male,Jacket,Outerwear,2550,Assam,L,Black,Winter,4.7,Yes,Express,Yes,Yes,45,Cash,Weekly
673,59,Male,Socks,Clothing,4505,Washington,M,Peach,Winter,3.3,Yes,2-Day Shipping,Yes,Yes,29,Cash,Quarterly
674,35,Male,Shirt,Clothing,5610,Odisha,M,Indigo,Spring,4.2,Yes,Free Shipping,Yes,Yes,27,PhonePe,Bi-Weekly
675,48,Male,Jewelry,Accessories,2805,Washington,XL,Beige,Winter,4.7,Yes,Store Pickup,Yes,Yes,36,Net Banking,Annually
676,64,Male,Sunglasses,Accessories,7310,Rajasthan,M,Yellow,Spring,2.6,Yes,2-Day Shipping,Yes,Yes,9,Cash,Annually
677,28,Male,Pants,Clothing,5100,Connecticut,M,Peach,Winter,2.9,Yes,2-Day Shipping,Yes,Yes,38,PhonePe,Bi-Weekly
678,60,Male,Socks,Clothing,5270,Washington,S,Turquoise,Summer,2.7,Yes,Express,Yes,Yes,41,Google Pay,Annually
679,27,Male,Blouse,Clothing,6290,Andhra Pradesh,M,Teal,Fall,3.3,Yes,Store Pickup,Yes,Yes,25,Debit Card,Every 3 Months
680,56,Male,Sandals,Footwear,8075,Michigan,M,Turquoise,Fall,3.4,Yes,Express,Yes,Yes,37,PhonePe,Fortnightly
681,58,Male,Sneakers,Footwear,2125,Tennessee,M,Magenta,Spring,4.2,Yes,Express,Yes,Yes,3,Google Pay,Annually
682,30,Male,Shirt,Clothing,5015,Punjab,XL,Purple,Winter,3.8,Yes,2-Day Shipping,Yes,Yes,24,Credit Card,Every 3 Months
683,23,Male,Jacket,Outerwear,2465,Haryana,M,Brown,Summer,4,Yes,Standard,Yes,Yes,49,Credit Card,Bi-Weekly
684,33,Male,Sandals,Footwear,3060,Michigan,S,Violet,Winter,2.7,Yes,Free Shipping,Yes,Yes,3,Net Banking,Monthly
685,63,Male,Hat,Accessories,6970,Alabama,M,Yellow,Summer,4.7,Yes,Express,Yes,Yes,42,Debit Card,Monthly
686,70,Male,Blouse,Clothing,6035,Telangana,XL,Magenta,Winter,3.5,Yes,Standard,Yes,Yes,32,Cash,Fortnightly
687,70,Male,Sweater,Clothing,2975,Indiana,L,Beige,Fall,3,Yes,2-Day Shipping,Yes,Yes,33,PhonePe,Fortnightly
688,19,Male,Gloves,Accessories,3230,Kerala,XL,Turquoise,Winter,3.3,Yes,Free Shipping,Yes,Yes,46,Net Banking,Quarterly
689,25,Male,Scarf,Accessories,5015,Michigan,S,Peach,Summer,4.7,Yes,Store Pickup,Yes,Yes,44,PhonePe,Monthly
690,19,Male,Hoodie,Clothing,7735,Pennsylvania,M,Orange,Summer,4.7,Yes,Express,Yes,Yes,35,Credit Card,Every 3 Months
691,25,Male,Shorts,Clothing,5780,Alaska,XL,Red,Spring,4.8,Yes,Standard,Yes,Yes,45,Net Banking,Weekly
692,60,Male,Backpack,Accessories,1785,Telangana,L,Silver,Summer,2.9,Yes,Standard,Yes,Yes,37,Google Pay,Bi-Weekly
693,35,Male,Sunglasses,Accessories,8075,North Dakota,M,Cyan,Spring,4,Yes,2-Day Shipping,Yes,Yes,40,Debit Card,Every 3 Months
694,46,Male,Shorts,Clothing,4420,Vermont,L,Turquoise,Spring,3.1,Yes,Free Shipping,Yes,Yes,30,Cash,Every 3 Months
695,41,Male,Dress,Clothing,1785,Karnataka,S,Charcoal,Fall,3.5,Yes,2-Day Shipping,Yes,Yes,38,PhonePe,Every 3 Months
696,30,Male,Shorts,Clothing,5695,West Bengal,XL,Peach,Summer,3.7,Yes,Next Day Air,Yes,Yes,15,Debit Card,Every 3 Months
697,44,Male,Belt,Accessories,3570,Utah,L,Green,Fall,2.8,Yes,Standard,Yes,Yes,49,Cash,Monthly
698,61,Male,Scarf,Accessories,5355,North Dakota,XL,Brown,Summer,4.6,Yes,Free Shipping,Yes,Yes,40,Debit Card,Quarterly
699,55,Male,Boots,Footwear,3485,Assam,M,Yellow,Winter,3.8,Yes,Standard,Yes,Yes,40,Debit Card,Weekly
700,50,Male,Handbag,Accessories,3910,Connecticut,M,Charcoal,Fall,2.6,Yes,2-Day Shipping,Yes,Yes,5,Google Pay,Weekly
701,57,Male,Pants,Clothing,6715,Wisconsin,L,Olive,Winter,4.1,Yes,Standard,Yes,Yes,5,Google Pay,Monthly
702,51,Male,Boots,Footwear,7650,Idaho,L,Red,Fall,3.3,Yes,Next Day Air,Yes,Yes,5,Debit Card,Every 3 Months
703,18,Male,Shirt,Clothing,6035,Maharastra,M,White,Winter,3.4,Yes,Store Pickup,Yes,Yes,1,Cash,Weekly
704,63,Male,Dress,Clothing,7395,Connecticut,L,Pink,Summer,3,Yes,Standard,Yes,Yes,21,PhonePe,Weekly
705,34,Male,Hoodie,Clothing,5610,Idaho,S,Black,Spring,3.2,Yes,Express,Yes,Yes,18,Google Pay,Annually
706,25,Male,Pants,Clothing,7650,Rajasthan,XL,Indigo,Summer,4.5,Yes,Free Shipping,Yes,Yes,49,Cash,Quarterly
707,46,Male,Jeans,Clothing,3995,Assam,L,Turquoise,Summer,4.8,Yes,Express,Yes,Yes,27,Debit Card,Weekly
708,59,Male,Shirt,Clothing,3230,Punjab,L,Purple,Spring,3.7,Yes,Next Day Air,Yes,Yes,21,PhonePe,Annually
709,37,Male,Backpack,Accessories,4250,Karnataka,L,Beige,Summer,3.4,Yes,Store Pickup,Yes,Yes,19,Cash,Fortnightly
710,49,Male,Jacket,Outerwear,6715,Telangana,L,Charcoal,Summer,4.6,Yes,Standard,Yes,Yes,23,Debit Card,Monthly
711,22,Male,Scarf,Accessories,7735,Kerala,L,Turquoise,Spring,4.1,Yes,Standard,Yes,Yes,26,Google Pay,Fortnightly
712,64,Male,Boots,Footwear,5100,New Hampshire,M,Maroon,Spring,3.5,Yes,2-Day Shipping,Yes,Yes,13,Net Banking,Bi-Weekly
713,42,Male,Blouse,Clothing,6885,New Hampshire,XL,Black,Summer,3.8,Yes,Next Day Air,Yes,Yes,36,Net Banking,Quarterly
714,37,Male,Hoodie,Clothing,7650,Tamil Nadu,M,Lavender,Summer,2.6,Yes,Express,Yes,Yes,39,Net Banking,Bi-Weekly
715,26,Male,Jacket,Outerwear,5950,South Dakota,M,Magenta,Fall,4.4,Yes,Store Pickup,Yes,Yes,40,Debit Card,Fortnightly
716,33,Male,Jeans,Clothing,5355,Gujarat,L,Green,Spring,2.6,Yes,Express,Yes,Yes,37,Debit Card,Quarterly
717,30,Male,Jewelry,Accessories,2465,Haryana,M,Olive,Spring,3.6,Yes,Express,Yes,Yes,9,PhonePe,Bi-Weekly
718,21,Male,Socks,Clothing,7650,Alaska,L,Green,Spring,4.2,Yes,Express,Yes,Yes,7,PhonePe,Every 3 Months
719,22,Male,Shirt,Clothing,1870,Tamil Nadu,M,Peach,Summer,4.6,Yes,Standard,Yes,Yes,25,Net Banking,Annually
720,63,Male,Shorts,Clothing,1870,Mississippi,L,Turquoise,Summer,3.3,Yes,Next Day Air,Yes,Yes,42,PhonePe,Bi-Weekly
721,33,Male,Jewelry,Accessories,5270,New Mexico,L,Orange,Fall,3.4,Yes,Free Shipping,Yes,Yes,19,Debit Card,Weekly
722,43,Male,Blouse,Clothing,4845,Andhra Pradesh,L,Silver,Summer,4.4,Yes,Next Day Air,Yes,Yes,41,Debit Card,Every 3 Months
723,27,Male,Sweater,Clothing,2720,Kerala,S,Blue,Summer,4.3,Yes,Store Pickup,Yes,Yes,50,Cash,Bi-Weekly
724,35,Male,Jewelry,Accessories,4505,Haryana,L,Cyan,Fall,3.5,Yes,Express,Yes,Yes,43,Google Pay,Monthly
725,37,Male,T-shirt,Clothing,6715,New Hampshire,XL,Green,Fall,4.7,Yes,Store Pickup,Yes,Yes,36,PhonePe,Every 3 Months
726,61,Male,Hat,Accessories,5185,Telangana,L,Silver,Winter,3.1,Yes,Standard,Yes,Yes,33,Debit Card,Fortnightly
727,32,Male,Shorts,Clothing,6630,North Dakota,L,Yellow,Summer,3.6,Yes,Next Day Air,Yes,Yes,20,Net Banking,Every 3 Months
728,62,Male,Sweater,Clothing,8245,Rajasthan,S,Gray,Winter,4.8,Yes,Next Day Air,Yes,Yes,37,PhonePe,Every 3 Months
729,29,Male,Jeans,Clothing,6630,Nebraska,M,Pink,Winter,3.7,Yes,Next Day Air,Yes,Yes,12,Google Pay,Every 3 Months
730,41,Male,Sunglasses,Accessories,4760,Minnesota,L,Beige,Summer,3.2,Yes,Express,Yes,Yes,46,Google Pay,Every 3 Months
731,48,Male,Boots,Footwear,2125,Telangana,M,Indigo,Summer,3.9,Yes,Standard,Yes,Yes,28,PhonePe,Fortnightly
732,43,Male,Coat,Outerwear,2380,Rajasthan,M,Red,Spring,3.5,Yes,Free Shipping,Yes,Yes,30,Google Pay,Fortnightly
733,34,Male,Shirt,Clothing,4845,New Hampshire,L,Blue,Spring,2.8,Yes,Express,Yes,Yes,28,Cash,Bi-Weekly
734,45,Male,Dress,Clothing,3060,Karnataka,L,Cyan,Fall,2.7,Yes,2-Day Shipping,Yes,Yes,20,Debit Card,Bi-Weekly
735,65,Male,Shirt,Clothing,5865,New Jersey,S,Violet,Winter,3.1,Yes,Express,Yes,Yes,39,Net Banking,Every 3 Months
736,61,Male,Sunglasses,Accessories,4080,Maharastra,M,Orange,Fall,3.6,Yes,2-Day Shipping,Yes,Yes,48,Cash,Bi-Weekly
737,18,Male,Dress,Clothing,4930,Colorado,L,Maroon,Spring,2.9,Yes,2-Day Shipping,Yes,Yes,32,Credit Card,Every 3 Months
738,47,Male,Sunglasses,Accessories,2040,Nebraska,M,Teal,Spring,3.6,Yes,Store Pickup,Yes,Yes,28,Google Pay,Annually
739,56,Male,Sunglasses,Accessories,2635,Minnesota,L,Orange,Winter,3.5,Yes,2-Day Shipping,Yes,Yes,27,PhonePe,Quarterly
740,64,Male,Shorts,Clothing,2465,Minnesota,S,Purple,Summer,3.5,Yes,Free Shipping,Yes,Yes,26,PhonePe,Bi-Weekly
741,26,Male,Jeans,Clothing,5865,South Dakota,M,Orange,Summer,2.8,Yes,Next Day Air,Yes,Yes,22,Credit Card,Fortnightly
742,22,Male,T-shirt,Clothing,6715,Kerala,XL,Yellow,Summer,4.7,Yes,Free Shipping,Yes,Yes,23,Net Banking,Every 3 Months
743,64,Male,Pants,Clothing,3315,West Bengal,M,Charcoal,Summer,3.1,Yes,Express,Yes,Yes,21,Debit Card,Quarterly
744,21,Male,Sunglasses,Accessories,7140,North Carolina,L,Gray,Fall,4.9,Yes,Free Shipping,Yes,Yes,36,Cash,Weekly
745,67,Male,Boots,Footwear,5610,Bihar,S,Charcoal,Spring,4.1,Yes,Next Day Air,Yes,Yes,42,Debit Card,Bi-Weekly
746,46,Male,T-shirt,Clothing,7820,Michigan,L,Orange,Fall,4.7,Yes,Standard,Yes,Yes,4,PhonePe,Monthly
747,40,Male,Sandals,Footwear,3825,Michigan,M,Red,Winter,2.5,Yes,Free Shipping,Yes,Yes,47,Credit Card,Annually
748,51,Male,Shorts,Clothing,6290,Odisha,L,Gold,Spring,4.4,Yes,Next Day Air,Yes,Yes,13,Net Banking,Weekly
749,35,Male,Hat,Accessories,3315,South Dakota,L,Brown,Fall,3.9,Yes,Free Shipping,Yes,Yes,8,Net Banking,Quarterly
750,56,Male,Scarf,Accessories,6035,Odisha,M,Olive,Winter,3.7,Yes,Standard,Yes,Yes,11,Debit Card,Quarterly
751,25,Male,T-shirt,Clothing,8075,Maryland,L,Violet,Fall,3.4,Yes,Free Shipping,Yes,Yes,5,PhonePe,Annually
752,65,Male,Gloves,Accessories,6120,Ohio,L,Indigo,Fall,4.8,Yes,Free Shipping,Yes,Yes,1,Credit Card,Monthly
753,39,Male,Scarf,Accessories,7225,Ohio,L,Yellow,Fall,4.2,Yes,2-Day Shipping,Yes,Yes,17,Google Pay,Every 3 Months
754,47,Male,Boots,Footwear,4590,Telangana,M,Teal,Fall,3.4,Yes,Store Pickup,Yes,Yes,27,PhonePe,Quarterly
755,36,Male,Gloves,Accessories,3485,North Carolina,L,Pink,Spring,2.9,Yes,Store Pickup,Yes,Yes,3,Debit Card,Quarterly
756,66,Male,Coat,Outerwear,2040,Tamil Nadu,M,Violet,Spring,3.3,Yes,Free Shipping,Yes,Yes,22,Google Pay,Weekly
757,62,Male,Belt,Accessories,8415,Maharastra,S,Orange,Summer,4.8,Yes,Standard,Yes,Yes,24,Cash,Fortnightly
758,41,Male,Hoodie,Clothing,2720,Minnesota,M,Red,Fall,3.8,Yes,Store Pickup,Yes,Yes,18,Debit Card,Quarterly
759,66,Male,Shoes,Footwear,6035,Telangana,L,Peach,Summer,4.6,Yes,2-Day Shipping,Yes,Yes,39,Net Banking,Every 3 Months
760,51,Male,Dress,Clothing,4165,Karnataka,XL,Green,Winter,2.6,Yes,Next Day Air,Yes,Yes,25,Credit Card,Fortnightly
761,33,Male,Gloves,Accessories,4250,Minnesota,XL,Violet,Fall,3.4,Yes,Free Shipping,Yes,Yes,6,Cash,Annually
762,57,Male,Jewelry,Accessories,7735,West Bengal,L,Yellow,Fall,4.2,Yes,Express,Yes,Yes,26,Net Banking,Weekly
763,45,Male,Belt,Accessories,3910,New Mexico,M,Pink,Fall,3.9,Yes,Standard,Yes,Yes,43,Debit Card,Fortnightly
764,61,Male,Sweater,Clothing,4250,North Carolina,M,Brown,Spring,2.9,Yes,2-Day Shipping,Yes,Yes,6,Credit Card,Monthly
765,55,Male,Skirt,Clothing,3315,Kerala,XL,Silver,Fall,4.2,Yes,Free Shipping,Yes,Yes,6,Debit Card,Quarterly
766,54,Male,Sneakers,Footwear,8415,Alaska,M,Pink,Summer,3,Yes,Store Pickup,Yes,Yes,13,Cash,Quarterly
767,57,Male,Gloves,Accessories,4080,West Bengal,M,Cyan,Winter,3.6,Yes,Next Day Air,Yes,Yes,13,Google Pay,Monthly
768,27,Male,Coat,Outerwear,6545,Pennsylvania,M,Brown,Fall,2.5,Yes,Next Day Air,Yes,Yes,11,Cash,Annually
769,64,Male,Backpack,Accessories,8075,Bihar,XL,Red,Spring,2.6,Yes,Express,Yes,Yes,45,PhonePe,Weekly
770,52,Male,Socks,Clothing,8500,Gujarat,M,Silver,Spring,4.3,Yes,Store Pickup,Yes,Yes,8,Google Pay,Monthly
771,19,Male,Sneakers,Footwear,4590,Vermont,M,Gray,Spring,3.3,Yes,Express,Yes,Yes,8,Credit Card,Annually
772,22,Male,Sweater,Clothing,5780,Hawaii,L,Cyan,Fall,2.6,Yes,Next Day Air,Yes,Yes,34,Net Banking,Fortnightly
773,18,Male,Jeans,Clothing,1870,Bihar,L,Teal,Fall,3.6,Yes,Free Shipping,Yes,Yes,40,Debit Card,Bi-Weekly
774,29,Male,Hat,Accessories,7140,Andhra Pradesh,L,Indigo,Winter,2.6,Yes,Express,Yes,Yes,14,Debit Card,Bi-Weekly
775,42,Male,Hat,Accessories,3910,West Bengal,M,Yellow,Summer,3.5,Yes,Standard,Yes,Yes,11,Credit Card,Quarterly
776,49,Male,Handbag,Accessories,4505,Karnataka,S,Gold,Winter,3,Yes,Store Pickup,Yes,Yes,8,Google Pay,Monthly
777,49,Male,Shirt,Clothing,5100,Alabama,M,Maroon,Spring,5,Yes,Standard,Yes,Yes,8,PhonePe,Every 3 Months
778,55,Male,Socks,Clothing,2720,Kerala,XL,Silver,Spring,2.5,Yes,Express,Yes,Yes,37,PhonePe,Weekly
779,29,Male,Socks,Clothing,4250,Telangana,M,Yellow,Summer,2.9,Yes,Store Pickup,Yes,Yes,23,Debit Card,Annually
780,60,Male,Dress,Clothing,7990,Utah,M,Blue,Spring,4.6,Yes,Express,Yes,Yes,38,Cash,Annually
781,34,Male,Shoes,Footwear,2210,New York,M,Turquoise,Spring,3.6,Yes,Free Shipping,Yes,Yes,38,Cash,Quarterly
782,30,Male,Scarf,Accessories,3740,Vermont,L,Indigo,Winter,3,Yes,Store Pickup,Yes,Yes,12,Credit Card,Fortnightly
783,28,Male,Hoodie,Clothing,4845,Hawaii,M,Green,Summer,4.5,Yes,Standard,Yes,Yes,15,Cash,Weekly
784,63,Male,T-shirt,Clothing,5525,Punjab,L,Purple,Winter,4.5,Yes,Next Day Air,Yes,Yes,38,Google Pay,Fortnightly
785,31,Male,Jeans,Clothing,6120,Alabama,M,Peach,Winter,3.2,Yes,Store Pickup,Yes,Yes,41,Net Banking,Every 3 Months
786,46,Male,Shorts,Clothing,5270,Punjab,S,Purple,Spring,4,Yes,Next Day Air,Yes,Yes,37,Google Pay,Fortnightly
787,70,Male,Hat,Accessories,1785,Indiana,S,Teal,Winter,4.8,Yes,Express,Yes,Yes,16,Net Banking,Every 3 Months
788,53,Male,Handbag,Accessories,7225,Michigan,S,Green,Spring,3.7,Yes,Free Shipping,Yes,Yes,25,PhonePe,Weekly
789,50,Male,Pants,Clothing,4335,Karnataka,XL,Yellow,Summer,3.8,Yes,Store Pickup,Yes,Yes,18,Net Banking,Quarterly
790,33,Male,Handbag,Accessories,7140,Idaho,S,Purple,Fall,2.7,Yes,Standard,Yes,Yes,4,Credit Card,Bi-Weekly
791,22,Male,Sweater,Clothing,3145,Punjab,M,Indigo,Summer,4.9,Yes,Store Pickup,Yes,Yes,12,Net Banking,Quarterly
792,50,Male,Scarf,Accessories,3740,North Carolina,S,Magenta,Summer,3.1,Yes,2-Day Shipping,Yes,Yes,35,Google Pay,Fortnightly
793,34,Male,Sneakers,Footwear,3825,New Jersey,M,Violet,Spring,4.2,Yes,Next Day Air,Yes,Yes,45,PhonePe,Weekly
794,24,Male,Pants,Clothing,2975,Alabama,L,Maroon,Summer,3.8,Yes,Free Shipping,Yes,Yes,16,Credit Card,Monthly
795,69,Male,Backpack,Accessories,4250,Karnataka,XL,Yellow,Winter,4.2,Yes,Store Pickup,Yes,Yes,10,Debit Card,Fortnightly
796,39,Male,Sandals,Footwear,2210,New York,M,Beige,Summer,4.6,Yes,Store Pickup,Yes,Yes,34,PhonePe,Annually
797,42,Male,Socks,Clothing,6630,Arizona,XL,Black,Fall,4,Yes,2-Day Shipping,Yes,Yes,43,Credit Card,Annually
798,42,Male,Coat,Outerwear,6970,Maryland,M,Violet,Fall,4,Yes,2-Day Shipping,Yes,Yes,38,Debit Card,Weekly
799,29,Male,Socks,Clothing,3315,Alaska,M,Violet,Spring,3.8,Yes,2-Day Shipping,Yes,Yes,48,Google Pay,Every 3 Months
800,55,Male,Belt,Accessories,4675,West Bengal,L,Brown,Summer,,Yes,Free Shipping,Yes,Yes,31,Google Pay,Annually
801,32,Male,Socks,Clothing,1700,Utah,S,Gold,Summer,2.6,Yes,Free Shipping,Yes,Yes,20,Cash,Every 3 Months
802,25,Male,Belt,Accessories,2465,New Mexico,L,Blue,Fall,4.9,Yes,Express,Yes,Yes,12,Credit Card,Fortnightly
803,38,Male,Pants,Clothing,3485,Gujarat,M,Teal,Winter,3.5,Yes,Next Day Air,Yes,Yes,2,Net Banking,Weekly
804,32,Male,Shorts,Clothing,3230,Connecticut,L,Silver,Winter,2.8,Yes,Express,Yes,Yes,30,PhonePe,Every 3 Months
805,43,Male,Boots,Footwear,3995,Mississippi,M,Maroon,Summer,2.6,Yes,Store Pickup,Yes,Yes,28,PhonePe,Quarterly
806,41,Male,Dress,Clothing,2550,Connecticut,L,White,Summer,3.7,Yes,Next Day Air,Yes,Yes,40,Debit Card,Monthly
807,56,Male,Jeans,Clothing,4760,Tamil Nadu,L,Charcoal,Summer,2.7,Yes,Standard,Yes,Yes,46,Google Pay,Quarterly
808,27,Male,T-shirt,Clothing,7565,New York,S,Brown,Winter,3.3,Yes,Express,Yes,Yes,15,Credit Card,Weekly
809,46,Male,Shoes,Footwear,8160,Wisconsin,L,Lavender,Fall,4.6,Yes,Next Day Air,Yes,Yes,38,Cash,Every 3 Months
810,48,Male,Boots,Footwear,6885,South Carolina,M,Violet,Fall,4.9,Yes,Next Day Air,Yes,Yes,30,Google Pay,Bi-Weekly
811,52,Male,Scarf,Accessories,7055,South Dakota,S,Lavender,Fall,4.9,Yes,Store Pickup,Yes,Yes,32,Debit Card,Bi-Weekly
812,18,Male,Sneakers,Footwear,2975,Bihar,M,Green,Winter,2.7,Yes,Free Shipping,Yes,Yes,36,PhonePe,Quarterly
813,64,Male,Boots,Footwear,4760,Alaska,M,Olive,Summer,3.2,Yes,Standard,Yes,Yes,32,Credit Card,Weekly
814,54,Male,Handbag,Accessories,3825,Maharastra,S,Olive,Summer,2.9,Yes,Store Pickup,Yes,Yes,14,Debit Card,Annually
815,31,Male,Shirt,Clothing,5270,Minnesota,M,Pink,Winter,3.8,Yes,Express,Yes,Yes,8,Google Pay,Monthly
816,30,Male,Hat,Accessories,7140,Kerala,L,Teal,Spring,3,Yes,Next Day Air,Yes,Yes,27,PhonePe,Bi-Weekly
817,26,Male,Sweater,Clothing,2040,Bihar,L,Cyan,Summer,3.9,Yes,Store Pickup,Yes,Yes,24,Debit Card,Monthly
818,25,Male,Handbag,Accessories,1785,West Bengal,S,Gray,Spring,4.7,Yes,Store Pickup,Yes,Yes,30,Google Pay,Fortnightly
819,59,Male,Shirt,Clothing,7735,Idaho,M,Peach,Winter,4.9,Yes,Store Pickup,Yes,Yes,34,Debit Card,Monthly
820,55,Male,Sunglasses,Accessories,3060,Colorado,S,Teal,Winter,4.8,Yes,Next Day Air,Yes,Yes,28,Debit Card,Quarterly
821,56,Male,Sneakers,Footwear,3315,Punjab,M,Turquoise,Spring,2.5,Yes,2-Day Shipping,Yes,Yes,27,Debit Card,Monthly
822,62,Male,Hoodie,Clothing,3315,Vermont,M,Green,Spring,3.9,Yes,Standard,Yes,Yes,31,Credit Card,Bi-Weekly
823,35,Male,Shirt,Clothing,5015,Mississippi,L,Magenta,Winter,3.4,Yes,Standard,Yes,Yes,23,Net Banking,Annually
824,51,Male,Sunglasses,Accessories,2295,Georgia,M,Green,Winter,2.5,Yes,Free Shipping,Yes,Yes,11,Credit Card,Quarterly
825,61,Male,Blouse,Clothing,7990,Georgia,M,White,Spring,3,Yes,Store Pickup,Yes,Yes,48,Cash,Quarterly
826,27,Male,Belt,Accessories,7990,Nebraska,XL,Brown,Fall,3.6,Yes,Next Day Air,Yes,Yes,17,Cash,Monthly
827,54,Male,Dress,Clothing,7990,Telangana,M,Purple,Winter,3.6,Yes,Standard,Yes,Yes,36,Google Pay,Weekly
828,31,Male,Shoes,Footwear,4335,Colorado,S,Green,Fall,4.1,Yes,Free Shipping,Yes,Yes,33,Net Banking,Fortnightly
829,24,Male,Socks,Clothing,5270,West Bengal,M,Peach,Fall,3.7,Yes,2-Day Shipping,Yes,Yes,27,Google Pay,Bi-Weekly
830,42,Male,Socks,Clothing,4845,Idaho,S,Silver,Spring,,Yes,2-Day Shipping,Yes,Yes,14,Credit Card,Fortnightly
831,41,Male,Shorts,Clothing,6460,Kerala,M,Maroon,Fall,4.2,Yes,Express,Yes,Yes,5,Credit Card,Annually
832,66,Male,Gloves,Accessories,5355,Washington,M,Red,Summer,4.3,Yes,Express,Yes,Yes,47,Cash,Every 3 Months
833,58,Male,Jacket,Outerwear,6800,Andhra Pradesh,L,Blue,Fall,2.5,Yes,Express,Yes,Yes,28,Cash,Bi-Weekly
834,43,Male,Handbag,Accessories,5780,Odisha,M,Purple,Fall,3.5,Yes,Standard,Yes,Yes,11,Credit Card,Annually
835,52,Male,Backpack,Accessories,7565,West Bengal,M,Indigo,Summer,3.1,Yes,Free Shipping,Yes,Yes,18,Credit Card,Weekly
836,35,Male,Boots,Footwear,2210,Maryland,L,Indigo,Summer,2.5,Yes,Next Day Air,Yes,Yes,21,Debit Card,Weekly
837,23,Male,Gloves,Accessories,7650,Kerala,L,Violet,Winter,3.9,Yes,Store Pickup,Yes,Yes,22,Cash,Bi-Weekly
838,25,Male,Hoodie,Clothing,2380,Bihar,L,Brown,Spring,4.9,Yes,Express,Yes,Yes,33,Cash,Every 3 Months
839,33,Male,Coat,Outerwear,2465,Karnataka,M,Gray,Spring,4.3,Yes,Express,Yes,Yes,49,Credit Card,Annually
840,48,Male,Shirt,Clothing,2635,Bihar,L,Teal,Spring,2.6,Yes,Free Shipping,Yes,Yes,10,Debit Card,Every 3 Months
841,42,Male,Shirt,Clothing,2040,Alabama,L,Teal,Summer,4.2,Yes,2-Day Shipping,Yes,Yes,18,Google Pay,Weekly
842,55,Male,Sweater,Clothing,7480,Telangana,M,Beige,Summer,2.6,Yes,Store Pickup,Yes,Yes,28,Google Pay,Fortnightly
843,59,Male,Shirt,Clothing,7395,Haryana,M,Violet,Spring,3.6,Yes,Express,Yes,Yes,25,Google Pay,Weekly
844,65,Male,Hoodie,Clothing,6800,Pennsylvania,S,Beige,Summer,3.2,Yes,Express,Yes,Yes,6,Google Pay,Weekly
845,59,Male,Sandals,Footwear,4080,Haryana,L,Purple,Winter,4.4,Yes,Express,Yes,Yes,44,PhonePe,Bi-Weekly
846,31,Male,Belt,Accessories,1785,Michigan,XL,Charcoal,Winter,3.7,Yes,Standard,Yes,Yes,30,PhonePe,Monthly
847,49,Male,Boots,Footwear,6120,Karnataka,M,Pink,Spring,3.7,Yes,Express,Yes,Yes,42,Debit Card,Quarterly
848,53,Male,Hoodie,Clothing,3740,New Jersey,L,Blue,Fall,4.1,Yes,Standard,Yes,Yes,30,Google Pay,Monthly
849,48,Male,Sandals,Footwear,6205,Gujarat,M,Lavender,Fall,3.6,Yes,Store Pickup,Yes,Yes,33,Credit Card,Bi-Weekly
850,23,Male,Jeans,Clothing,5185,Haryana,S,Charcoal,Spring,4.3,Yes,Express,Yes,Yes,24,Google Pay,Quarterly
851,68,Male,Shoes,Footwear,1700,Connecticut,L,Turquoise,Winter,2.6,Yes,Store Pickup,Yes,Yes,13,PhonePe,Monthly
852,35,Male,Sandals,Footwear,7310,Telangana,M,Red,Summer,2.9,Yes,Express,Yes,Yes,19,Debit Card,Monthly
853,34,Male,Dress,Clothing,5100,Tamil Nadu,L,Yellow,Spring,4.2,Yes,Next Day Air,Yes,Yes,23,Debit Card,Every 3 Months
854,62,Male,Hat,Accessories,3655,Gujarat,L,Orange,Winter,4,Yes,Free Shipping,Yes,Yes,35,Cash,Monthly
855,21,Male,Pants,Clothing,3740,Andhra Pradesh,L,Blue,Spring,4.3,Yes,Free Shipping,Yes,Yes,22,PhonePe,Monthly
856,70,Male,Socks,Clothing,6460,Tamil Nadu,L,Gold,Spring,3,Yes,2-Day Shipping,Yes,Yes,14,Credit Card,Quarterly
857,55,Male,Shirt,Clothing,2805,Alaska,M,Gold,Summer,3.5,Yes,Express,Yes,Yes,47,Debit Card,Fortnightly
858,43,Male,Shorts,Clothing,5100,Haryana,L,Cyan,Fall,3,Yes,Standard,Yes,Yes,50,Debit Card,Every 3 Months
859,19,Male,Jacket,Outerwear,2210,Odisha,L,Olive,Fall,3.1,Yes,Free Shipping,Yes,Yes,33,Google Pay,Weekly
860,47,Male,Hoodie,Clothing,6205,Wisconsin,M,Teal,Winter,4,Yes,Next Day Air,Yes,Yes,7,Debit Card,Monthly
861,26,Male,Shoes,Footwear,7395,South Carolina,M,Maroon,Spring,4.1,Yes,Standard,Yes,Yes,3,Cash,Monthly
862,46,Male,Skirt,Clothing,8500,Kerala,XL,Green,Spring,,Yes,2-Day Shipping,Yes,Yes,35,Credit Card,Every 3 Months
863,19,Male,Coat,Outerwear,7140,Rajasthan,M,Charcoal,Winter,4.9,Yes,Standard,Yes,Yes,13,Google Pay,Fortnightly
864,49,Male,Sneakers,Footwear,3485,Vermont,M,Cyan,Summer,3.9,Yes,Standard,Yes,Yes,42,Google Pay,Fortnightly
865,51,Male,Jeans,Clothing,5015,Karnataka,S,Charcoal,Winter,3.9,Yes,Next Day Air,Yes,Yes,5,Google Pay,Annually
866,64,Male,Blouse,Clothing,2210,Colorado,L,Charcoal,Winter,4.8,Yes,Store Pickup,Yes,Yes,23,PhonePe,Annually
867,67,Male,Sunglasses,Accessories,5865,New Mexico,M,Lavender,Summer,2.7,Yes,Free Shipping,Yes,Yes,11,Google Pay,Bi-Weekly
868,37,Male,Jacket,Outerwear,1700,Colorado,M,Turquoise,Spring,3.1,Yes,Free Shipping,Yes,Yes,23,Net Banking,Fortnightly
869,40,Male,Dress,Clothing,7055,North Carolina,M,Green,Summer,3.2,Yes,Next Day Air,Yes,Yes,2,Credit Card,Every 3 Months
870,38,Male,Hat,Accessories,4590,New Hampshire,M,Silver,Spring,2.7,Yes,2-Day Shipping,Yes,Yes,33,Google Pay,Weekly
871,66,Male,Hoodie,Clothing,5610,Kerala,M,Blue,Fall,2.5,Yes,Standard,Yes,Yes,6,Net Banking,Bi-Weekly
872,47,Male,Handbag,Accessories,3570,Hawaii,M,Charcoal,Spring,2.6,Yes,Next Day Air,Yes,Yes,45,Debit Card,Quarterly
873,56,Male,Jeans,Clothing,2805,North Dakota,M,Pink,Spring,2.9,Yes,Standard,Yes,Yes,25,Cash,Quarterly
874,51,Male,Boots,Footwear,6545,Mississippi,M,Pink,Summer,4.2,Yes,Free Shipping,Yes,Yes,24,PhonePe,Quarterly
875,25,Male,Jacket,Outerwear,5525,Andhra Pradesh,M,Magenta,Fall,4.4,Yes,Free Shipping,Yes,Yes,10,PhonePe,Every 3 Months
876,37,Male,Sandals,Footwear,3315,North Dakota,L,Gray,Summer,4.1,Yes,Free Shipping,Yes,Yes,7,Net Banking,Every 3 Months
877,41,Male,Belt,Accessories,4335,Nebraska,L,Gray,Summer,3.8,Yes,2-Day Shipping,Yes,Yes,1,Debit Card,Weekly
878,64,Male,Handbag,Accessories,5525,Nebraska,M,Orange,Winter,4.9,Yes,Next Day Air,Yes,Yes,45,PhonePe,Every 3 Months
879,23,Male,Sunglasses,Accessories,7565,Tennessee,S,Black,Summer,4.9,Yes,Express,Yes,Yes,37,Debit Card,Weekly
880,62,Male,Skirt,Clothing,6460,Kerala,S,Lavender,Spring,4.1,Yes,Free Shipping,Yes,Yes,14,Google Pay,Quarterly
881,39,Male,Backpack,Accessories,6375,West Bengal,L,Red,Spring,3.1,Yes,Express,Yes,Yes,25,Debit Card,Monthly
882,52,Male,Sandals,Footwear,5185,South Carolina,M,Silver,Summer,2.7,Yes,Next Day Air,Yes,Yes,18,PhonePe,Annually
883,50,Male,Boots,Footwear,2975,Kerala,M,Cyan,Fall,3.8,Yes,Next Day Air,Yes,Yes,37,Cash,Every 3 Months
884,28,Male,Sneakers,Footwear,3145,Pennsylvania,S,Gold,Fall,4.3,Yes,Free Shipping,Yes,Yes,30,Net Banking,Monthly
885,67,Male,Skirt,Clothing,7735,Hawaii,L,Yellow,Winter,4.1,Yes,Express,Yes,Yes,34,Net Banking,Weekly
886,41,Male,Dress,Clothing,8415,Ohio,L,Purple,Fall,4.4,Yes,Free Shipping,Yes,Yes,49,Debit Card,Every 3 Months
887,19,Male,Shorts,Clothing,4590,Utah,S,Brown,Summer,3.6,Yes,Express,Yes,Yes,48,Net Banking,Monthly
888,70,Male,Handbag,Accessories,3995,Minnesota,L,Turquoise,Winter,3.3,Yes,2-Day Shipping,Yes,Yes,33,Google Pay,Fortnightly
889,49,Male,Scarf,Accessories,6545,New Hampshire,S,Gold,Spring,,Yes,Express,Yes,Yes,44,Cash,Annually
890,59,Male,Belt,Accessories,7140,Arizona,S,Olive,Fall,2.8,Yes,Free Shipping,Yes,Yes,50,PhonePe,Weekly
891,52,Male,Gloves,Accessories,4335,New York,S,Purple,Spring,4.3,Yes,2-Day Shipping,Yes,Yes,47,Credit Card,Monthly
892,20,Male,Skirt,Clothing,2210,Pennsylvania,S,Lavender,Summer,3.9,Yes,Store Pickup,Yes,Yes,24,Google Pay,Every 3 Months
893,31,Male,Shorts,Clothing,5440,New Mexico,L,Gray,Summer,2.7,Yes,Free Shipping,Yes,Yes,43,Debit Card,Monthly
894,33,Male,Backpack,Accessories,4335,Nebraska,M,Red,Spring,4.7,Yes,Express,Yes,Yes,14,PhonePe,Monthly
895,44,Male,Hoodie,Clothing,5100,Kerala,L,Purple,Spring,3.8,Yes,Free Shipping,Yes,Yes,3,Debit Card,Quarterly
896,40,Male,Hat,Accessories,5865,Mississippi,XL,Olive,Spring,4.7,Yes,Next Day Air,Yes,Yes,33,Debit Card,Quarterly
897,69,Male,Jewelry,Accessories,2465,Rajasthan,M,Lavender,Spring,4.7,Yes,Express,Yes,Yes,38,Cash,Fortnightly
898,29,Male,Shirt,Clothing,7735,Bihar,M,Gray,Spring,3.4,Yes,Express,Yes,Yes,46,PhonePe,Weekly
899,54,Male,Belt,Accessories,5950,West Bengal,L,Red,Spring,3.5,Yes,2-Day Shipping,Yes,Yes,19,Net Banking,Every 3 Months
900,65,Male,Sweater,Clothing,4930,Karnataka,M,Peach,Summer,4,Yes,Standard,Yes,Yes,20,Google Pay,Annually
901,54,Male,Hat,Accessories,8330,Kerala,L,Gray,Fall,3.3,Yes,Free Shipping,Yes,Yes,42,Net Banking,Quarterly
902,60,Male,Scarf,Accessories,5780,Haryana,L,Violet,Summer,4.7,Yes,2-Day Shipping,Yes,Yes,34,Cash,Monthly
903,43,Male,Hat,Accessories,3740,Karnataka,M,Beige,Summer,2.8,Yes,Next Day Air,Yes,Yes,5,Cash,Monthly
904,44,Male,Jacket,Outerwear,3825,Washington,M,Blue,Winter,3.3,Yes,Express,Yes,Yes,3,Google Pay,Quarterly
905,69,Male,T-shirt,Clothing,8415,Alaska,L,Magenta,Spring,2.9,Yes,Free Shipping,Yes,Yes,46,Google Pay,Every 3 Months
906,46,Male,Dress,Clothing,5780,Mississippi,S,Cyan,Spring,2.8,Yes,Standard,Yes,Yes,16,PhonePe,Annually
907,41,Male,Pants,Clothing,4760,South Carolina,M,Red,Spring,4.2,Yes,Standard,Yes,Yes,21,Debit Card,Bi-Weekly
908,32,Male,Sweater,Clothing,3655,Haryana,L,Cyan,Winter,4.4,Yes,Express,Yes,Yes,34,Credit Card,Bi-Weekly
909,26,Male,Sunglasses,Accessories,8415,New Jersey,M,Turquoise,Winter,3.6,Yes,Free Shipping,Yes,Yes,9,Google Pay,Every 3 Months
910,61,Male,Belt,Accessories,4760,Punjab,L,Silver,Fall,2.7,Yes,Express,Yes,Yes,36,Google Pay,Weekly
911,49,Male,Hoodie,Clothing,2125,South Carolina,S,Pink,Spring,3.4,Yes,Express,Yes,Yes,22,Credit Card,Monthly
912,53,Male,Pants,Clothing,6290,Vermont,M,Black,Winter,2.8,Yes,2-Day Shipping,Yes,Yes,2,Net Banking,Quarterly
913,24,Male,Hoodie,Clothing,4760,Rajasthan,M,Green,Winter,3.4,Yes,Next Day Air,Yes,Yes,32,Net Banking,Monthly
914,37,Male,Sneakers,Footwear,3995,Utah,M,Yellow,Fall,2.6,Yes,Next Day Air,Yes,Yes,29,Cash,Every 3 Months
915,43,Male,Dress,Clothing,5695,Washington,L,Purple,Summer,4.1,Yes,Standard,Yes,Yes,27,PhonePe,Every 3 Months
916,31,Male,Dress,Clothing,1870,Karnataka,L,Purple,Winter,2.9,Yes,Store Pickup,Yes,Yes,33,Credit Card,Fortnightly
917,49,Male,Jeans,Clothing,2890,Bihar,S,Blue,Spring,2.7,Yes,Standard,Yes,Yes,16,PhonePe,Monthly
918,69,Male,Sweater,Clothing,5440,Haryana,M,Maroon,Spring,3.7,Yes,Standard,Yes,Yes,11,Net Banking,Quarterly
919,65,Male,Shorts,Clothing,3570,North Carolina,M,Orange,Spring,4.3,Yes,2-Day Shipping,Yes,Yes,11,Cash,Fortnightly
920,41,Male,Shirt,Clothing,6970,Telangana,L,Green,Winter,2.6,Yes,2-Day Shipping,Yes,Yes,17,Debit Card,Bi-Weekly
921,37,Male,Belt,Accessories,6885,Rajasthan,XL,Gold,Summer,4.3,Yes,Free Shipping,Yes,Yes,37,Cash,Weekly
922,70,Male,Coat,Outerwear,2040,South Dakota,L,Silver,Summer,4.1,Yes,Express,Yes,Yes,18,Google Pay,Weekly
923,63,Male,Sneakers,Footwear,5100,Georgia,M,Cyan,Fall,4.2,Yes,Standard,Yes,Yes,13,Credit Card,Monthly
924,55,Male,Shirt,Clothing,2040,Rajasthan,M,Silver,Spring,4.2,Yes,2-Day Shipping,Yes,Yes,7,Google Pay,Weekly
925,52,Male,Socks,Clothing,6630,Kansas,XL,Beige,Winter,3.1,Yes,Standard,Yes,Yes,37,Cash,Quarterly
926,22,Male,Jeans,Clothing,7480,Arizona,L,Teal,Winter,4.9,Yes,Express,Yes,Yes,8,Cash,Monthly
927,54,Male,Jeans,Clothing,5355,Telangana,XL,Green,Spring,4.4,Yes,Express,Yes,Yes,11,Cash,Bi-Weekly
928,28,Male,Sneakers,Footwear,6630,New Mexico,L,Black,Summer,4.4,Yes,Standard,Yes,Yes,8,PhonePe,Bi-Weekly
929,67,Male,Dress,Clothing,3145,Rajasthan,XL,Yellow,Winter,3.4,Yes,Store Pickup,Yes,Yes,31,Cash,Every 3 Months
930,59,Male,Boots,Footwear,7990,Nebraska,M,White,Fall,4.5,Yes,2-Day Shipping,Yes,Yes,26,Debit Card,Fortnightly
931,26,Male,T-shirt,Clothing,6630,Hawaii,L,Green,Fall,4.5,Yes,Store Pickup,Yes,Yes,20,Credit Card,Bi-Weekly
932,24,Male,Coat,Outerwear,3060,Nebraska,M,Silver,Winter,4.1,Yes,Standard,Yes,Yes,24,Net Banking,Fortnightly
933,62,Male,Skirt,Clothing,2040,Indiana,L,Blue,Winter,3.2,Yes,Standard,Yes,Yes,45,Debit Card,Bi-Weekly
934,70,Male,Sneakers,Footwear,7140,Colorado,M,Magenta,Spring,2.7,Yes,Store Pickup,Yes,Yes,33,Debit Card,Monthly
935,45,Male,Jeans,Clothing,3995,Tamil Nadu,S,Yellow,Spring,3.7,Yes,Express,Yes,Yes,21,Net Banking,Monthly
936,58,Male,Hoodie,Clothing,4335,Ohio,L,White,Fall,2.6,Yes,Store Pickup,Yes,Yes,2,Net Banking,Fortnightly
937,31,Male,Shoes,Footwear,7140,Andhra Pradesh,M,Pink,Summer,2.7,Yes,Free Shipping,Yes,Yes,28,Cash,Weekly
938,32,Male,Shorts,Clothing,2040,Assam,M,Magenta,Summer,2.7,Yes,Express,Yes,Yes,18,PhonePe,Quarterly
939,36,Male,Blouse,Clothing,8245,Wisconsin,S,Teal,Fall,4.8,Yes,Free Shipping,Yes,Yes,21,Debit Card,Fortnightly
940,25,Male,T-shirt,Clothing,7565,New York,L,Indigo,Winter,4.8,Yes,Next Day Air,Yes,Yes,24,Credit Card,Monthly
941,48,Male,Belt,Accessories,3740,Colorado,S,Maroon,Spring,2.6,Yes,Store Pickup,Yes,Yes,15,Google Pay,Every 3 Months
942,39,Male,Handbag,Accessories,2975,Bihar,L,Black,Winter,4.5,Yes,2-Day Shipping,Yes,Yes,38,Google Pay,Every 3 Months
943,26,Male,Dress,Clothing,7735,Arizona,M,Cyan,Winter,3.2,Yes,Express,Yes,Yes,38,Google Pay,Bi-Weekly
944,32,Male,Hat,Accessories,5355,Odisha,L,Cyan,Winter,3.8,Yes,Next Day Air,Yes,Yes,13,PhonePe,Fortnightly
945,54,Male,Belt,Accessories,8245,Indiana,S,Gray,Spring,4.8,Yes,Express,Yes,Yes,39,Cash,Bi-Weekly
946,38,Male,Boots,Footwear,3230,Minnesota,M,Violet,Summer,4.1,Yes,Store Pickup,Yes,Yes,8,PhonePe,Every 3 Months
947,46,Male,Coat,Outerwear,2040,Pennsylvania,XL,Blue,Spring,2.8,Yes,Next Day Air,Yes,Yes,4,Google Pay,Quarterly
948,57,Male,Blouse,Clothing,2720,Indiana,M,Charcoal,Winter,3.9,Yes,Store Pickup,Yes,Yes,6,Cash,Every 3 Months
949,49,Male,Hat,Accessories,7650,Alabama,L,Olive,Summer,4.9,Yes,Express,Yes,Yes,11,PhonePe,Every 3 Months
950,33,Male,Jeans,Clothing,3060,Maharastra,M,Olive,Summer,3.4,Yes,Standard,Yes,Yes,49,PhonePe,Monthly
951,54,Male,Backpack,Accessories,3145,New Mexico,XL,Turquoise,Winter,4.1,Yes,Free Shipping,Yes,Yes,30,Google Pay,Quarterly
952,47,Male,Dress,Clothing,4335,Alaska,M,Cyan,Summer,2.9,Yes,Express,Yes,Yes,34,Net Banking,Monthly
953,36,Male,Hat,Accessories,6035,Idaho,S,Red,Fall,3.1,Yes,2-Day Shipping,Yes,Yes,28,Google Pay,Monthly
954,68,Male,Sunglasses,Accessories,4250,Utah,S,Cyan,Spring,3.6,Yes,2-Day Shipping,Yes,Yes,36,PhonePe,Quarterly
955,60,Male,Hat,Accessories,6290,Punjab,S,Turquoise,Fall,3.5,Yes,Standard,Yes,Yes,18,Credit Card,Every 3 Months
956,55,Male,Dress,Clothing,6375,Mississippi,L,Lavender,Summer,3.4,Yes,Free Shipping,Yes,Yes,4,Google Pay,Monthly
957,29,Male,Shirt,Clothing,8415,Mississippi,XL,Cyan,Spring,2.9,Yes,2-Day Shipping,Yes,Yes,42,Debit Card,Quarterly
958,38,Male,Scarf,Accessories,1955,Indiana,XL,Violet,Spring,4.7,Yes,Store Pickup,Yes,Yes,11,Cash,Quarterly
959,70,Male,Sneakers,Footwear,4505,Washington,XL,Beige,Winter,4.4,Yes,Free Shipping,Yes,Yes,31,Credit Card,Bi-Weekly
960,36,Male,Skirt,Clothing,8415,West Bengal,M,Cyan,Spring,2.6,Yes,Standard,Yes,Yes,12,Cash,Fortnightly
961,18,Male,Jewelry,Accessories,4080,Punjab,XL,Indigo,Spring,4.4,Yes,Standard,Yes,Yes,20,PhonePe,Quarterly
962,62,Male,Boots,Footwear,6120,Pennsylvania,L,Olive,Fall,3.7,Yes,Next Day Air,Yes,Yes,37,Debit Card,Quarterly
963,29,Male,Sunglasses,Accessories,5440,Michigan,L,Green,Spring,4.4,Yes,Standard,Yes,Yes,26,Debit Card,Fortnightly
964,21,Male,Boots,Footwear,5355,South Carolina,L,Green,Spring,2.5,Yes,2-Day Shipping,Yes,Yes,14,Credit Card,Weekly
965,42,Male,Sandals,Footwear,4335,Arizona,M,Beige,Spring,2.6,Yes,Next Day Air,Yes,Yes,12,PhonePe,Bi-Weekly
966,43,Male,Boots,Footwear,4675,Gujarat,L,Black,Spring,5,Yes,Store Pickup,Yes,Yes,10,Credit Card,Annually
967,58,Male,Dress,Clothing,4675,Karnataka,M,Brown,Spring,4.9,Yes,Express,Yes,Yes,19,Cash,Annually
968,27,Male,Hoodie,Clothing,2210,Georgia,S,Silver,Summer,3.7,Yes,Store Pickup,Yes,Yes,4,Cash,Weekly
969,57,Male,Shorts,Clothing,5695,North Carolina,L,Gray,Summer,3.1,Yes,Next Day Air,Yes,Yes,48,Net Banking,Quarterly
970,40,Male,Coat,Outerwear,2635,Andhra Pradesh,S,Pink,Fall,3.2,Yes,Express,Yes,Yes,37,Google Pay,Monthly
971,45,Male,Jeans,Clothing,5610,Andhra Pradesh,S,Maroon,Winter,4.4,Yes,Free Shipping,Yes,Yes,4,Cash,Monthly
972,47,Male,Sunglasses,Accessories,5695,Indiana,M,Cyan,Summer,4.3,Yes,Next Day Air,Yes,Yes,15,Credit Card,Weekly
973,61,Male,Sneakers,Footwear,5185,Colorado,L,Gold,Winter,3,Yes,Standard,Yes,Yes,33,Credit Card,Weekly
974,60,Male,Jacket,Outerwear,6375,Colorado,M,Teal,Fall,3.5,Yes,2-Day Shipping,Yes,Yes,30,Net Banking,Quarterly
975,69,Male,Skirt,Clothing,7650,North Carolina,M,Beige,Spring,3.6,Yes,2-Day Shipping,Yes,Yes,23,Net Banking,Monthly
976,58,Male,Sweater,Clothing,3400,Washington,M,Olive,Summer,3.8,Yes,2-Day Shipping,Yes,Yes,2,Net Banking,Weekly
977,34,Male,T-shirt,Clothing,7650,Tamil Nadu,M,Gray,Fall,3.6,Yes,Express,Yes,Yes,50,Credit Card,Every 3 Months
978,20,Male,Belt,Accessories,1700,Washington,M,Black,Spring,4.6,Yes,Express,Yes,Yes,34,Cash,Bi-Weekly
979,56,Male,Gloves,Accessories,3400,Colorado,M,Turquoise,Summer,2.5,Yes,Standard,Yes,Yes,33,Credit Card,Weekly
980,64,Male,Hat,Accessories,2805,New Hampshire,S,Brown,Fall,3.5,Yes,Store Pickup,Yes,Yes,34,Debit Card,Monthly
981,56,Male,Boots,Footwear,8330,Maryland,S,Magenta,Spring,4,Yes,Free Shipping,Yes,Yes,39,Google Pay,Every 3 Months
982,27,Male,Belt,Accessories,3570,Maryland,M,Silver,Spring,3.5,Yes,Next Day Air,Yes,Yes,47,Credit Card,Quarterly
983,35,Male,Coat,Outerwear,5270,Telangana,S,Red,Summer,3.2,Yes,Standard,Yes,Yes,37,Google Pay,Monthly
984,24,Male,Hat,Accessories,3825,New Mexico,L,Indigo,Winter,3.5,Yes,Free Shipping,Yes,Yes,40,PhonePe,Bi-Weekly
985,26,Male,Shoes,Footwear,6630,Utah,M,Green,Summer,3.4,Yes,Free Shipping,Yes,Yes,8,Credit Card,Bi-Weekly
986,32,Male,Handbag,Accessories,6800,Kerala,M,Gray,Fall,5,Yes,Express,Yes,Yes,12,Net Banking,Annually
987,54,Male,Scarf,Accessories,8160,Connecticut,S,Peach,Spring,4.5,Yes,Store Pickup,Yes,Yes,36,Net Banking,Monthly
988,62,Male,Handbag,Accessories,3995,Kerala,M,Charcoal,Summer,2.8,Yes,Express,Yes,Yes,48,Google Pay,Weekly
989,50,Male,Pants,Clothing,7140,Ohio,M,Orange,Winter,4.9,Yes,2-Day Shipping,Yes,Yes,47,Google Pay,Fortnightly
990,70,Male,Shoes,Footwear,2635,Telangana,M,Beige,Spring,3.1,Yes,Store Pickup,Yes,Yes,2,Net Banking,Monthly
991,48,Male,Sunglasses,Accessories,5355,Washington,S,Yellow,Spring,4.8,Yes,Store Pickup,Yes,Yes,24,Cash,Weekly
992,20,Male,Shorts,Clothing,8245,Wisconsin,XL,White,Spring,2.7,Yes,Standard,Yes,Yes,40,Net Banking,Bi-Weekly
993,46,Male,Jacket,Outerwear,8415,Punjab,M,Gray,Winter,4.6,Yes,Express,Yes,Yes,50,Debit Card,Weekly
994,51,Male,Sandals,Footwear,7650,Assam,M,Peach,Winter,4.4,Yes,Store Pickup,Yes,Yes,25,Cash,Weekly
995,53,Male,Shoes,Footwear,5780,New York,L,Violet,Fall,3.2,Yes,Express,Yes,Yes,20,Debit Card,Monthly
996,44,Male,Jewelry,Accessories,6800,Idaho,M,Magenta,Spring,3,Yes,2-Day Shipping,Yes,Yes,10,PhonePe,Weekly
997,29,Male,Sandals,Footwear,7735,Gujarat,L,Maroon,Summer,4.9,Yes,Standard,Yes,Yes,32,Net Banking,Quarterly
998,64,Male,Pants,Clothing,2550,Karnataka,M,Cyan,Spring,3.6,Yes,Express,Yes,Yes,31,Cash,Fortnightly
999,51,Male,Shoes,Footwear,7650,Connecticut,M,White,Spring,3.8,Yes,Next Day Air,Yes,Yes,48,Net Banking,Bi-Weekly
1000,50,Male,Socks,Clothing,2380,New Mexico,L,Brown,Spring,2.9,Yes,Standard,Yes,Yes,23,Debit Card,Monthly
1001,43,Male,Socks,Clothing,3910,Georgia,M,Red,Winter,3.9,Yes,Express,Yes,Yes,1,Net Banking,Bi-Weekly
1002,61,Male,Dress,Clothing,5100,Washington,M,Orange,Fall,3.6,Yes,Standard,Yes,Yes,4,Debit Card,Fortnightly
1003,55,Male,Shoes,Footwear,5015,North Dakota,M,White,Spring,3.5,Yes,Store Pickup,Yes,Yes,3,Net Banking,Bi-Weekly
1004,56,Male,Hat,Accessories,5780,Ohio,M,Green,Fall,4,Yes,Store Pickup,Yes,Yes,3,Cash,Bi-Weekly
1005,33,Male,Backpack,Accessories,6715,Tennessee,M,Black,Summer,4.8,Yes,2-Day Shipping,Yes,Yes,44,Cash,Annually
1006,43,Male,Backpack,Accessories,7990,New York,M,Gold,Winter,3.9,Yes,Store Pickup,Yes,Yes,5,Debit Card,Bi-Weekly
1007,21,Male,Pants,Clothing,7055,Michigan,S,Lavender,Summer,4.5,Yes,Next Day Air,Yes,Yes,50,PhonePe,Quarterly
1008,58,Male,Gloves,Accessories,5270,Georgia,XL,Turquoise,Spring,4.8,Yes,Standard,Yes,Yes,2,Credit Card,Annually
1009,41,Male,Scarf,Accessories,7225,New Mexico,M,Pink,Spring,2.6,Yes,Store Pickup,Yes,Yes,29,Google Pay,Annually
1010,39,Male,Hoodie,Clothing,2550,Punjab,M,Silver,Summer,3.1,Yes,Express,Yes,Yes,11,PhonePe,Annually
1011,54,Male,Jeans,Clothing,2040,South Dakota,XL,Gray,Spring,4.7,Yes,2-Day Shipping,Yes,Yes,37,Credit Card,Fortnightly
1012,43,Male,Backpack,Accessories,2125,Maharastra,L,Indigo,Spring,2.9,Yes,Next Day Air,Yes,Yes,32,Debit Card,Fortnightly
1013,28,Male,Sandals,Footwear,3145,New Mexico,L,Teal,Summer,3.8,Yes,Express,Yes,Yes,27,Credit Card,Annually
1014,59,Male,Belt,Accessories,5865,South Carolina,XL,Green,Summer,3.8,Yes,2-Day Shipping,Yes,Yes,31,PhonePe,Bi-Weekly
1015,28,Male,Shoes,Footwear,8245,Ohio,M,Violet,Summer,3,Yes,Standard,Yes,Yes,36,Debit Card,Fortnightly
1016,68,Male,Gloves,Accessories,2040,North Carolina,M,Cyan,Summer,4.1,Yes,Standard,Yes,Yes,34,Cash,Weekly
1017,20,Male,Belt,Accessories,2550,Idaho,XL,Blue,Summer,3.4,Yes,Express,Yes,Yes,15,Net Banking,Every 3 Months
1018,21,Male,Jacket,Outerwear,4505,Odisha,L,Orange,Fall,2.5,Yes,Express,Yes,Yes,14,Credit Card,Annually
1019,50,Male,Dress,Clothing,5950,Georgia,XL,Charcoal,Spring,4.9,Yes,Next Day Air,Yes,Yes,46,Cash,Weekly
1020,32,Male,Shirt,Clothing,6460,Karnataka,S,Beige,Winter,2.8,Yes,Standard,Yes,Yes,33,PhonePe,Bi-Weekly
1021,24,Male,Scarf,Accessories,8075,Gujarat,M,Black,Fall,4.5,Yes,Express,Yes,Yes,41,Debit Card,Annually
1022,55,Male,Coat,Outerwear,4335,Telangana,S,Lavender,Winter,4.9,Yes,2-Day Shipping,Yes,Yes,39,Google Pay,Weekly
1023,61,Male,Handbag,Accessories,3485,Nebraska,M,Lavender,Winter,4.9,Yes,Store Pickup,Yes,Yes,7,Cash,Annually
1024,61,Male,Sunglasses,Accessories,6035,Andhra Pradesh,S,Turquoise,Winter,3.5,Yes,Free Shipping,Yes,Yes,29,Net Banking,Every 3 Months
1025,28,Male,T-shirt,Clothing,5610,Pennsylvania,M,Purple,Summer,3.5,Yes,Free Shipping,Yes,Yes,18,PhonePe,Quarterly
1026,60,Male,Shirt,Clothing,7140,Nebraska,M,Olive,Winter,4.9,Yes,Free Shipping,Yes,Yes,15,Credit Card,Annually
1027,49,Male,Handbag,Accessories,8075,Kerala,L,Turquoise,Winter,3,Yes,Express,Yes,Yes,39,Google Pay,Bi-Weekly
1028,33,Male,Jewelry,Accessories,7650,Ohio,L,Teal,Summer,2.8,Yes,Next Day Air,Yes,Yes,11,Cash,Monthly
1029,45,Male,Hoodie,Clothing,3060,Nebraska,S,Lavender,Summer,3.7,Yes,Standard,Yes,Yes,4,Cash,Fortnightly
1030,29,Male,Gloves,Accessories,1870,Ohio,M,Purple,Spring,3.6,Yes,2-Day Shipping,Yes,Yes,33,PhonePe,Bi-Weekly
1031,58,Male,Coat,Outerwear,7565,Karnataka,L,Blue,Winter,3.3,Yes,Next Day Air,Yes,Yes,37,Debit Card,Quarterly
1032,22,Male,Sandals,Footwear,4250,Tennessee,M,Teal,Spring,3.4,Yes,Free Shipping,Yes,Yes,32,Cash,Quarterly
1033,55,Male,Boots,Footwear,3060,Andhra Pradesh,M,Lavender,Fall,4,Yes,Free Shipping,Yes,Yes,44,Credit Card,Quarterly
1034,19,Male,Pants,Clothing,4420,Maharastra,S,Silver,Spring,4.6,Yes,Free Shipping,Yes,Yes,41,Net Banking,Quarterly
1035,68,Male,Socks,Clothing,2465,Maryland,M,Olive,Fall,4.2,Yes,Next Day Air,Yes,Yes,44,Net Banking,Weekly
1036,61,Male,Blouse,Clothing,7565,Georgia,M,Brown,Fall,2.8,Yes,Express,Yes,Yes,32,PhonePe,Annually
1037,68,Male,Handbag,Accessories,3995,Hawaii,M,Yellow,Fall,3.7,Yes,2-Day Shipping,Yes,Yes,13,Net Banking,Monthly
1038,52,Male,Jewelry,Accessories,2125,Karnataka,XL,Brown,Spring,3.4,Yes,Standard,Yes,Yes,48,Debit Card,Quarterly
1039,41,Male,Pants,Clothing,6290,Nebraska,XL,Cyan,Fall,3,Yes,Express,Yes,Yes,3,Net Banking,Weekly
1040,29,Male,Belt,Accessories,3910,Michigan,M,Magenta,Fall,4.8,Yes,Standard,Yes,Yes,39,PhonePe,Monthly
1041,68,Male,Jeans,Clothing,1870,North Carolina,S,Magenta,Fall,4,Yes,Next Day Air,Yes,Yes,7,Cash,Fortnightly
1042,36,Male,Shirt,Clothing,2125,Minnesota,M,Orange,Summer,4.9,Yes,Next Day Air,Yes,Yes,11,Cash,Fortnightly
1043,55,Male,Belt,Accessories,6800,Maryland,M,Maroon,Spring,4.9,Yes,Next Day Air,Yes,Yes,47,Credit Card,Weekly
1044,28,Male,Jeans,Clothing,6460,Hawaii,M,Green,Spring,3.3,Yes,2-Day Shipping,Yes,Yes,28,Debit Card,Fortnightly
1045,39,Male,Jeans,Clothing,2550,Tamil Nadu,L,Teal,Summer,4.4,Yes,Next Day Air,Yes,Yes,17,Net Banking,Every 3 Months
1046,54,Male,Sweater,Clothing,6715,New Mexico,L,Black,Fall,3.5,Yes,2-Day Shipping,Yes,Yes,11,Google Pay,Bi-Weekly
1047,40,Male,Sneakers,Footwear,1870,Bihar,M,Magenta,Winter,4.2,Yes,Standard,Yes,Yes,12,PhonePe,Annually
1048,31,Male,Socks,Clothing,3060,Utah,S,Olive,Fall,4.2,Yes,Standard,Yes,Yes,7,Credit Card,Fortnightly
1049,30,Male,Socks,Clothing,6545,Andhra Pradesh,L,Yellow,Fall,2.7,Yes,Standard,Yes,Yes,19,PhonePe,Fortnightly
1050,45,Male,Sunglasses,Accessories,2805,Kerala,S,Purple,Fall,2.8,Yes,Store Pickup,Yes,Yes,24,Cash,Quarterly
1051,48,Male,Sneakers,Footwear,5440,Tamil Nadu,M,Beige,Winter,3.8,Yes,Next Day Air,Yes,Yes,19,PhonePe,Monthly
1052,45,Male,Socks,Clothing,4505,Ohio,M,Indigo,Fall,2.6,Yes,Free Shipping,Yes,Yes,39,Google Pay,Annually
1053,60,Male,Shoes,Footwear,3060,Kerala,XL,Pink,Fall,3,Yes,2-Day Shipping,Yes,Yes,1,Credit Card,Fortnightly
1054,59,Male,Blouse,Clothing,5950,Kansas,M,Blue,Spring,3.3,No,2-Day Shipping,Yes,Yes,10,Debit Card,Bi-Weekly
1055,18,Male,Shorts,Clothing,8160,Rajasthan,L,Cyan,Winter,4.9,No,Express,Yes,Yes,48,Google Pay,Quarterly
1056,70,Male,Jacket,Outerwear,2295,Telangana,M,Orange,Spring,3.3,No,Next Day Air,Yes,Yes,24,Debit Card,Annually
1057,20,Male,Sweater,Clothing,5440,Idaho,L,Black,Winter,2.9,No,2-Day Shipping,Yes,Yes,42,PhonePe,Fortnightly
1058,65,Male,Jacket,Outerwear,1955,Wisconsin,S,Maroon,Spring,4.4,No,2-Day Shipping,Yes,Yes,20,Credit Card,Weekly
1059,29,Male,Scarf,Accessories,2805,New Mexico,L,Violet,Summer,3.1,No,Next Day Air,Yes,Yes,49,Net Banking,Every 3 Months
1060,22,Male,Jacket,Outerwear,2890,North Carolina,M,Beige,Winter,2.5,No,Standard,Yes,Yes,25,Debit Card,Monthly
1061,27,Male,Sweater,Clothing,2975,Assam,S,Gray,Summer,2.6,No,Next Day Air,Yes,Yes,21,Debit Card,Every 3 Months
1062,36,Male,Coat,Outerwear,5270,Idaho,M,Gray,Summer,4.4,No,Free Shipping,Yes,Yes,12,PhonePe,Every 3 Months
1063,59,Male,Boots,Footwear,6375,Ohio,M,Brown,Fall,2.6,No,Next Day Air,Yes,Yes,21,Debit Card,Every 3 Months
1064,62,Male,Hoodie,Clothing,2465,Alabama,S,Indigo,Summer,3.3,No,Free Shipping,Yes,Yes,35,Cash,Monthly
1065,34,Male,Hat,Accessories,2380,Kerala,M,Violet,Spring,3.5,No,Express,Yes,Yes,42,Credit Card,Every 3 Months
1066,59,Male,T-shirt,Clothing,1700,Alabama,XL,Blue,Spring,4.1,No,Store Pickup,Yes,Yes,3,Google Pay,Every 3 Months
1067,49,Male,Coat,Outerwear,8160,Mississippi,M,Red,Winter,4,No,Store Pickup,Yes,Yes,11,Google Pay,Bi-Weekly
1068,18,Male,Dress,Clothing,3655,Pennsylvania,S,Peach,Summer,2.7,No,2-Day Shipping,Yes,Yes,22,Google Pay,Quarterly
1069,55,Male,Shirt,Clothing,7990,Kerala,M,Olive,Fall,2.5,No,Standard,Yes,Yes,47,Credit Card,Weekly
1070,38,Male,Skirt,Clothing,6885,Maryland,XL,White,Fall,4.3,No,Next Day Air,Yes,Yes,33,PhonePe,Every 3 Months
1071,50,Male,Jewelry,Accessories,6375,North Carolina,M,Magenta,Summer,3.3,No,Free Shipping,Yes,Yes,50,Debit Card,Weekly
1072,61,Male,Hat,Accessories,6885,Pennsylvania,M,Beige,Summer,2.6,No,Express,Yes,Yes,46,Credit Card,Monthly
1073,48,Male,Shorts,Clothing,7820,Idaho,L,Gold,Fall,,No,Express,Yes,Yes,34,Debit Card,Fortnightly
1074,22,Male,Scarf,Accessories,8160,Andhra Pradesh,XL,Purple,Spring,4,No,Store Pickup,Yes,Yes,33,Credit Card,Monthly
1075,48,Male,Jewelry,Accessories,6035,Tennessee,S,White,Fall,2.6,No,Standard,Yes,Yes,45,Net Banking,Fortnightly
1076,57,Male,Sunglasses,Accessories,4250,Haryana,L,Indigo,Summer,4.9,No,Next Day Air,Yes,Yes,32,Debit Card,Bi-Weekly
1077,33,Male,Coat,Outerwear,6120,North Dakota,L,Charcoal,Spring,2.9,No,Standard,Yes,Yes,47,PhonePe,Bi-Weekly
1078,58,Male,Jacket,Outerwear,2380,Kerala,M,Pink,Winter,3.7,No,Standard,Yes,Yes,5,Google Pay,Quarterly
1079,37,Male,Sweater,Clothing,5015,Arizona,M,Silver,Fall,4.4,No,Express,Yes,Yes,49,Credit Card,Fortnightly
1080,18,Male,Coat,Outerwear,2805,Odisha,S,Blue,Summer,4.4,No,Free Shipping,Yes,Yes,48,Net Banking,Monthly
1081,65,Male,Scarf,Accessories,5015,Pennsylvania,L,Blue,Fall,3.8,No,Express,Yes,Yes,22,Cash,Every 3 Months
1082,62,Male,Belt,Accessories,2550,Idaho,XL,Brown,Spring,4.5,No,Standard,Yes,Yes,45,Credit Card,Annually
1083,54,Male,Hat,Accessories,7225,South Carolina,XL,Cyan,Winter,2.6,No,Next Day Air,Yes,Yes,30,PhonePe,Quarterly
1084,35,Male,Backpack,Accessories,8245,Washington,L,Teal,Summer,3.3,No,Store Pickup,Yes,Yes,43,Cash,Weekly
1085,34,Male,T-shirt,Clothing,3060,Rajasthan,S,Purple,Fall,4.1,No,Next Day Air,Yes,Yes,48,Cash,Quarterly
1086,25,Male,Jewelry,Accessories,7225,Utah,M,Turquoise,Winter,3,No,Store Pickup,Yes,Yes,23,PhonePe,Fortnightly
1087,53,Male,Sunglasses,Accessories,5270,Alaska,M,Olive,Winter,3,No,Free Shipping,Yes,Yes,27,Google Pay,Bi-Weekly
1088,45,Male,Jeans,Clothing,6035,Kerala,S,White,Winter,3.4,No,Next Day Air,Yes,Yes,7,Net Banking,Monthly
1089,49,Male,Pants,Clothing,1785,Punjab,M,Turquoise,Winter,2.7,No,Free Shipping,Yes,Yes,2,Google Pay,Weekly
1090,40,Male,Backpack,Accessories,5185,Arizona,M,Silver,Spring,3.8,No,Next Day Air,Yes,Yes,33,Google Pay,Bi-Weekly
1091,38,Male,Scarf,Accessories,4930,Connecticut,M,Violet,Spring,4.2,No,Store Pickup,Yes,Yes,27,Cash,Fortnightly
1092,44,Male,Sweater,Clothing,6800,North Carolina,L,Lavender,Spring,4.7,No,Store Pickup,Yes,Yes,6,Credit Card,Fortnightly
1093,68,Male,Jewelry,Accessories,4250,South Dakota,L,Magenta,Spring,4.1,No,2-Day Shipping,Yes,Yes,20,PhonePe,Quarterly
1094,60,Male,Sneakers,Footwear,4080,Gujarat,S,Indigo,Winter,4.2,No,2-Day Shipping,Yes,Yes,46,PhonePe,Every 3 Months
1095,25,Male,Jewelry,Accessories,3400,Connecticut,M,Black,Winter,4.8,No,Next Day Air,Yes,Yes,25,Cash,Quarterly
1096,19,Male,Coat,Outerwear,2890,Tennessee,S,Peach,Summer,3,No,Free Shipping,Yes,Yes,30,Net Banking,Quarterly
1097,57,Male,Coat,Outerwear,3910,New Hampshire,S,Beige,Fall,2.6,No,Standard,Yes,Yes,48,Credit Card,Annually
1098,58,Male,Sunglasses,Accessories,2295,Vermont,M,Black,Summer,3.2,No,Store Pickup,Yes,Yes,47,Net Banking,Weekly
1099,49,Male,Handbag,Accessories,8330,Idaho,S,Turquoise,Spring,3.6,No,Next Day Air,Yes,Yes,27,Credit Card,Weekly
1100,19,Male,Sweater,Clothing,6205,North Carolina,M,Peach,Fall,2.6,No,Next Day Air,Yes,Yes,45,Net Banking,Fortnightly
1101,50,Male,Pants,Clothing,2380,West Bengal,L,Gold,Spring,4.4,No,Express,Yes,Yes,2,Credit Card,Weekly
1102,30,Male,Gloves,Accessories,6460,Gujarat,XL,Silver,Fall,3,No,Free Shipping,Yes,Yes,39,Cash,Fortnightly
1103,52,Male,Sweater,Clothing,7055,Telangana,M,Peach,Fall,2.9,No,Express,Yes,Yes,24,Cash,Fortnightly
1104,35,Male,Hoodie,Clothing,1955,Tennessee,S,Charcoal,Spring,4.3,No,Free Shipping,Yes,Yes,8,Debit Card,Bi-Weekly
1105,35,Male,Hat,Accessories,2380,Gujarat,M,Beige,Fall,3.1,No,Express,Yes,Yes,8,Net Banking,Quarterly
1106,33,Male,T-shirt,Clothing,7055,Telangana,S,Olive,Spring,3,No,Next Day Air,Yes,Yes,6,PhonePe,Every 3 Months
1107,52,Male,Skirt,Clothing,8160,Minnesota,L,Violet,Winter,3.6,No,Store Pickup,Yes,Yes,12,PhonePe,Fortnightly
1108,69,Male,Sneakers,Footwear,5270,Telangana,M,Peach,Fall,2.8,No,Store Pickup,Yes,Yes,26,Net Banking,Weekly
1109,27,Male,Shorts,Clothing,2125,Nebraska,M,Teal,Fall,2.8,No,Standard,Yes,Yes,50,Cash,Fortnightly
1110,66,Male,Hoodie,Clothing,8245,Odisha,L,Violet,Winter,,No,Next Day Air,Yes,Yes,2,PhonePe,Weekly
1111,28,Male,Hoodie,Clothing,5185,Telangana,L,Cyan,Fall,3,No,Standard,Yes,Yes,31,Cash,Bi-Weekly
1112,22,Male,Shoes,Footwear,5610,New York,S,Olive,Summer,4.1,No,Next Day Air,Yes,Yes,4,Credit Card,Bi-Weekly
1113,69,Male,Hoodie,Clothing,5695,Washington,XL,Pink,Spring,4.6,No,Free Shipping,Yes,Yes,32,Google Pay,Quarterly
1114,28,Male,Sunglasses,Accessories,6800,Maryland,M,Purple,Summer,4.8,No,Next Day Air,Yes,Yes,11,Google Pay,Bi-Weekly
1115,55,Male,Skirt,Clothing,2125,New Hampshire,L,Violet,Fall,2.6,No,Next Day Air,Yes,Yes,47,Net Banking,Every 3 Months
1116,30,Male,Hat,Accessories,4930,New York,S,Peach,Fall,4,No,2-Day Shipping,Yes,Yes,37,Cash,Weekly
1117,67,Male,Backpack,Accessories,8160,Hawaii,M,Charcoal,Winter,4.2,No,Express,Yes,Yes,39,Google Pay,Fortnightly
1118,25,Male,Sunglasses,Accessories,6545,Andhra Pradesh,L,Lavender,Spring,4.5,No,Store Pickup,Yes,Yes,24,Credit Card,Monthly
1119,49,Male,Belt,Accessories,5525,Indiana,M,Purple,Summer,4.9,No,Standard,Yes,Yes,11,Google Pay,Every 3 Months
1120,34,Male,Jewelry,Accessories,3060,Punjab,M,Indigo,Spring,3.1,No,Standard,Yes,Yes,36,Credit Card,Weekly
1121,22,Male,Sneakers,Footwear,7140,Pennsylvania,M,Magenta,Winter,4,No,Next Day Air,Yes,Yes,40,Debit Card,Monthly
1122,63,Male,T-shirt,Clothing,4930,Tamil Nadu,XL,Peach,Fall,3.2,No,Express,Yes,Yes,25,Cash,Quarterly
1123,70,Male,Handbag,Accessories,5270,North Carolina,S,Charcoal,Spring,4.3,No,2-Day Shipping,Yes,Yes,12,Credit Card,Annually
1124,36,Male,Hat,Accessories,5695,Telangana,S,Purple,Fall,2.5,No,Store Pickup,Yes,Yes,38,Cash,Monthly
1125,42,Male,Sweater,Clothing,1700,Assam,M,Orange,Spring,,No,Express,Yes,Yes,40,Cash,Quarterly
1126,27,Male,Sandals,Footwear,7650,North Dakota,M,Lavender,Summer,2.7,No,2-Day Shipping,Yes,Yes,10,Net Banking,Weekly
1127,23,Male,Scarf,Accessories,4930,Assam,L,Beige,Winter,3.4,No,Standard,Yes,Yes,47,PhonePe,Fortnightly
1128,50,Male,Shirt,Clothing,4505,Gujarat,XL,Maroon,Spring,4.8,No,Store Pickup,Yes,Yes,22,Debit Card,Monthly
1129,56,Male,Gloves,Accessories,2550,New York,L,Charcoal,Winter,4.7,No,Next Day Air,Yes,Yes,35,Debit Card,Monthly
1130,37,Male,Hoodie,Clothing,5525,New Hampshire,XL,White,Winter,4.7,No,Express,Yes,Yes,46,PhonePe,Fortnightly
1131,67,Male,Jewelry,Accessories,3485,Karnataka,M,Lavender,Summer,3.9,No,Standard,Yes,Yes,30,Google Pay,Bi-Weekly
1132,67,Male,Shirt,Clothing,6205,Bihar,M,Black,Spring,3.7,No,Express,Yes,Yes,20,Net Banking,Monthly
1133,50,Male,Hoodie,Clothing,8330,North Carolina,S,Teal,Spring,4.3,No,Store Pickup,Yes,Yes,25,Cash,Fortnightly
1134,36,Male,Shoes,Footwear,3060,Connecticut,XL,Magenta,Winter,4.1,No,2-Day Shipping,Yes,Yes,29,Cash,Weekly
1135,62,Male,T-shirt,Clothing,6885,Wisconsin,M,Brown,Summer,,No,Express,Yes,Yes,2,PhonePe,Every 3 Months
1136,65,Male,Skirt,Clothing,7650,Telangana,L,Peach,Winter,3.6,No,2-Day Shipping,Yes,Yes,32,Net Banking,Quarterly
1137,23,Male,Handbag,Accessories,7055,Bihar,S,Cyan,Summer,4.8,No,Free Shipping,Yes,Yes,37,Cash,Monthly
1138,46,Male,Shirt,Clothing,7735,New Mexico,XL,Pink,Winter,2.8,No,2-Day Shipping,Yes,Yes,16,Net Banking,Every 3 Months
1139,18,Male,Pants,Clothing,3060,Assam,M,Purple,Summer,4.7,No,Express,Yes,Yes,32,PhonePe,Fortnightly
1140,58,Male,Coat,Outerwear,4505,Alabama,L,Purple,Spring,3.9,No,Standard,Yes,Yes,42,Debit Card,Bi-Weekly
1141,31,Male,Jeans,Clothing,3315,Maryland,M,White,Winter,2.6,No,Store Pickup,Yes,Yes,6,Credit Card,Every 3 Months
1142,39,Male,Gloves,Accessories,2805,Ohio,S,Silver,Winter,4.7,No,Next Day Air,Yes,Yes,23,Google Pay,Fortnightly
1143,69,Male,T-shirt,Clothing,6460,Ohio,L,Green,Spring,3.5,No,Store Pickup,Yes,Yes,27,PhonePe,Bi-Weekly
1144,68,Male,Boots,Footwear,1955,West Bengal,L,Teal,Winter,4.4,No,Standard,Yes,Yes,43,Google Pay,Quarterly
1145,41,Male,Jeans,Clothing,4590,South Carolina,S,Indigo,Fall,4.4,No,2-Day Shipping,Yes,Yes,25,Net Banking,Fortnightly
1146,31,Male,Sneakers,Footwear,7565,West Bengal,L,Pink,Summer,3,No,Express,Yes,Yes,30,Cash,Every 3 Months
1147,48,Male,Sneakers,Footwear,3230,Wisconsin,M,Indigo,Summer,4.2,No,Standard,Yes,Yes,7,Net Banking,Every 3 Months
1148,59,Male,Hat,Accessories,3060,Tennessee,XL,Red,Winter,4.3,No,Next Day Air,Yes,Yes,17,Debit Card,Annually
1149,34,Male,Pants,Clothing,5610,Tamil Nadu,M,Violet,Spring,2.6,No,Store Pickup,Yes,Yes,10,Google Pay,Fortnightly
1150,21,Male,Jewelry,Accessories,3570,Georgia,L,Cyan,Spring,3.3,No,Store Pickup,Yes,Yes,40,PhonePe,Annually
1151,29,Male,Jewelry,Accessories,3060,Karnataka,S,Red,Winter,2.7,No,Next Day Air,Yes,Yes,50,PhonePe,Bi-Weekly
1152,41,Male,Blouse,Clothing,7310,Ohio,M,Gray,Spring,,No,Express,Yes,Yes,24,Credit Card,Weekly
1153,62,Male,Handbag,Accessories,4165,Connecticut,M,Gold,Fall,4,No,Standard,Yes,Yes,8,Google Pay,Every 3 Months
1154,27,Male,Shirt,Clothing,3485,Idaho,M,Pink,Summer,4,No,Free Shipping,Yes,Yes,6,Net Banking,Quarterly
1155,49,Male,Dress,Clothing,6970,Georgia,L,Cyan,Spring,2.9,No,2-Day Shipping,Yes,Yes,44,Credit Card,Bi-Weekly
1156,67,Male,T-shirt,Clothing,4505,Tennessee,S,Red,Fall,2.6,No,Express,Yes,Yes,47,Google Pay,Quarterly
1157,20,Male,Shoes,Footwear,1785,Hawaii,M,Gold,Summer,4.8,No,Express,Yes,Yes,6,PhonePe,Every 3 Months
1158,37,Male,Belt,Accessories,5610,Maryland,M,Charcoal,Fall,4.4,No,Standard,Yes,Yes,11,Cash,Quarterly
1159,69,Male,Belt,Accessories,7565,West Bengal,L,Orange,Summer,4,No,2-Day Shipping,Yes,Yes,41,Net Banking,Annually
1160,66,Male,Handbag,Accessories,4675,New Hampshire,L,Blue,Fall,3.6,No,2-Day Shipping,Yes,Yes,46,PhonePe,Every 3 Months
1161,37,Male,Scarf,Accessories,3570,North Dakota,S,Blue,Summer,3.2,No,Next Day Air,Yes,Yes,9,PhonePe,Bi-Weekly
1162,63,Male,Shorts,Clothing,4420,Odisha,S,Orange,Fall,3.1,No,2-Day Shipping,Yes,Yes,37,Google Pay,Monthly
1163,47,Male,Sandals,Footwear,7820,North Carolina,M,Blue,Winter,4.2,No,Express,Yes,Yes,13,Google Pay,Weekly
1164,26,Male,Pants,Clothing,4760,Tennessee,L,White,Summer,3,No,2-Day Shipping,Yes,Yes,24,Debit Card,Monthly
1165,68,Male,Dress,Clothing,8160,Maharastra,M,Green,Winter,4.2,No,Standard,Yes,Yes,47,Google Pay,Quarterly
1166,51,Male,T-shirt,Clothing,5440,Wisconsin,M,Silver,Winter,2.9,No,Next Day Air,Yes,Yes,21,PhonePe,Every 3 Months
1167,48,Male,Dress,Clothing,4080,Connecticut,S,Lavender,Winter,3.7,No,Store Pickup,Yes,Yes,22,PhonePe,Fortnightly
1168,60,Male,Socks,Clothing,7055,New Jersey,XL,Beige,Summer,3.6,No,Free Shipping,Yes,Yes,16,Google Pay,Quarterly
1169,68,Male,Scarf,Accessories,7735,Mississippi,L,Violet,Summer,3.6,No,Standard,Yes,Yes,37,Debit Card,Fortnightly
1170,25,Male,Backpack,Accessories,7990,Kerala,S,Gray,Fall,4.5,No,2-Day Shipping,Yes,Yes,3,Cash,Annually
1171,57,Male,Skirt,Clothing,5270,Bihar,S,Red,Spring,3.2,No,Express,Yes,Yes,33,Cash,Bi-Weekly
1172,41,Male,Socks,Clothing,4675,Punjab,M,Lavender,Spring,3.9,No,Next Day Air,Yes,Yes,15,Debit Card,Annually
1173,59,Male,Coat,Outerwear,5780,Tamil Nadu,L,Peach,Spring,4.6,No,Store Pickup,Yes,Yes,42,Net Banking,Bi-Weekly
1174,44,Male,Jewelry,Accessories,6460,South Dakota,M,Indigo,Winter,2.5,No,Express,Yes,Yes,42,Cash,Bi-Weekly
1175,42,Male,Backpack,Accessories,2635,Michigan,M,Black,Winter,4.3,No,Express,Yes,Yes,19,Net Banking,Bi-Weekly
1176,35,Male,Belt,Accessories,6885,New Jersey,M,Beige,Spring,4.1,No,Store Pickup,Yes,Yes,26,Google Pay,Quarterly
1177,36,Male,Dress,Clothing,7055,Tamil Nadu,M,Red,Winter,,No,Free Shipping,Yes,Yes,39,Google Pay,Quarterly
1178,54,Male,Skirt,Clothing,1785,Assam,M,Black,Spring,4.8,No,Standard,Yes,Yes,24,Debit Card,Monthly
1179,37,Male,Dress,Clothing,1870,South Carolina,M,Teal,Spring,4.9,No,Express,Yes,Yes,23,Debit Card,Annually
1180,20,Male,T-shirt,Clothing,2805,Indiana,M,Blue,Summer,2.8,No,Free Shipping,Yes,Yes,44,Net Banking,Annually
1181,23,Male,Skirt,Clothing,1955,Tamil Nadu,S,Beige,Spring,4.9,No,Standard,Yes,Yes,34,Cash,Monthly
1182,61,Male,Shorts,Clothing,8160,New York,L,Teal,Summer,3.5,No,Free Shipping,Yes,Yes,43,Net Banking,Quarterly
1183,37,Male,Jewelry,Accessories,1785,New Mexico,M,Maroon,Spring,3.8,No,Express,Yes,Yes,45,Google Pay,Quarterly
1184,23,Male,Pants,Clothing,3315,Punjab,M,Yellow,Spring,4.5,No,2-Day Shipping,Yes,Yes,4,Credit Card,Weekly
1185,63,Male,Belt,Accessories,6205,South Carolina,S,Indigo,Fall,3.4,No,Express,Yes,Yes,19,Credit Card,Annually
1186,47,Male,Jeans,Clothing,5440,Andhra Pradesh,M,Magenta,Spring,3.9,No,Standard,Yes,Yes,29,Credit Card,Monthly
1187,63,Male,Jeans,Clothing,5780,Indiana,M,Beige,Summer,4.1,No,2-Day Shipping,Yes,Yes,27,Credit Card,Annually
1188,56,Male,Hat,Accessories,7565,Assam,L,Maroon,Fall,3,No,Express,Yes,Yes,37,Credit Card,Every 3 Months
1189,68,Male,Blouse,Clothing,2465,Mississippi,M,Magenta,Summer,3.3,No,Next Day Air,Yes,Yes,11,Credit Card,Weekly
1190,64,Male,Shirt,Clothing,8245,Rajasthan,XL,Teal,Summer,,No,Free Shipping,Yes,Yes,28,Debit Card,Annually
1191,62,Male,Shirt,Clothing,3825,South Carolina,M,Orange,Winter,4.3,No,Next Day Air,Yes,Yes,31,Credit Card,Weekly
1192,34,Male,T-shirt,Clothing,5950,Indiana,L,Charcoal,Winter,4.1,No,Free Shipping,Yes,Yes,50,PhonePe,Quarterly
1193,49,Male,Coat,Outerwear,4760,Tamil Nadu,M,Turquoise,Summer,4,No,2-Day Shipping,Yes,Yes,42,PhonePe,Quarterly
1194,40,Male,Jacket,Outerwear,4675,Alaska,L,Pink,Fall,5,No,2-Day Shipping,Yes,Yes,18,Credit Card,Fortnightly
1195,50,Male,Hoodie,Clothing,3910,New York,S,Teal,Winter,3.1,No,2-Day Shipping,Yes,Yes,6,Credit Card,Fortnightly
1196,25,Male,Scarf,Accessories,8075,Telangana,M,White,Winter,4,No,2-Day Shipping,Yes,Yes,33,PhonePe,Monthly
1197,30,Male,Belt,Accessories,7480,North Dakota,M,Maroon,Winter,3.2,No,2-Day Shipping,Yes,Yes,13,Net Banking,Bi-Weekly
1198,54,Male,Sneakers,Footwear,7820,Vermont,L,Violet,Fall,3.9,No,Standard,Yes,Yes,26,Google Pay,Annually
1199,40,Male,Socks,Clothing,4165,New Jersey,M,Brown,Summer,3.9,No,2-Day Shipping,Yes,Yes,17,Cash,Annually
1200,49,Male,Sandals,Footwear,7565,Maryland,M,Indigo,Fall,4.5,No,Free Shipping,Yes,Yes,3,Debit Card,Weekly
1201,27,Male,Coat,Outerwear,1870,Connecticut,XL,Black,Winter,4.4,No,Store Pickup,Yes,Yes,7,Google Pay,Weekly
1202,27,Male,Shoes,Footwear,5185,Bihar,XL,Black,Summer,3.1,No,2-Day Shipping,Yes,Yes,46,PhonePe,Fortnightly
1203,48,Male,Scarf,Accessories,2465,Maryland,S,Olive,Spring,2.9,No,Standard,Yes,Yes,14,PhonePe,Every 3 Months
1204,40,Male,Sneakers,Footwear,6970,Minnesota,M,Orange,Winter,3.7,No,Free Shipping,Yes,Yes,23,Net Banking,Annually
1205,67,Male,Belt,Accessories,7990,Tamil Nadu,M,Pink,Spring,3.2,No,2-Day Shipping,Yes,Yes,20,Credit Card,Every 3 Months
1206,52,Male,Handbag,Accessories,8415,Andhra Pradesh,M,Olive,Spring,3.5,No,Standard,Yes,Yes,38,Net Banking,Fortnightly
1207,22,Male,Handbag,Accessories,5015,Mississippi,S,Cyan,Fall,3,No,Free Shipping,Yes,Yes,16,PhonePe,Every 3 Months
1208,62,Male,Boots,Footwear,7650,Washington,M,White,Summer,4.1,No,Next Day Air,Yes,Yes,48,Credit Card,Every 3 Months
1209,20,Male,Boots,Footwear,8500,Wisconsin,S,Red,Winter,,No,2-Day Shipping,Yes,Yes,8,Debit Card,Annually
1210,41,Male,Pants,Clothing,5270,Pennsylvania,M,Blue,Winter,3.8,No,Next Day Air,Yes,Yes,16,Net Banking,Monthly
1211,34,Male,Sunglasses,Accessories,6630,Haryana,M,Olive,Fall,4.1,No,Next Day Air,Yes,Yes,5,Cash,Quarterly
1212,23,Male,Hoodie,Clothing,7990,Odisha,M,Green,Spring,4.6,No,Store Pickup,Yes,Yes,14,PhonePe,Every 3 Months
1213,32,Male,Shoes,Footwear,6290,Pennsylvania,M,Yellow,Summer,2.5,No,Free Shipping,Yes,Yes,18,Credit Card,Weekly
1214,68,Male,Handbag,Accessories,4420,Karnataka,XL,Black,Spring,3.7,No,Express,Yes,Yes,14,Debit Card,Every 3 Months
1215,30,Male,Jacket,Outerwear,6885,Vermont,M,Blue,Fall,3.8,No,Free Shipping,Yes,Yes,5,Cash,Every 3 Months
1216,66,Male,Blouse,Clothing,1700,Tamil Nadu,L,Pink,Winter,2.6,No,2-Day Shipping,Yes,Yes,15,Credit Card,Every 3 Months
1217,62,Male,Pants,Clothing,2720,Utah,XL,Lavender,Summer,3.7,No,Free Shipping,Yes,Yes,3,PhonePe,Every 3 Months
1218,50,Male,Boots,Footwear,5355,Nebraska,XL,Cyan,Fall,2.6,No,Free Shipping,Yes,Yes,12,Cash,Every 3 Months
1219,55,Male,Boots,Footwear,6715,Pennsylvania,M,Cyan,Spring,3.1,No,Store Pickup,Yes,Yes,43,Cash,Every 3 Months
1220,19,Male,Sweater,Clothing,1955,Vermont,M,Gold,Winter,2.5,No,Next Day Air,Yes,Yes,35,Credit Card,Bi-Weekly
1221,67,Male,Gloves,Accessories,5440,Karnataka,M,Green,Winter,,No,Express,Yes,Yes,36,Net Banking,Quarterly
1222,18,Male,Socks,Clothing,5865,Assam,M,Red,Winter,4.5,No,Standard,Yes,Yes,3,Cash,Quarterly
1223,58,Male,Jeans,Clothing,5865,Indiana,L,Magenta,Fall,3.4,No,Store Pickup,Yes,Yes,27,Net Banking,Annually
1224,69,Male,Pants,Clothing,2040,Kansas,L,Red,Winter,3.9,No,Free Shipping,Yes,Yes,21,Net Banking,Weekly
1225,62,Male,Shorts,Clothing,4250,Bihar,M,Yellow,Summer,3.7,No,Store Pickup,Yes,Yes,18,PhonePe,Weekly
1226,28,Male,Gloves,Accessories,8245,North Carolina,S,Turquoise,Fall,2.6,No,Free Shipping,Yes,Yes,16,Debit Card,Weekly
1227,53,Male,Sandals,Footwear,7735,Ohio,S,Cyan,Fall,3.4,No,Store Pickup,Yes,Yes,18,PhonePe,Bi-Weekly
1228,27,Male,Blouse,Clothing,3145,Bihar,L,Yellow,Spring,4.9,No,Store Pickup,Yes,Yes,19,Net Banking,Bi-Weekly
1229,55,Male,Jacket,Outerwear,4675,Indiana,S,Yellow,Winter,3.9,No,Express,Yes,Yes,1,Cash,Annually
1230,34,Male,Jewelry,Accessories,4420,Kansas,XL,Maroon,Winter,3.6,No,Express,Yes,Yes,39,Net Banking,Annually
1231,25,Male,Hat,Accessories,6800,Bihar,L,Brown,Spring,,No,Standard,Yes,Yes,49,PhonePe,Monthly
1232,66,Male,Socks,Clothing,6715,Pennsylvania,M,Gold,Spring,4,No,2-Day Shipping,Yes,Yes,43,Credit Card,Fortnightly
1233,57,Male,Handbag,Accessories,1955,New York,M,Charcoal,Summer,3.6,No,Free Shipping,Yes,Yes,31,Debit Card,Every 3 Months
1234,46,Male,Pants,Clothing,6205,Utah,L,Beige,Winter,3.5,No,Next Day Air,Yes,Yes,40,PhonePe,Every 3 Months
1235,38,Male,Gloves,Accessories,8415,New Jersey,M,Indigo,Fall,4.1,No,Store Pickup,Yes,Yes,2,Net Banking,Bi-Weekly
1236,23,Male,Sweater,Clothing,1870,Idaho,M,Red,Spring,3,No,Store Pickup,Yes,Yes,46,Google Pay,Every 3 Months
1237,42,Male,Hat,Accessories,5780,New Mexico,M,White,Summer,4.4,No,Store Pickup,Yes,Yes,35,Debit Card,Every 3 Months
1238,25,Male,Dress,Clothing,7820,Michigan,S,Charcoal,Spring,4.4,No,2-Day Shipping,Yes,Yes,42,Credit Card,Quarterly
1239,55,Male,Pants,Clothing,6545,Kerala,M,Violet,Winter,3.7,No,Express,Yes,Yes,3,PhonePe,Fortnightly
1240,62,Male,Coat,Outerwear,3145,New Jersey,XL,Magenta,Spring,4.8,No,Standard,Yes,Yes,32,Debit Card,Every 3 Months
1241,41,Male,Scarf,Accessories,6715,New Jersey,L,White,Winter,2.9,No,Store Pickup,Yes,Yes,48,Debit Card,Annually
1242,58,Male,Hoodie,Clothing,4335,Hawaii,XL,Pink,Winter,3.1,No,Express,Yes,Yes,34,Credit Card,Weekly
1243,56,Male,Socks,Clothing,2295,West Bengal,M,Lavender,Summer,4,No,Next Day Air,Yes,Yes,15,Net Banking,Quarterly
1244,25,Male,Blouse,Clothing,1955,New Hampshire,S,Pink,Spring,3,No,Store Pickup,Yes,Yes,22,Debit Card,Annually
1245,70,Male,Socks,Clothing,6460,Indiana,S,Silver,Summer,3.9,No,2-Day Shipping,Yes,Yes,2,Cash,Monthly
1246,42,Male,Dress,Clothing,2635,New York,M,Violet,Fall,3.4,No,Standard,Yes,Yes,30,Net Banking,Weekly
1247,27,Male,Hoodie,Clothing,5100,Punjab,M,Charcoal,Winter,2.7,No,Standard,Yes,Yes,27,Cash,Monthly
1248,65,Male,T-shirt,Clothing,8415,Kerala,M,Charcoal,Spring,,No,Express,Yes,Yes,18,PhonePe,Bi-Weekly
1249,62,Male,Hat,Accessories,3145,Wisconsin,XL,Red,Winter,3,No,Free Shipping,Yes,Yes,8,Credit Card,Annually
1250,62,Male,Boots,Footwear,4250,Tamil Nadu,M,Peach,Winter,4.5,No,Express,Yes,Yes,48,PhonePe,Fortnightly
1251,52,Male,Jeans,Clothing,2210,New Hampshire,XL,Purple,Winter,4.1,No,Free Shipping,Yes,Yes,24,Cash,Monthly
1252,56,Male,Shorts,Clothing,7310,Indiana,XL,Orange,Spring,5,No,Next Day Air,Yes,Yes,43,Credit Card,Monthly
1253,28,Male,Sandals,Footwear,3485,Telangana,L,Magenta,Fall,4,No,Standard,Yes,Yes,8,Cash,Quarterly
1254,39,Male,Sandals,Footwear,1955,Maharastra,XL,Red,Winter,4.9,No,Express,Yes,Yes,49,Google Pay,Annually
1255,54,Male,Sneakers,Footwear,4760,Andhra Pradesh,XL,Black,Spring,3.3,No,2-Day Shipping,Yes,Yes,2,Credit Card,Bi-Weekly
1256,30,Male,Hat,Accessories,5780,Indiana,M,Peach,Fall,4.1,No,Standard,Yes,Yes,38,Cash,Fortnightly
1257,45,Male,Coat,Outerwear,4080,Kerala,S,Olive,Winter,3.6,No,Express,Yes,Yes,4,Cash,Fortnightly
1258,68,Male,Dress,Clothing,5695,Minnesota,L,Gold,Spring,3,No,Free Shipping,Yes,Yes,31,Cash,Every 3 Months
1259,47,Male,Boots,Footwear,7395,Ohio,XL,Gold,Spring,4.1,No,2-Day Shipping,Yes,Yes,34,Debit Card,Every 3 Months
1260,68,Male,Skirt,Clothing,5440,Minnesota,M,Turquoise,Fall,3.9,No,Standard,Yes,Yes,45,Credit Card,Monthly
1261,63,Male,Shirt,Clothing,7905,Kerala,XL,Green,Spring,4.1,No,Store Pickup,Yes,Yes,30,Debit Card,Quarterly
1262,20,Male,Shirt,Clothing,2465,Connecticut,L,Maroon,Summer,2.8,No,Next Day Air,Yes,Yes,2,Credit Card,Fortnightly
1263,29,Male,Boots,Footwear,5270,Tennessee,L,Brown,Winter,4.8,No,Store Pickup,Yes,Yes,44,PhonePe,Monthly
1264,41,Male,Hoodie,Clothing,5950,Gujarat,L,Brown,Winter,4.6,No,2-Day Shipping,Yes,Yes,1,Credit Card,Bi-Weekly
1265,52,Male,Sweater,Clothing,7820,Vermont,S,Blue,Winter,2.5,No,Next Day Air,Yes,Yes,1,PhonePe,Bi-Weekly
1266,32,Male,Shirt,Clothing,6715,Punjab,M,Lavender,Spring,2.7,No,Next Day Air,Yes,Yes,27,Net Banking,Weekly
1267,20,Male,Blouse,Clothing,2635,North Dakota,M,Peach,Fall,4,No,Standard,Yes,Yes,14,Debit Card,Every 3 Months
1268,47,Male,T-shirt,Clothing,7055,Tamil Nadu,S,Gray,Spring,2.7,No,Standard,Yes,Yes,41,Cash,Weekly
1269,23,Male,Jacket,Outerwear,7480,Idaho,XL,Charcoal,Winter,2.9,No,Next Day Air,Yes,Yes,25,Debit Card,Bi-Weekly
1270,43,Male,Jewelry,Accessories,4505,Vermont,M,Lavender,Spring,3,No,Standard,Yes,Yes,47,Google Pay,Quarterly
1271,67,Male,Hoodie,Clothing,8330,Kerala,M,Green,Fall,3.3,No,Standard,Yes,Yes,20,Cash,Annually
1272,70,Male,Jewelry,Accessories,4845,Karnataka,S,Gray,Spring,4.3,No,Store Pickup,Yes,Yes,42,Google Pay,Annually
1273,35,Male,Sandals,Footwear,6800,Wisconsin,M,Orange,Winter,4.4,No,Express,Yes,Yes,16,Net Banking,Monthly
1274,41,Male,Jeans,Clothing,2465,Mississippi,L,Silver,Spring,4.1,No,Next Day Air,Yes,Yes,32,Credit Card,Every 3 Months
1275,54,Male,Hat,Accessories,6205,Haryana,M,Olive,Spring,3.1,No,2-Day Shipping,Yes,Yes,37,Google Pay,Quarterly
1276,55,Male,Sweater,Clothing,2720,Rajasthan,S,Turquoise,Fall,4.5,No,Standard,Yes,Yes,1,Google Pay,Monthly
1277,51,Male,Boots,Footwear,5780,Kerala,L,Turquoise,Spring,4.8,No,Next Day Air,Yes,Yes,37,Net Banking,Weekly
1278,19,Male,Blouse,Clothing,8245,Karnataka,L,Green,Spring,5,No,Express,Yes,Yes,5,PhonePe,Quarterly
1279,28,Male,Shorts,Clothing,8330,Utah,M,Violet,Fall,2.8,No,Next Day Air,Yes,Yes,31,PhonePe,Fortnightly
1280,63,Male,Hoodie,Clothing,4760,Maryland,L,Charcoal,Fall,3.7,No,Express,Yes,Yes,18,Debit Card,Annually
1281,30,Male,Pants,Clothing,6630,Georgia,L,White,Winter,4.4,No,2-Day Shipping,Yes,Yes,39,PhonePe,Every 3 Months
1282,29,Male,Belt,Accessories,6885,New Jersey,M,Olive,Spring,4.5,No,Store Pickup,Yes,Yes,8,PhonePe,Bi-Weekly
1283,24,Male,Shirt,Clothing,5780,New Hampshire,L,Violet,Winter,3,No,Free Shipping,Yes,Yes,20,PhonePe,Monthly
1284,69,Male,Shirt,Clothing,7990,Tamil Nadu,M,Violet,Winter,3.9,No,2-Day Shipping,Yes,Yes,23,Debit Card,Every 3 Months
1285,65,Male,Dress,Clothing,7905,Rajasthan,M,Black,Spring,3.9,No,Express,Yes,Yes,38,Google Pay,Fortnightly
1286,64,Male,Gloves,Accessories,8415,North Carolina,M,Charcoal,Fall,3.5,No,Next Day Air,Yes,Yes,45,Net Banking,Fortnightly
1287,40,Male,Gloves,Accessories,4165,Kerala,L,Yellow,Winter,4.9,No,Next Day Air,Yes,Yes,44,Debit Card,Fortnightly
1288,24,Male,Jeans,Clothing,2380,Utah,XL,Blue,Winter,3.4,No,Standard,Yes,Yes,20,Google Pay,Monthly
1289,66,Male,Belt,Accessories,7905,South Dakota,XL,Charcoal,Winter,4.1,No,Standard,Yes,Yes,34,Google Pay,Bi-Weekly
1290,35,Male,Jacket,Outerwear,2040,New Hampshire,M,Red,Fall,2.9,No,Next Day Air,Yes,Yes,10,Google Pay,Weekly
1291,67,Male,Skirt,Clothing,2975,Maryland,M,Indigo,Spring,3.4,No,Free Shipping,Yes,Yes,3,Google Pay,Annually
1292,69,Male,Sandals,Footwear,5780,South Dakota,S,Beige,Spring,3.2,No,2-Day Shipping,Yes,Yes,23,Debit Card,Fortnightly
1293,26,Male,Belt,Accessories,5185,Karnataka,M,Maroon,Summer,,No,Free Shipping,Yes,Yes,42,Net Banking,Annually
1294,23,Male,Sweater,Clothing,6290,Tamil Nadu,XL,Yellow,Fall,4.1,No,Standard,Yes,Yes,30,Debit Card,Annually
1295,27,Male,Shirt,Clothing,5440,Telangana,M,Silver,Summer,4.5,No,Standard,Yes,Yes,21,Cash,Every 3 Months
1296,30,Male,Sneakers,Footwear,5100,New Mexico,M,Olive,Fall,2.8,No,Standard,Yes,Yes,50,Google Pay,Weekly
1297,48,Male,Jeans,Clothing,2465,South Dakota,S,Teal,Spring,2.8,No,Express,Yes,Yes,16,Cash,Bi-Weekly
1298,44,Male,Sandals,Footwear,7225,New Jersey,M,Silver,Summer,4.6,No,Standard,Yes,Yes,32,PhonePe,Annually
1299,29,Male,Pants,Clothing,6885,Indiana,S,Indigo,Summer,3,No,Free Shipping,Yes,Yes,14,Net Banking,Fortnightly
1300,29,Male,Belt,Accessories,1955,Punjab,L,Teal,Fall,3.6,No,2-Day Shipping,Yes,Yes,42,PhonePe,Bi-Weekly
1301,67,Male,T-shirt,Clothing,8500,Kerala,M,Charcoal,Spring,4.5,No,Next Day Air,Yes,Yes,47,Credit Card,Every 3 Months
1302,42,Male,Shirt,Clothing,4590,Andhra Pradesh,M,Orange,Fall,5,No,Express,Yes,Yes,21,Debit Card,Weekly
1303,23,Male,Sneakers,Footwear,2125,Idaho,M,Gold,Fall,2.9,No,Next Day Air,Yes,Yes,37,Credit Card,Monthly
1304,34,Male,Blouse,Clothing,2720,New York,L,Silver,Summer,3.1,No,Next Day Air,Yes,Yes,10,Credit Card,Annually
1305,64,Male,Backpack,Accessories,5355,Maharastra,S,Orange,Spring,4,No,2-Day Shipping,Yes,Yes,18,Google Pay,Every 3 Months
1306,31,Male,Pants,Clothing,4760,Mississippi,XL,Peach,Spring,4.5,No,Express,Yes,Yes,2,Google Pay,Every 3 Months
1307,54,Male,Sweater,Clothing,2805,Alaska,L,Brown,Winter,4.5,No,Next Day Air,Yes,Yes,40,Google Pay,Annually
1308,23,Male,Coat,Outerwear,2720,Haryana,L,Black,Summer,3.1,No,Express,Yes,Yes,43,Google Pay,Annually
1309,59,Male,Dress,Clothing,3230,Karnataka,L,Red,Summer,4.4,No,Next Day Air,Yes,Yes,14,Credit Card,Every 3 Months
1310,32,Male,Blouse,Clothing,1785,Hawaii,L,Lavender,Summer,4.7,No,Store Pickup,Yes,Yes,41,Cash,Quarterly
1311,43,Male,Hoodie,Clothing,5015,South Carolina,L,Brown,Winter,3.1,No,Store Pickup,Yes,Yes,38,Credit Card,Every 3 Months
1312,32,Male,Shoes,Footwear,7395,Tennessee,M,Maroon,Fall,4.2,No,Express,Yes,Yes,12,PhonePe,Annually
1313,66,Male,T-shirt,Clothing,6715,Haryana,M,Violet,Winter,3,No,Store Pickup,Yes,Yes,19,Net Banking,Monthly
1314,70,Male,Shoes,Footwear,2380,Haryana,M,Lavender,Summer,,No,Free Shipping,Yes,Yes,23,Credit Card,Bi-Weekly
1315,42,Male,Boots,Footwear,5695,Haryana,S,Magenta,Summer,3.4,No,Free Shipping,Yes,Yes,49,Debit Card,Annually
1316,56,Male,Shorts,Clothing,6375,Mississippi,L,Green,Spring,4.2,No,2-Day Shipping,Yes,Yes,29,Debit Card,Quarterly
1317,28,Male,Belt,Accessories,2720,Rajasthan,S,Lavender,Spring,4.6,No,Standard,Yes,Yes,14,Debit Card,Bi-Weekly
1318,28,Male,Pants,Clothing,3655,Karnataka,M,Green,Spring,2.8,No,Free Shipping,Yes,Yes,19,Cash,Monthly
1319,52,Male,Shorts,Clothing,7905,Connecticut,M,Maroon,Spring,2.7,No,Express,Yes,Yes,19,Credit Card,Bi-Weekly
1320,65,Male,Sunglasses,Accessories,2040,Odisha,M,Magenta,Spring,4,No,Standard,Yes,Yes,48,Net Banking,Weekly
1321,56,Male,Hat,Accessories,2635,Andhra Pradesh,XL,Teal,Fall,3.1,No,Free Shipping,Yes,Yes,19,Debit Card,Annually
1322,59,Male,T-shirt,Clothing,7140,Haryana,L,Orange,Winter,3.7,No,Express,Yes,Yes,45,Net Banking,Every 3 Months
1323,23,Male,Pants,Clothing,6290,Washington,M,Violet,Winter,4,No,Next Day Air,Yes,Yes,17,Net Banking,Quarterly
1324,58,Male,Shorts,Clothing,5270,New York,M,Yellow,Spring,4.6,No,Standard,Yes,Yes,15,Debit Card,Every 3 Months
1325,39,Male,Jewelry,Accessories,6545,Indiana,S,Orange,Summer,3.8,No,Free Shipping,Yes,Yes,11,Credit Card,Fortnightly
1326,28,Male,Backpack,Accessories,6205,Tamil Nadu,L,Gold,Summer,3.5,No,Express,Yes,Yes,1,Cash,Monthly
1327,40,Male,Shoes,Footwear,4250,Telangana,M,Indigo,Spring,,No,Free Shipping,Yes,Yes,17,Cash,Monthly
1328,52,Male,Coat,Outerwear,3400,Tamil Nadu,M,Turquoise,Winter,2.8,No,Standard,Yes,Yes,37,Cash,Weekly
1329,37,Male,Sweater,Clothing,8245,Karnataka,M,Orange,Winter,3.7,No,Standard,Yes,Yes,40,Net Banking,Weekly
1330,70,Male,Gloves,Accessories,5355,Telangana,M,Indigo,Fall,3.3,No,Express,Yes,Yes,50,Google Pay,Every 3 Months
1331,30,Male,Handbag,Accessories,5525,Vermont,M,Charcoal,Fall,2.9,No,Standard,Yes,Yes,20,Google Pay,Bi-Weekly
1332,38,Male,Socks,Clothing,7735,Maryland,M,Lavender,Spring,3.2,No,Standard,Yes,Yes,8,Google Pay,Bi-Weekly
1333,66,Male,Hoodie,Clothing,5100,Alaska,S,Gold,Spring,4.3,No,Store Pickup,Yes,Yes,16,Net Banking,Quarterly
1334,29,Male,Pants,Clothing,5865,Idaho,M,Lavender,Winter,2.7,No,Next Day Air,Yes,Yes,9,Net Banking,Quarterly
1335,46,Male,Coat,Outerwear,4420,Kerala,S,White,Spring,,No,Store Pickup,Yes,Yes,12,PhonePe,Monthly
1336,56,Male,Boots,Footwear,4165,West Bengal,M,Lavender,Fall,4.8,No,2-Day Shipping,Yes,Yes,26,Credit Card,Weekly
1337,23,Male,Sneakers,Footwear,7225,Tamil Nadu,M,Charcoal,Spring,4.8,No,Store Pickup,Yes,Yes,44,Debit Card,Fortnightly
1338,37,Male,Sweater,Clothing,7310,Tennessee,L,Silver,Spring,3.4,No,Express,Yes,Yes,19,Credit Card,Bi-Weekly
1339,56,Male,Handbag,Accessories,4335,Alabama,S,Yellow,Winter,2.6,No,Standard,Yes,Yes,43,Google Pay,Fortnightly
1340,36,Male,Belt,Accessories,4760,Indiana,L,Olive,Winter,5,No,Next Day Air,Yes,Yes,5,Net Banking,Every 3 Months
1341,40,Male,Belt,Accessories,6120,Idaho,M,Peach,Fall,4.4,No,Next Day Air,Yes,Yes,5,Debit Card,Every 3 Months
1342,26,Male,Hoodie,Clothing,2295,Karnataka,XL,Yellow,Fall,,No,Standard,Yes,Yes,31,Net Banking,Quarterly
1343,57,Male,Sunglasses,Accessories,3655,Arizona,XL,Yellow,Summer,3.4,No,2-Day Shipping,Yes,Yes,11,Net Banking,Monthly
1344,68,Male,Sneakers,Footwear,4760,Tamil Nadu,M,Indigo,Spring,3.4,No,Standard,Yes,Yes,34,Net Banking,Monthly
1345,56,Male,T-shirt,Clothing,3145,New York,S,Violet,Fall,4.9,No,Next Day Air,Yes,Yes,14,Cash,Annually
1346,40,Male,Dress,Clothing,1785,Nebraska,M,White,Fall,3.6,No,Standard,Yes,Yes,42,PhonePe,Weekly
1347,44,Male,Hoodie,Clothing,7735,Mississippi,L,White,Winter,3,No,Free Shipping,Yes,Yes,15,PhonePe,Bi-Weekly
1348,44,Male,Sweater,Clothing,8075,Vermont,M,Cyan,Summer,3.9,No,2-Day Shipping,Yes,Yes,47,Net Banking,Monthly
1349,19,Male,Belt,Accessories,4590,Nebraska,XL,Purple,Spring,3.2,No,Standard,Yes,Yes,23,Credit Card,Fortnightly
1350,21,Male,Socks,Clothing,3060,South Carolina,XL,Black,Spring,3.2,No,Next Day Air,Yes,Yes,23,Cash,Bi-Weekly
1351,31,Male,Sunglasses,Accessories,6035,Gujarat,M,Orange,Fall,4.3,No,Next Day Air,Yes,Yes,1,Cash,Every 3 Months
1352,30,Male,Coat,Outerwear,2635,Vermont,L,Maroon,Summer,2.8,No,2-Day Shipping,Yes,Yes,28,Net Banking,Quarterly
1353,65,Male,Hat,Accessories,7565,Indiana,XL,Orange,Spring,4.5,No,Next Day Air,Yes,Yes,37,Credit Card,Bi-Weekly
1354,39,Male,Pants,Clothing,7055,Tamil Nadu,M,Teal,Winter,4.1,No,Next Day Air,Yes,Yes,4,Cash,Every 3 Months
1355,64,Male,Backpack,Accessories,3570,Maryland,M,Gray,Spring,3.6,No,2-Day Shipping,Yes,Yes,21,Net Banking,Quarterly
1356,59,Male,Shorts,Clothing,7735,Tamil Nadu,M,Blue,Summer,3,No,2-Day Shipping,Yes,Yes,50,Google Pay,Bi-Weekly
1357,49,Male,Jacket,Outerwear,5185,Indiana,M,Cyan,Spring,4,No,Free Shipping,Yes,Yes,34,Net Banking,Annually
1358,24,Male,Backpack,Accessories,5610,Telangana,S,Red,Summer,3.5,No,Next Day Air,Yes,Yes,20,Cash,Quarterly
1359,19,Male,Scarf,Accessories,1870,Nebraska,XL,Pink,Spring,2.5,No,Store Pickup,Yes,Yes,25,PhonePe,Every 3 Months
1360,27,Male,Hoodie,Clothing,5780,North Carolina,S,Cyan,Winter,4.3,No,Store Pickup,Yes,Yes,26,Net Banking,Fortnightly
1361,56,Male,Skirt,Clothing,3655,Alabama,L,Black,Fall,2.8,No,Express,Yes,Yes,4,Net Banking,Annually
1362,49,Male,Dress,Clothing,2720,Alabama,M,Beige,Fall,3.7,No,Next Day Air,Yes,Yes,39,Debit Card,Monthly
1363,41,Male,Coat,Outerwear,3910,Colorado,M,Gray,Fall,4.3,No,Express,Yes,Yes,29,Cash,Weekly
1364,36,Male,Blouse,Clothing,7650,Wisconsin,L,Red,Summer,4,No,Express,Yes,Yes,47,Google Pay,Quarterly
1365,68,Male,Hat,Accessories,6375,Gujarat,L,Yellow,Fall,4.7,No,Express,Yes,Yes,5,Cash,Every 3 Months
1366,28,Male,Handbag,Accessories,5865,Indiana,M,Magenta,Winter,4.5,No,Store Pickup,Yes,Yes,18,Net Banking,Fortnightly
1367,45,Male,Belt,Accessories,3400,Assam,M,Magenta,Fall,3.1,No,Free Shipping,Yes,Yes,10,Credit Card,Fortnightly
1368,60,Male,Belt,Accessories,5355,Assam,S,Black,Fall,3.8,No,Express,Yes,Yes,25,Cash,Quarterly
1369,21,Male,Shirt,Clothing,3060,Wisconsin,L,Orange,Summer,4.9,No,Express,Yes,Yes,2,Cash,Weekly
1370,32,Male,Shoes,Footwear,6375,Assam,M,Green,Winter,3.2,No,Standard,Yes,Yes,48,PhonePe,Fortnightly
1371,27,Male,Scarf,Accessories,5695,Maharastra,L,Peach,Summer,,No,2-Day Shipping,Yes,Yes,41,Net Banking,Every 3 Months
1372,40,Male,Pants,Clothing,5440,Mississippi,M,Charcoal,Spring,2.8,No,Store Pickup,Yes,Yes,42,Credit Card,Monthly
1373,64,Male,Blouse,Clothing,5185,Michigan,M,Gray,Fall,4,No,2-Day Shipping,Yes,Yes,44,Google Pay,Bi-Weekly
1374,18,Male,Gloves,Accessories,3400,Kerala,L,Turquoise,Winter,2.6,No,Store Pickup,Yes,Yes,6,Cash,Quarterly
1375,22,Male,Handbag,Accessories,8245,New York,M,Red,Fall,2.7,No,Free Shipping,Yes,Yes,5,Net Banking,Quarterly
1376,42,Male,Sneakers,Footwear,2635,Andhra Pradesh,L,Brown,Spring,4.1,No,2-Day Shipping,Yes,Yes,8,Credit Card,Annually
1377,57,Male,Sandals,Footwear,5525,New Jersey,L,Pink,Spring,5,No,Free Shipping,Yes,Yes,24,Google Pay,Annually
1378,33,Male,Sunglasses,Accessories,4590,Maryland,L,Olive,Spring,3,No,Next Day Air,Yes,Yes,42,PhonePe,Monthly
1379,37,Male,Jacket,Outerwear,4165,Karnataka,XL,Lavender,Fall,3.6,No,Free Shipping,Yes,Yes,24,PhonePe,Weekly
1380,21,Male,T-shirt,Clothing,5440,Minnesota,L,Purple,Fall,2.8,No,2-Day Shipping,Yes,Yes,38,PhonePe,Bi-Weekly
1381,51,Male,Sneakers,Footwear,2975,Telangana,S,Beige,Winter,4.6,No,Standard,Yes,Yes,41,Cash,Fortnightly
1382,30,Male,Shoes,Footwear,7310,Bihar,L,Green,Winter,2.9,No,Standard,Yes,Yes,48,PhonePe,Quarterly
1383,68,Male,Jacket,Outerwear,4675,Michigan,L,Brown,Winter,4.8,No,Express,Yes,Yes,16,Net Banking,Quarterly
1384,36,Male,Scarf,Accessories,4930,Wisconsin,M,Beige,Spring,3.3,No,Express,Yes,Yes,4,PhonePe,Monthly
1385,46,Male,Sneakers,Footwear,8160,Alaska,M,Beige,Fall,4.6,No,Standard,Yes,Yes,8,Net Banking,Weekly
1386,41,Male,Jewelry,Accessories,5440,Mississippi,M,Indigo,Fall,2.6,No,Store Pickup,Yes,Yes,1,Net Banking,Bi-Weekly
1387,68,Male,Jacket,Outerwear,4760,Tamil Nadu,M,Silver,Fall,4,No,Next Day Air,Yes,Yes,4,Debit Card,Quarterly
1388,21,Male,Blouse,Clothing,7225,Maryland,M,Gold,Winter,3.8,No,Standard,Yes,Yes,20,Credit Card,Monthly
1389,62,Male,Dress,Clothing,1955,Rajasthan,M,Lavender,Spring,3.9,No,Express,Yes,Yes,40,Cash,Quarterly
1390,59,Male,Scarf,Accessories,6120,Bihar,L,Orange,Fall,2.6,No,Store Pickup,Yes,Yes,8,Debit Card,Fortnightly
1391,25,Male,Hat,Accessories,3230,Rajasthan,M,Maroon,Summer,4.3,No,Standard,Yes,Yes,42,Debit Card,Weekly
1392,53,Male,Blouse,Clothing,2465,Mississippi,S,White,Winter,3.6,No,Express,Yes,Yes,38,Credit Card,Annually
1393,31,Male,Gloves,Accessories,3910,Rajasthan,M,Yellow,Spring,4.2,No,Express,Yes,Yes,34,PhonePe,Every 3 Months
1394,46,Male,Gloves,Accessories,4930,Idaho,L,Yellow,Spring,3.9,No,Express,Yes,Yes,14,Google Pay,Fortnightly
1395,26,Male,Coat,Outerwear,3655,Assam,L,Magenta,Fall,4.7,No,Next Day Air,Yes,Yes,39,Cash,Weekly
1396,47,Male,Scarf,Accessories,2720,Kerala,L,Turquoise,Spring,2.8,No,Next Day Air,Yes,Yes,40,Google Pay,Bi-Weekly
1397,37,Male,Pants,Clothing,2550,Wisconsin,XL,Lavender,Winter,3,No,Next Day Air,Yes,Yes,49,Debit Card,Monthly
1398,55,Male,Sunglasses,Accessories,5695,Telangana,S,Magenta,Summer,4.7,No,Store Pickup,Yes,Yes,33,Google Pay,Annually
1399,30,Male,Dress,Clothing,3825,Telangana,M,Cyan,Summer,2.5,No,Free Shipping,Yes,Yes,25,Credit Card,Weekly
1400,19,Male,Hat,Accessories,6885,Nebraska,M,Olive,Winter,3.1,No,Store Pickup,Yes,Yes,48,PhonePe,Annually
1401,36,Male,Backpack,Accessories,1955,West Bengal,M,Red,Fall,3.6,No,Next Day Air,Yes,Yes,22,Credit Card,Every 3 Months
1402,23,Male,Sandals,Footwear,5015,Indiana,M,Blue,Fall,3.5,No,2-Day Shipping,Yes,Yes,1,Google Pay,Weekly
1403,62,Male,Sunglasses,Accessories,1785,North Dakota,L,White,Summer,3.1,No,Express,Yes,Yes,47,Google Pay,Monthly
1404,26,Male,Backpack,Accessories,1700,Georgia,M,Peach,Spring,3.6,No,Store Pickup,Yes,Yes,20,Credit Card,Bi-Weekly
1405,36,Male,Jewelry,Accessories,2380,New Mexico,M,Charcoal,Winter,3.5,No,Next Day Air,Yes,Yes,10,Debit Card,Weekly
1406,33,Male,Socks,Clothing,8500,New Hampshire,M,Peach,Winter,2.7,No,Store Pickup,Yes,Yes,39,Credit Card,Monthly
1407,32,Male,Shirt,Clothing,3910,Washington,L,Turquoise,Spring,3.6,No,Express,Yes,Yes,15,Debit Card,Monthly
1408,56,Male,Handbag,Accessories,5185,West Bengal,XL,Charcoal,Spring,4.5,No,Express,Yes,Yes,11,Credit Card,Annually
1409,58,Male,Blouse,Clothing,4930,Andhra Pradesh,M,Yellow,Winter,4.1,No,Free Shipping,Yes,Yes,38,PhonePe,Weekly
1410,34,Male,Backpack,Accessories,4250,Idaho,M,Blue,Spring,4.2,No,Standard,Yes,Yes,41,Cash,Fortnightly
1411,61,Male,Hat,Accessories,7905,Tennessee,M,Purple,Summer,4,No,Store Pickup,Yes,Yes,18,Debit Card,Annually
1412,48,Male,Skirt,Clothing,2040,Punjab,L,Green,Summer,2.8,No,Store Pickup,Yes,Yes,13,PhonePe,Quarterly
1413,25,Male,Shorts,Clothing,8500,Michigan,M,Charcoal,Summer,2.6,No,2-Day Shipping,Yes,Yes,43,PhonePe,Annually
1414,51,Male,Blouse,Clothing,6715,New Hampshire,S,Indigo,Fall,2.7,No,Store Pickup,Yes,Yes,12,Net Banking,Quarterly
1415,29,Male,Socks,Clothing,4335,Minnesota,M,Black,Summer,4.5,No,Store Pickup,Yes,Yes,3,Credit Card,Bi-Weekly
1416,54,Male,Belt,Accessories,7650,Bihar,M,Blue,Winter,3.7,No,Free Shipping,Yes,Yes,12,Credit Card,Every 3 Months
1417,48,Male,Boots,Footwear,4760,Idaho,L,Silver,Summer,3.4,No,Free Shipping,Yes,Yes,46,Cash,Quarterly
1418,62,Male,Shorts,Clothing,2125,Maharastra,S,Brown,Spring,4.6,No,Standard,Yes,Yes,21,Debit Card,Fortnightly
1419,18,Male,Shirt,Clothing,6375,Alabama,M,Violet,Summer,4.1,No,2-Day Shipping,Yes,Yes,23,PhonePe,Every 3 Months
1420,43,Male,Handbag,Accessories,6375,Maharastra,M,Orange,Summer,2.6,No,Free Shipping,Yes,Yes,4,Debit Card,Quarterly
1421,22,Male,Jeans,Clothing,4505,Andhra Pradesh,XL,Gray,Summer,4.6,No,Store Pickup,Yes,Yes,45,Google Pay,Every 3 Months
1422,68,Male,Dress,Clothing,8500,Pennsylvania,S,Gold,Spring,3,No,Standard,Yes,Yes,24,Net Banking,Fortnightly
1423,44,Male,Dress,Clothing,2295,Telangana,L,Charcoal,Fall,3.4,No,Free Shipping,Yes,Yes,3,Google Pay,Bi-Weekly
1424,51,Male,Sandals,Footwear,5100,Michigan,S,Black,Fall,3.5,No,Free Shipping,Yes,Yes,12,PhonePe,Every 3 Months
1425,66,Male,Jacket,Outerwear,1955,Connecticut,S,Indigo,Fall,3.5,No,Standard,Yes,Yes,34,Net Banking,Every 3 Months
1426,59,Male,Coat,Outerwear,3400,Kerala,S,White,Winter,3.7,No,Next Day Air,Yes,Yes,39,Credit Card,Annually
1427,60,Male,Pants,Clothing,3230,Michigan,M,Yellow,Summer,4.8,No,Free Shipping,Yes,Yes,35,Google Pay,Every 3 Months
1428,31,Male,Backpack,Accessories,7650,South Dakota,S,Orange,Summer,4.9,No,Store Pickup,Yes,Yes,8,Credit Card,Annually
1429,20,Male,Blouse,Clothing,8245,North Dakota,S,Green,Summer,4.9,No,Express,Yes,Yes,42,Google Pay,Quarterly
1430,24,Male,Skirt,Clothing,3230,Maryland,L,Gold,Fall,4.7,No,Standard,Yes,Yes,6,Credit Card,Every 3 Months
1431,48,Male,Sandals,Footwear,2550,Michigan,S,Orange,Summer,4.9,No,Free Shipping,Yes,Yes,3,Credit Card,Fortnightly
1432,39,Male,Pants,Clothing,7480,South Dakota,M,Cyan,Fall,2.9,No,Express,Yes,Yes,29,PhonePe,Quarterly
1433,34,Male,Hat,Accessories,2805,Tamil Nadu,L,Black,Winter,4.4,No,Express,Yes,Yes,32,Debit Card,Quarterly
1434,70,Male,Hoodie,Clothing,5100,Minnesota,L,Yellow,Winter,3.2,No,Next Day Air,Yes,Yes,45,Debit Card,Weekly
1435,59,Male,Sweater,Clothing,5440,New York,L,Maroon,Summer,4.6,No,Free Shipping,Yes,Yes,21,Debit Card,Bi-Weekly
1436,45,Male,Scarf,Accessories,8075,Tamil Nadu,XL,Black,Fall,4,No,Standard,Yes,Yes,41,Cash,Weekly
1437,35,Male,Sneakers,Footwear,7055,Minnesota,M,Gray,Winter,3.7,No,Free Shipping,Yes,Yes,23,Google Pay,Fortnightly
1438,69,Male,Boots,Footwear,8245,Maharastra,XL,Orange,Winter,4.2,No,Free Shipping,Yes,Yes,14,Cash,Annually
1439,58,Male,Coat,Outerwear,3230,Washington,M,Cyan,Spring,2.9,No,Standard,Yes,Yes,24,Debit Card,Monthly
1440,25,Male,Boots,Footwear,4080,New Mexico,M,Magenta,Summer,4.8,No,Next Day Air,Yes,Yes,25,Cash,Fortnightly
1441,27,Male,Sandals,Footwear,6460,Arizona,M,Pink,Spring,4.4,No,Standard,Yes,Yes,13,PhonePe,Monthly
1442,34,Male,Pants,Clothing,2125,Nebraska,S,Turquoise,Summer,3.4,No,Free Shipping,Yes,Yes,3,PhonePe,Every 3 Months
1443,53,Male,Hoodie,Clothing,7820,Idaho,S,Violet,Spring,2.8,No,2-Day Shipping,Yes,Yes,42,Credit Card,Annually
1444,58,Male,Sandals,Footwear,3995,Idaho,L,Teal,Fall,4.2,No,Next Day Air,Yes,Yes,2,Cash,Monthly
1445,32,Male,Sweater,Clothing,3060,Vermont,L,Pink,Fall,3.8,No,Express,Yes,Yes,26,Cash,Quarterly
1446,64,Male,Belt,Accessories,4335,Rajasthan,M,Gold,Fall,3.1,No,2-Day Shipping,Yes,Yes,24,Credit Card,Annually
1447,63,Male,Jeans,Clothing,2975,Kerala,XL,Red,Summer,3.2,No,Express,Yes,Yes,6,Credit Card,Quarterly
1448,23,Male,Hoodie,Clothing,4845,New Mexico,S,Beige,Summer,3,No,Next Day Air,Yes,Yes,25,Google Pay,Monthly
1449,64,Male,Boots,Footwear,8075,Kerala,M,Black,Summer,3.6,No,Free Shipping,Yes,Yes,11,Credit Card,Every 3 Months
1450,18,Male,Socks,Clothing,3485,New York,L,Lavender,Winter,2.5,No,Store Pickup,Yes,Yes,20,Cash,Every 3 Months
1451,25,Male,Dress,Clothing,3740,Bihar,S,Teal,Winter,3.4,No,Free Shipping,Yes,Yes,25,Cash,Quarterly
1452,54,Male,Jacket,Outerwear,2890,Utah,M,Maroon,Fall,2.5,No,Next Day Air,Yes,Yes,35,Google Pay,Quarterly
1453,60,Male,Jacket,Outerwear,2125,Colorado,L,Blue,Spring,4.7,No,2-Day Shipping,Yes,Yes,11,Net Banking,Quarterly
1454,36,Male,Boots,Footwear,7905,Kerala,S,Teal,Winter,3.2,No,2-Day Shipping,Yes,Yes,41,Net Banking,Fortnightly
1455,66,Male,Sneakers,Footwear,4250,Georgia,L,Maroon,Winter,2.9,No,Free Shipping,Yes,Yes,17,Credit Card,Annually
1456,60,Male,Pants,Clothing,6715,Alabama,L,Silver,Fall,4.9,No,Express,Yes,Yes,1,Google Pay,Every 3 Months
1457,59,Male,Coat,Outerwear,8500,Maharastra,S,Olive,Spring,2.7,No,Store Pickup,Yes,Yes,30,Google Pay,Every 3 Months
1458,58,Male,Shirt,Clothing,4845,Pennsylvania,S,Gray,Spring,4.7,No,Express,Yes,Yes,47,PhonePe,Fortnightly
1459,35,Male,Sweater,Clothing,2380,Haryana,M,Peach,Spring,2.9,No,2-Day Shipping,Yes,Yes,34,PhonePe,Weekly
1460,20,Male,Shoes,Footwear,2975,Andhra Pradesh,L,Yellow,Winter,4.8,No,Express,Yes,Yes,18,PhonePe,Fortnightly
1461,70,Male,Boots,Footwear,7225,Pennsylvania,L,Violet,Fall,4.6,No,Standard,Yes,Yes,33,PhonePe,Bi-Weekly
1462,54,Male,Sunglasses,Accessories,8075,Tamil Nadu,S,Red,Summer,5,No,2-Day Shipping,Yes,Yes,42,PhonePe,Quarterly
1463,38,Male,Sneakers,Footwear,7650,Utah,S,Charcoal,Summer,4.8,No,2-Day Shipping,Yes,Yes,2,PhonePe,Quarterly
1464,54,Male,Jewelry,Accessories,4165,Odisha,M,Beige,Summer,4.9,No,Store Pickup,Yes,Yes,1,Net Banking,Monthly
1465,33,Male,Belt,Accessories,7820,Maharastra,M,Peach,Winter,4.6,No,2-Day Shipping,Yes,Yes,23,Net Banking,Quarterly
1466,46,Male,Gloves,Accessories,6120,Nebraska,XL,Violet,Winter,3.9,No,Store Pickup,Yes,Yes,42,Cash,Bi-Weekly
1467,58,Male,Shorts,Clothing,6035,Alabama,M,Green,Summer,4.5,No,Store Pickup,Yes,Yes,3,Google Pay,Annually
1468,30,Male,Jewelry,Accessories,2295,Ohio,XL,Olive,Winter,4.7,No,Store Pickup,Yes,Yes,16,Debit Card,Fortnightly
1469,42,Male,Gloves,Accessories,3315,Rajasthan,S,Silver,Fall,3.9,No,Express,Yes,Yes,46,Cash,Fortnightly
1470,28,Male,Jewelry,Accessories,8330,Mississippi,M,Purple,Winter,4.4,No,Standard,Yes,Yes,31,Google Pay,Every 3 Months
1471,43,Male,Sandals,Footwear,2295,Andhra Pradesh,M,Silver,Spring,3.9,No,Next Day Air,Yes,Yes,15,Cash,Every 3 Months
1472,31,Male,Jewelry,Accessories,6035,Alaska,S,Gray,Spring,2.8,No,2-Day Shipping,Yes,Yes,48,PhonePe,Every 3 Months
1473,39,Male,Hat,Accessories,2040,Indiana,L,Turquoise,Spring,3.5,No,Store Pickup,Yes,Yes,11,Cash,Weekly
1474,69,Male,Shorts,Clothing,5355,Wisconsin,M,Violet,Fall,4.3,No,Express,Yes,Yes,20,Credit Card,Every 3 Months
1475,31,Male,Sweater,Clothing,6120,New Jersey,S,Pink,Fall,3.9,No,Next Day Air,Yes,Yes,6,Credit Card,Monthly
1476,44,Male,Blouse,Clothing,5185,Karnataka,M,Teal,Spring,4,No,Express,Yes,Yes,24,Cash,Monthly
1477,39,Male,Hat,Accessories,4760,Kerala,M,Magenta,Fall,4.1,No,Next Day Air,Yes,Yes,18,Credit Card,Monthly
1478,24,Male,Belt,Accessories,2720,Tamil Nadu,XL,Silver,Summer,4.3,No,Standard,Yes,Yes,1,Google Pay,Every 3 Months
1479,28,Male,Gloves,Accessories,1955,Washington,M,Blue,Summer,4.2,No,Free Shipping,Yes,Yes,13,PhonePe,Bi-Weekly
1480,48,Male,Coat,Outerwear,8500,Washington,L,Black,Spring,4,No,Standard,Yes,Yes,2,Net Banking,Weekly
1481,39,Male,Jewelry,Accessories,6290,New Hampshire,M,Gold,Fall,3.6,No,Express,Yes,Yes,26,Cash,Quarterly
1482,64,Male,Skirt,Clothing,2805,Maryland,S,Gray,Spring,3.3,No,Standard,Yes,Yes,31,Google Pay,Quarterly
1483,28,Male,Gloves,Accessories,5695,Wisconsin,S,Magenta,Spring,4.1,No,2-Day Shipping,Yes,Yes,43,Net Banking,Weekly
1484,39,Male,Jewelry,Accessories,5185,Telangana,S,Yellow,Summer,4.7,No,Next Day Air,Yes,Yes,12,Debit Card,Bi-Weekly
1485,49,Male,Shorts,Clothing,3910,Nebraska,M,Teal,Summer,4.4,No,Store Pickup,Yes,Yes,22,PhonePe,Every 3 Months
1486,22,Male,Gloves,Accessories,4760,Nebraska,L,Red,Spring,3.4,No,Standard,Yes,Yes,3,Cash,Fortnightly
1487,25,Male,Sneakers,Footwear,6205,Idaho,S,Yellow,Spring,5,No,Free Shipping,Yes,Yes,23,PhonePe,Every 3 Months
1488,40,Male,Skirt,Clothing,3740,Arizona,L,Black,Summer,4.6,No,Store Pickup,Yes,Yes,26,Google Pay,Annually
1489,23,Male,Hat,Accessories,3740,Hawaii,L,Pink,Winter,4,No,Standard,Yes,Yes,37,Credit Card,Weekly
1490,24,Male,Jewelry,Accessories,2210,Haryana,XL,Magenta,Summer,4.1,No,Next Day Air,Yes,Yes,42,PhonePe,Quarterly
1491,66,Male,Sneakers,Footwear,4420,Punjab,L,Olive,Spring,4.9,No,Express,Yes,Yes,15,PhonePe,Bi-Weekly
1492,27,Male,Shirt,Clothing,4590,Rajasthan,S,Black,Summer,2.7,No,Free Shipping,Yes,Yes,10,Net Banking,Quarterly
1493,62,Male,Jacket,Outerwear,3230,North Carolina,M,Maroon,Summer,4.5,No,Free Shipping,Yes,Yes,3,PhonePe,Quarterly
1494,70,Male,Belt,Accessories,3740,North Dakota,S,Gold,Fall,2.7,No,Standard,Yes,Yes,44,Credit Card,Quarterly
1495,43,Male,T-shirt,Clothing,6460,Maharastra,M,Gray,Spring,3,No,Next Day Air,Yes,Yes,23,Net Banking,Fortnightly
1496,45,Male,Jewelry,Accessories,1955,Karnataka,M,Brown,Winter,4.5,No,Next Day Air,Yes,Yes,6,Google Pay,Weekly
1497,63,Male,T-shirt,Clothing,8330,Idaho,M,Purple,Winter,5,No,Standard,Yes,Yes,9,PhonePe,Bi-Weekly
1498,69,Male,Jacket,Outerwear,2805,Michigan,S,Magenta,Spring,3.8,No,2-Day Shipping,Yes,Yes,16,Debit Card,Every 3 Months
1499,59,Male,Sweater,Clothing,2720,Bihar,M,Teal,Summer,3.1,No,Standard,Yes,Yes,46,PhonePe,Fortnightly
1500,19,Male,Boots,Footwear,7225,Georgia,S,Olive,Fall,3.4,No,Free Shipping,Yes,Yes,24,Credit Card,Every 3 Months
1501,63,Male,Jeans,Clothing,5865,Alabama,L,Maroon,Summer,4.8,No,Next Day Air,Yes,Yes,22,Debit Card,Monthly
1502,37,Male,Jeans,Clothing,4675,Alaska,XL,Silver,Spring,2.7,No,Standard,Yes,Yes,13,Debit Card,Every 3 Months
1503,37,Male,Pants,Clothing,5610,Telangana,M,Black,Summer,3.2,No,Store Pickup,Yes,Yes,20,Cash,Fortnightly
1504,50,Male,Jacket,Outerwear,2550,Michigan,M,Maroon,Fall,3.9,No,2-Day Shipping,Yes,Yes,46,Cash,Quarterly
1505,60,Male,Jacket,Outerwear,6800,Alaska,M,Teal,Winter,4.2,No,Next Day Air,Yes,Yes,10,Net Banking,Monthly
1506,46,Male,Belt,Accessories,1700,North Dakota,M,Teal,Summer,3,No,Express,Yes,Yes,39,Cash,Monthly
1507,35,Male,Shirt,Clothing,2550,South Carolina,L,Beige,Fall,3,No,2-Day Shipping,Yes,Yes,44,Google Pay,Quarterly
1508,66,Male,Dress,Clothing,7310,Pennsylvania,S,Maroon,Winter,3.7,No,2-Day Shipping,Yes,Yes,7,PhonePe,Annually
1509,35,Male,Blouse,Clothing,7140,Colorado,L,Beige,Spring,4.4,No,Store Pickup,Yes,Yes,3,Cash,Every 3 Months
1510,20,Male,Dress,Clothing,4590,New Hampshire,XL,White,Summer,4.6,No,Free Shipping,Yes,Yes,44,Debit Card,Annually
1511,55,Male,Blouse,Clothing,2550,Maryland,XL,Gray,Fall,3,No,Free Shipping,Yes,Yes,31,PhonePe,Annually
1512,34,Male,Dress,Clothing,7735,Georgia,M,Violet,Winter,3.6,No,Express,Yes,Yes,48,Credit Card,Weekly
1513,60,Male,Sneakers,Footwear,1955,Wisconsin,L,Silver,Winter,3.9,No,Standard,Yes,Yes,18,Google Pay,Bi-Weekly
1514,22,Male,Socks,Clothing,2975,Telangana,M,Red,Spring,4.1,No,Free Shipping,Yes,Yes,27,Cash,Monthly
1515,26,Male,Shoes,Footwear,7650,Utah,L,Brown,Winter,3.9,No,2-Day Shipping,Yes,Yes,1,PhonePe,Weekly
1516,39,Male,Jeans,Clothing,7905,Indiana,S,Turquoise,Fall,3.9,No,2-Day Shipping,Yes,Yes,34,Cash,Weekly
1517,20,Male,Jeans,Clothing,5780,West Bengal,L,Indigo,Winter,4.5,No,Express,Yes,Yes,5,Net Banking,Bi-Weekly
1518,57,Male,Gloves,Accessories,3485,New Hampshire,M,Violet,Spring,3.4,No,Standard,Yes,Yes,12,Cash,Quarterly
1519,68,Male,Belt,Accessories,6205,New York,M,Yellow,Winter,4.1,No,Next Day Air,Yes,Yes,14,PhonePe,Fortnightly
1520,50,Male,Sunglasses,Accessories,6205,Telangana,L,Cyan,Fall,4.9,No,Next Day Air,Yes,Yes,40,Google Pay,Weekly
1521,21,Male,Hat,Accessories,5610,Assam,M,Brown,Summer,4.4,No,2-Day Shipping,Yes,Yes,39,Cash,Quarterly
1522,29,Male,Backpack,Accessories,5015,Washington,M,White,Summer,2.7,No,2-Day Shipping,Yes,Yes,50,Net Banking,Weekly
1523,38,Male,Shorts,Clothing,6120,Tennessee,L,Yellow,Spring,4.8,No,Free Shipping,Yes,Yes,5,Debit Card,Monthly
1524,54,Male,Socks,Clothing,7480,Georgia,M,White,Summer,3.3,No,2-Day Shipping,Yes,Yes,35,Debit Card,Annually
1525,22,Male,Socks,Clothing,6460,Telangana,L,Pink,Summer,4.4,No,Free Shipping,Yes,Yes,6,Cash,Bi-Weekly
1526,29,Male,Belt,Accessories,2635,Tamil Nadu,M,Indigo,Winter,4.6,No,2-Day Shipping,Yes,Yes,22,Cash,Fortnightly
1527,41,Male,Jacket,Outerwear,1870,Odisha,L,White,Summer,3.1,No,Next Day Air,Yes,Yes,27,Google Pay,Monthly
1528,26,Male,Hat,Accessories,6375,Wisconsin,L,Red,Fall,4.5,No,2-Day Shipping,Yes,Yes,33,Debit Card,Fortnightly
1529,69,Male,T-shirt,Clothing,6375,Tamil Nadu,S,Red,Spring,4,No,Store Pickup,Yes,Yes,47,PhonePe,Bi-Weekly
1530,20,Male,Backpack,Accessories,5355,Georgia,M,Lavender,Winter,3.1,No,Free Shipping,Yes,Yes,48,Credit Card,Bi-Weekly
1531,59,Male,Coat,Outerwear,1785,New Mexico,M,Teal,Spring,3.9,No,Next Day Air,Yes,Yes,22,Net Banking,Quarterly
1532,63,Male,Backpack,Accessories,7055,Mississippi,S,Violet,Spring,4.5,No,Next Day Air,Yes,Yes,8,Google Pay,Bi-Weekly
1533,68,Male,Jacket,Outerwear,3910,Wisconsin,S,Silver,Winter,4.4,No,Next Day Air,Yes,Yes,5,Google Pay,Every 3 Months
1534,50,Male,Shoes,Footwear,5015,New Hampshire,M,Gold,Summer,3.6,No,2-Day Shipping,Yes,Yes,16,Net Banking,Quarterly
1535,55,Male,Blouse,Clothing,5610,Kerala,M,Green,Summer,3.4,No,Free Shipping,Yes,Yes,26,PhonePe,Fortnightly
1536,36,Male,Sandals,Footwear,6290,Kerala,S,Turquoise,Fall,4,No,2-Day Shipping,Yes,Yes,8,PhonePe,Monthly
1537,18,Male,Sunglasses,Accessories,6970,Michigan,M,Indigo,Summer,2.6,No,Store Pickup,Yes,Yes,17,Cash,Quarterly
1538,68,Male,Shoes,Footwear,7565,Alaska,L,Black,Spring,3.2,No,Next Day Air,Yes,Yes,50,PhonePe,Annually
1539,56,Male,Dress,Clothing,5525,Bihar,L,Charcoal,Fall,3.2,No,Standard,Yes,Yes,22,PhonePe,Bi-Weekly
1540,32,Male,Belt,Accessories,4675,Hawaii,M,Turquoise,Spring,5,No,2-Day Shipping,Yes,Yes,19,Cash,Every 3 Months
1541,28,Male,Shorts,Clothing,8075,Colorado,M,Red,Winter,2.9,No,Next Day Air,Yes,Yes,14,Net Banking,Monthly
1542,24,Male,Handbag,Accessories,6545,Bihar,S,Indigo,Winter,2.9,No,Store Pickup,Yes,Yes,35,Cash,Bi-Weekly
1543,59,Male,Blouse,Clothing,3740,Hawaii,M,Maroon,Winter,3.5,No,Next Day Air,Yes,Yes,43,Google Pay,Weekly
1544,56,Male,Jeans,Clothing,7565,Wisconsin,M,Indigo,Fall,4,No,Standard,Yes,Yes,24,PhonePe,Annually
1545,30,Male,Jewelry,Accessories,2040,Rajasthan,M,Maroon,Spring,3.9,No,Standard,Yes,Yes,17,Debit Card,Bi-Weekly
1546,48,Male,Belt,Accessories,3655,Gujarat,M,Black,Winter,4.9,No,Store Pickup,Yes,Yes,49,Net Banking,Annually
1547,60,Male,Sneakers,Footwear,4335,Tamil Nadu,XL,Purple,Summer,3.8,No,Express,Yes,Yes,17,Net Banking,Annually
1548,46,Male,Hat,Accessories,3910,South Carolina,L,Teal,Summer,3.5,No,Standard,Yes,Yes,40,Cash,Quarterly
1549,69,Male,Dress,Clothing,2720,Maryland,M,Silver,Summer,3.7,No,Store Pickup,Yes,Yes,43,Net Banking,Weekly
1550,19,Male,Sneakers,Footwear,4675,Kansas,M,Black,Spring,2.9,No,2-Day Shipping,Yes,Yes,19,Debit Card,Every 3 Months
1551,66,Male,Sunglasses,Accessories,2210,Rajasthan,S,Black,Summer,2.8,No,Free Shipping,Yes,Yes,40,Net Banking,Quarterly
1552,64,Male,Handbag,Accessories,2465,Minnesota,M,Olive,Summer,3.7,No,2-Day Shipping,Yes,Yes,13,Credit Card,Monthly
1553,54,Male,Blouse,Clothing,4165,New Mexico,L,Purple,Spring,3,No,Express,Yes,Yes,20,Credit Card,Monthly
1554,27,Male,Blouse,Clothing,3825,Gujarat,M,Indigo,Spring,4.8,No,Free Shipping,Yes,Yes,21,Debit Card,Quarterly
1555,64,Male,Shorts,Clothing,4080,Utah,S,Lavender,Winter,2.7,No,Standard,Yes,Yes,18,Cash,Bi-Weekly
1556,43,Male,Shorts,Clothing,3995,Ohio,S,Cyan,Winter,4.5,No,Free Shipping,Yes,Yes,44,Cash,Quarterly
1557,43,Male,Hoodie,Clothing,4845,Alabama,M,Gold,Fall,2.7,No,Standard,Yes,Yes,26,Credit Card,Quarterly
1558,27,Male,Backpack,Accessories,2890,South Dakota,L,Magenta,Fall,3.5,No,Next Day Air,Yes,Yes,34,Google Pay,Quarterly
1559,35,Male,Sunglasses,Accessories,6375,New Mexico,XL,Teal,Fall,3.5,No,Express,Yes,Yes,24,Credit Card,Every 3 Months
1560,43,Male,Scarf,Accessories,7990,Tamil Nadu,L,Beige,Fall,4.5,No,Store Pickup,Yes,Yes,23,Google Pay,Fortnightly
1561,57,Male,Hat,Accessories,7140,Tamil Nadu,M,Teal,Winter,3.8,No,Free Shipping,Yes,Yes,3,Debit Card,Weekly
1562,50,Male,Scarf,Accessories,3230,Mississippi,M,Indigo,Summer,3.8,No,Standard,Yes,Yes,2,Net Banking,Quarterly
1563,37,Male,Scarf,Accessories,6375,Alabama,M,Purple,Winter,3.2,No,Next Day Air,Yes,Yes,23,PhonePe,Bi-Weekly
1564,68,Male,Pants,Clothing,3740,Kansas,M,Teal,Fall,4.3,No,Next Day Air,Yes,Yes,8,Cash,Weekly
1565,22,Male,Backpack,Accessories,2805,Andhra Pradesh,XL,Turquoise,Summer,4.5,No,Next Day Air,Yes,Yes,30,Debit Card,Every 3 Months
1566,58,Male,Sunglasses,Accessories,7905,Idaho,L,Peach,Fall,4.2,No,Free Shipping,Yes,Yes,48,Google Pay,Annually
1567,48,Male,Sneakers,Footwear,8415,Kerala,S,Green,Winter,3,No,Free Shipping,Yes,Yes,21,Cash,Bi-Weekly
1568,30,Male,Backpack,Accessories,2805,Minnesota,M,Turquoise,Spring,4.1,No,Standard,Yes,Yes,9,Cash,Monthly
1569,51,Male,Sneakers,Footwear,6460,Washington,L,Yellow,Spring,4.6,No,Store Pickup,Yes,Yes,8,Debit Card,Monthly
1570,20,Male,Skirt,Clothing,5355,Hawaii,M,Orange,Summer,2.9,No,Standard,Yes,Yes,29,Debit Card,Weekly
1571,30,Male,Pants,Clothing,3485,Haryana,L,Brown,Winter,4.8,No,Next Day Air,Yes,Yes,3,Net Banking,Every 3 Months
1572,28,Male,Jewelry,Accessories,7480,Colorado,L,Silver,Winter,4.5,No,Next Day Air,Yes,Yes,11,Net Banking,Fortnightly
1573,37,Male,Skirt,Clothing,7820,Washington,L,White,Summer,3.4,No,2-Day Shipping,Yes,Yes,16,Debit Card,Monthly
1574,36,Male,T-shirt,Clothing,2635,North Dakota,L,Indigo,Summer,4.3,No,2-Day Shipping,Yes,Yes,25,Debit Card,Weekly
1575,18,Male,Skirt,Clothing,2125,Minnesota,S,Magenta,Spring,4.2,No,Free Shipping,Yes,Yes,32,Google Pay,Bi-Weekly
1576,52,Male,Shirt,Clothing,2380,Andhra Pradesh,M,Turquoise,Spring,3.6,No,Next Day Air,Yes,Yes,28,Cash,Fortnightly
1577,56,Male,Dress,Clothing,6375,Michigan,M,White,Spring,3.7,No,2-Day Shipping,Yes,Yes,36,Google Pay,Monthly
1578,68,Male,Boots,Footwear,2890,Gujarat,S,Olive,Spring,4,No,Standard,Yes,Yes,7,PhonePe,Fortnightly
1579,62,Male,Pants,Clothing,8245,Andhra Pradesh,S,Maroon,Winter,4.9,No,2-Day Shipping,Yes,Yes,2,Google Pay,Quarterly
1580,35,Male,Jacket,Outerwear,6800,Odisha,M,Violet,Summer,3.1,No,Free Shipping,Yes,Yes,6,Net Banking,Monthly
1581,65,Male,Sneakers,Footwear,6035,North Dakota,L,Cyan,Summer,3.7,No,Standard,Yes,Yes,30,Cash,Annually
1582,69,Male,Jewelry,Accessories,6545,Ohio,L,Teal,Fall,4.2,No,Free Shipping,Yes,Yes,46,Cash,Quarterly
1583,28,Male,Belt,Accessories,3485,Hawaii,L,Red,Spring,2.5,No,Next Day Air,Yes,Yes,39,Cash,Monthly
1584,37,Male,Scarf,Accessories,7820,Maryland,XL,Yellow,Summer,4.3,No,Next Day Air,Yes,Yes,8,PhonePe,Annually
1585,41,Male,Blouse,Clothing,8075,Hawaii,S,Silver,Spring,3.1,No,Store Pickup,Yes,Yes,46,Credit Card,Quarterly
1586,37,Male,Sweater,Clothing,2125,Alabama,M,Charcoal,Fall,3,No,Next Day Air,Yes,Yes,40,Debit Card,Fortnightly
1587,25,Male,Boots,Footwear,6545,Odisha,M,Purple,Fall,4,No,Express,Yes,Yes,21,Net Banking,Weekly
1588,41,Male,Socks,Clothing,8415,Alabama,M,Beige,Summer,3.5,No,Free Shipping,Yes,Yes,33,Credit Card,Fortnightly
1589,48,Male,Belt,Accessories,2040,Vermont,L,Cyan,Winter,3.2,No,Next Day Air,Yes,Yes,3,PhonePe,Monthly
1590,42,Male,Sneakers,Footwear,6120,Ohio,M,Silver,Summer,2.7,No,Store Pickup,Yes,Yes,48,Cash,Weekly
1591,54,Male,Jeans,Clothing,6800,Wisconsin,S,Pink,Winter,3,No,Free Shipping,Yes,Yes,8,Google Pay,Annually
1592,18,Male,Skirt,Clothing,8500,South Dakota,L,Gold,Winter,2.9,No,Next Day Air,Yes,Yes,24,Google Pay,Annually
1593,56,Male,Shoes,Footwear,7055,Assam,M,Cyan,Summer,3.3,No,Free Shipping,Yes,Yes,10,Net Banking,Every 3 Months
1594,61,Male,Dress,Clothing,8075,Maryland,M,Black,Spring,4.9,No,2-Day Shipping,Yes,Yes,25,Net Banking,Monthly
1595,40,Male,Handbag,Accessories,3485,Colorado,XL,Charcoal,Summer,3.7,No,Store Pickup,Yes,Yes,3,Cash,Fortnightly
1596,34,Male,Backpack,Accessories,2975,Wisconsin,S,Magenta,Spring,3.5,No,Standard,Yes,Yes,45,Debit Card,Fortnightly
1597,42,Male,Jewelry,Accessories,2550,Mississippi,S,Pink,Fall,4.7,No,Store Pickup,Yes,Yes,15,Debit Card,Monthly
1598,43,Male,Hat,Accessories,1785,Mississippi,XL,Maroon,Winter,2.6,No,Store Pickup,Yes,Yes,34,Net Banking,Quarterly
1599,47,Male,Jewelry,Accessories,7225,Andhra Pradesh,M,Teal,Fall,4.1,No,Express,Yes,Yes,21,PhonePe,Bi-Weekly
1600,48,Male,Shirt,Clothing,4590,Gujarat,M,Orange,Winter,2.8,No,2-Day Shipping,Yes,Yes,22,Debit Card,Bi-Weekly
1601,20,Male,Boots,Footwear,2210,Maharastra,S,Yellow,Spring,4.7,No,Next Day Air,Yes,Yes,24,Google Pay,Weekly
1602,65,Male,Shirt,Clothing,5015,Indiana,XL,Red,Spring,2.9,No,Store Pickup,Yes,Yes,33,Credit Card,Monthly
1603,54,Male,Sunglasses,Accessories,4080,Kerala,S,Charcoal,Winter,2.8,No,Free Shipping,Yes,Yes,13,PhonePe,Fortnightly
1604,23,Male,Shorts,Clothing,8330,Assam,L,Black,Summer,4.3,No,Next Day Air,Yes,Yes,17,Debit Card,Bi-Weekly
1605,18,Male,Sweater,Clothing,7820,Andhra Pradesh,M,White,Summer,4.8,No,2-Day Shipping,Yes,Yes,25,Credit Card,Every 3 Months
1606,70,Male,Belt,Accessories,3910,Connecticut,M,Lavender,Winter,3.4,No,Next Day Air,Yes,Yes,15,Credit Card,Bi-Weekly
1607,55,Male,T-shirt,Clothing,1785,Kansas,S,White,Spring,4.3,No,Standard,Yes,Yes,4,Google Pay,Fortnightly
1608,49,Male,Shorts,Clothing,6120,Vermont,S,Gray,Fall,2.7,No,Free Shipping,Yes,Yes,43,Debit Card,Quarterly
1609,26,Male,Sandals,Footwear,4930,Nebraska,XL,Cyan,Fall,4.6,No,Next Day Air,Yes,Yes,12,Net Banking,Bi-Weekly
1610,33,Male,Shirt,Clothing,7905,West Bengal,S,Brown,Fall,4.1,No,Standard,Yes,Yes,3,PhonePe,Monthly
1611,20,Male,Socks,Clothing,2635,Tennessee,L,Purple,Spring,3.4,No,2-Day Shipping,Yes,Yes,1,Google Pay,Annually
1612,41,Male,Pants,Clothing,2210,Rajasthan,L,Yellow,Winter,4.5,No,Next Day Air,Yes,Yes,6,Debit Card,Monthly
1613,18,Male,Skirt,Clothing,5780,Wisconsin,M,Indigo,Summer,4.4,No,Standard,Yes,Yes,26,PhonePe,Monthly
1614,26,Male,Jewelry,Accessories,2635,Bihar,S,Black,Summer,4,No,Next Day Air,Yes,Yes,6,Credit Card,Fortnightly
1615,30,Male,T-shirt,Clothing,3485,Kansas,S,Gray,Summer,3.4,No,Free Shipping,Yes,Yes,22,Cash,Bi-Weekly
1616,64,Male,Jewelry,Accessories,5270,New York,M,Indigo,Fall,3.2,No,Standard,Yes,Yes,45,Cash,Bi-Weekly
1617,26,Male,Hat,Accessories,3485,Colorado,M,Green,Spring,3.4,No,Standard,Yes,Yes,50,Cash,Quarterly
1618,43,Male,Blouse,Clothing,5440,Wisconsin,M,Peach,Winter,4.3,No,Standard,Yes,Yes,50,Credit Card,Fortnightly
1619,63,Male,Sandals,Footwear,6120,Michigan,L,Purple,Summer,5,No,Standard,Yes,Yes,39,Debit Card,Quarterly
1620,57,Male,Handbag,Accessories,6630,Hawaii,L,Beige,Winter,3.5,No,Store Pickup,Yes,Yes,50,PhonePe,Bi-Weekly
1621,25,Male,Hat,Accessories,3995,Kerala,M,Charcoal,Winter,3.1,No,2-Day Shipping,Yes,Yes,27,Google Pay,Every 3 Months
1622,68,Male,Scarf,Accessories,3910,Ohio,L,Gray,Summer,3.9,No,2-Day Shipping,Yes,Yes,38,Debit Card,Fortnightly
1623,31,Male,Shorts,Clothing,3655,Haryana,S,Brown,Winter,4,No,Store Pickup,Yes,Yes,37,Net Banking,Every 3 Months
1624,64,Male,Backpack,Accessories,4930,Indiana,M,Cyan,Summer,3.5,No,Next Day Air,Yes,Yes,50,Debit Card,Annually
1625,38,Male,Sweater,Clothing,2720,Tamil Nadu,M,White,Winter,3.6,No,Free Shipping,Yes,Yes,40,Google Pay,Every 3 Months
1626,34,Male,Skirt,Clothing,3825,Minnesota,L,Beige,Winter,3,No,Next Day Air,Yes,Yes,3,Google Pay,Bi-Weekly
1627,32,Male,Sneakers,Footwear,2975,West Bengal,L,Orange,Summer,2.6,No,Next Day Air,Yes,Yes,45,Credit Card,Bi-Weekly
1628,69,Male,Sunglasses,Accessories,1785,Andhra Pradesh,M,Olive,Winter,2.9,No,Next Day Air,Yes,Yes,8,Credit Card,Annually
1629,45,Male,Dress,Clothing,5440,Telangana,S,Teal,Winter,3.1,No,Next Day Air,Yes,Yes,7,Cash,Monthly
1630,35,Male,Blouse,Clothing,7480,North Dakota,S,Silver,Spring,3.3,No,Next Day Air,Yes,Yes,13,PhonePe,Quarterly
1631,63,Male,Shoes,Footwear,4080,New Jersey,M,Gold,Summer,2.9,No,Store Pickup,Yes,Yes,29,PhonePe,Every 3 Months
1632,65,Male,Sweater,Clothing,3060,Indiana,L,Violet,Summer,3.9,No,2-Day Shipping,Yes,Yes,7,Net Banking,Fortnightly
1633,35,Male,Gloves,Accessories,2380,Tamil Nadu,S,White,Summer,4.7,No,2-Day Shipping,Yes,Yes,50,Debit Card,Every 3 Months
1634,54,Male,Socks,Clothing,6800,North Dakota,M,Peach,Spring,4.4,No,2-Day Shipping,Yes,Yes,33,Debit Card,Bi-Weekly
1635,28,Male,Coat,Outerwear,1955,South Carolina,S,Orange,Summer,3.6,No,Store Pickup,Yes,Yes,30,Cash,Every 3 Months
1636,68,Male,Sunglasses,Accessories,2040,North Carolina,L,Violet,Summer,3.2,No,Standard,Yes,Yes,40,Cash,Annually
1637,58,Male,Boots,Footwear,1870,North Dakota,L,Green,Fall,4,No,Free Shipping,Yes,Yes,49,Cash,Fortnightly
1638,35,Male,Dress,Clothing,1785,Telangana,M,Peach,Spring,3.5,No,Next Day Air,Yes,Yes,32,PhonePe,Fortnightly
1639,68,Male,Jacket,Outerwear,4335,Tennessee,M,Black,Spring,4.6,No,Free Shipping,Yes,Yes,18,PhonePe,Weekly
1640,41,Male,Gloves,Accessories,5525,Haryana,L,Blue,Summer,3.3,No,Free Shipping,Yes,Yes,50,Google Pay,Annually
1641,65,Male,Scarf,Accessories,4335,Tennessee,S,Magenta,Spring,4,No,2-Day Shipping,Yes,Yes,13,Google Pay,Weekly
1642,50,Male,Hoodie,Clothing,2720,Colorado,L,Violet,Summer,3.4,No,Free Shipping,Yes,Yes,1,Net Banking,Every 3 Months
1643,18,Male,Coat,Outerwear,5950,Mississippi,M,Beige,Spring,4.2,No,Store Pickup,Yes,Yes,16,Google Pay,Fortnightly
1644,38,Male,Scarf,Accessories,6545,Ohio,L,Pink,Summer,3.9,No,2-Day Shipping,Yes,Yes,6,Google Pay,Monthly
1645,68,Male,Coat,Outerwear,7650,North Carolina,S,Beige,Summer,3.9,No,Next Day Air,Yes,Yes,21,Debit Card,Monthly
1646,53,Male,Scarf,Accessories,3060,Ohio,L,Green,Summer,2.8,No,Standard,Yes,Yes,36,PhonePe,Every 3 Months
1647,58,Male,Handbag,Accessories,6545,Nebraska,S,Silver,Summer,3.7,No,Standard,Yes,Yes,20,Net Banking,Every 3 Months
1648,34,Male,Boots,Footwear,6630,Hawaii,M,Purple,Summer,4.9,No,Store Pickup,Yes,Yes,8,Debit Card,Quarterly
1649,36,Male,Pants,Clothing,5865,Odisha,M,Gray,Summer,2.6,No,Express,Yes,Yes,22,Credit Card,Monthly
1650,58,Male,T-shirt,Clothing,5355,Wisconsin,M,White,Summer,4.9,No,Free Shipping,Yes,Yes,3,Credit Card,Quarterly
1651,60,Male,Scarf,Accessories,3060,Rajasthan,M,Silver,Winter,3.4,No,Next Day Air,Yes,Yes,46,Credit Card,Fortnightly
1652,59,Male,Coat,Outerwear,6800,Telangana,M,Blue,Winter,3.9,No,Standard,Yes,Yes,42,Debit Card,Monthly
1653,65,Male,Sweater,Clothing,2975,New Mexico,M,Orange,Summer,4,No,Next Day Air,Yes,Yes,1,Net Banking,Fortnightly
1654,31,Male,Belt,Accessories,7905,Colorado,L,Silver,Winter,3,No,2-Day Shipping,Yes,Yes,29,Debit Card,Bi-Weekly
1655,43,Male,Belt,Accessories,2125,Indiana,L,Gray,Spring,2.6,No,Store Pickup,Yes,Yes,14,Credit Card,Quarterly
1656,37,Male,Sweater,Clothing,6885,Arizona,L,Gold,Spring,3.2,No,Next Day Air,Yes,Yes,4,Google Pay,Monthly
1657,21,Male,Blouse,Clothing,3570,Indiana,L,Brown,Spring,2.6,No,2-Day Shipping,Yes,Yes,41,Google Pay,Every 3 Months
1658,69,Male,Skirt,Clothing,3060,Indiana,L,Turquoise,Spring,3.2,No,Store Pickup,Yes,Yes,4,Debit Card,Bi-Weekly
1659,32,Male,Jewelry,Accessories,5610,Alaska,S,Pink,Spring,4.1,No,Store Pickup,Yes,Yes,47,Cash,Weekly
1660,53,Male,Gloves,Accessories,3145,Utah,M,Black,Fall,3.9,No,Next Day Air,Yes,Yes,44,PhonePe,Annually
1661,59,Male,T-shirt,Clothing,3825,Punjab,L,Yellow,Winter,4.1,No,Standard,Yes,Yes,37,PhonePe,Monthly
1662,64,Male,Gloves,Accessories,7310,Assam,S,Beige,Summer,2.7,No,2-Day Shipping,Yes,Yes,21,Debit Card,Quarterly
1663,63,Male,Sunglasses,Accessories,2040,New Mexico,M,Olive,Winter,4.6,No,Free Shipping,Yes,Yes,46,Debit Card,Fortnightly
1664,43,Male,Shirt,Clothing,1870,Andhra Pradesh,XL,Gold,Summer,3.5,No,Standard,Yes,Yes,1,Cash,Bi-Weekly
1665,19,Male,Handbag,Accessories,4505,Minnesota,M,Purple,Spring,5,No,Next Day Air,Yes,Yes,35,Google Pay,Weekly
1666,40,Male,Jacket,Outerwear,3485,New Mexico,L,Pink,Fall,3.4,No,Next Day Air,Yes,Yes,49,PhonePe,Monthly
1667,51,Male,Skirt,Clothing,5440,Rajasthan,M,Blue,Summer,3.1,No,Store Pickup,Yes,Yes,47,Google Pay,Annually
1668,51,Male,Handbag,Accessories,3400,Odisha,L,Brown,Winter,3.4,No,2-Day Shipping,Yes,Yes,24,Net Banking,Every 3 Months
1669,66,Male,Blouse,Clothing,2805,Utah,L,Charcoal,Summer,4,No,Standard,Yes,Yes,28,Debit Card,Fortnightly
1670,42,Male,T-shirt,Clothing,5015,Wisconsin,L,Maroon,Winter,2.7,No,Store Pickup,Yes,Yes,22,Net Banking,Quarterly
1671,22,Male,Pants,Clothing,6205,Utah,L,Cyan,Fall,3.6,No,Free Shipping,Yes,Yes,20,Cash,Weekly
1672,31,Male,Hoodie,Clothing,1870,Utah,M,Olive,Winter,4,No,Free Shipping,Yes,Yes,25,Net Banking,Weekly
1673,18,Male,Boots,Footwear,6205,South Carolina,L,Gold,Fall,3.8,No,Free Shipping,Yes,Yes,15,PhonePe,Quarterly
1674,21,Male,Blouse,Clothing,5270,Hawaii,M,Violet,Fall,3.4,No,Next Day Air,Yes,Yes,49,PhonePe,Bi-Weekly
1675,35,Male,Coat,Outerwear,4760,Alaska,M,Peach,Winter,3.2,No,Free Shipping,Yes,Yes,10,Debit Card,Fortnightly
1676,35,Male,Pants,Clothing,7650,Colorado,M,Beige,Spring,4.7,No,Next Day Air,Yes,Yes,21,Credit Card,Annually
1677,27,Male,Sunglasses,Accessories,3740,Kerala,M,Cyan,Winter,3.1,No,Next Day Air,Yes,Yes,34,Net Banking,Weekly
1678,65,Male,Jeans,Clothing,2975,Tamil Nadu,L,Silver,Summer,3.3,No,Next Day Air,No,No,41,Debit Card,Weekly
1679,41,Male,Pants,Clothing,6035,Ohio,S,Magenta,Summer,4.8,No,2-Day Shipping,No,No,30,PhonePe,Fortnightly
1680,60,Male,Dress,Clothing,4420,Telangana,S,Black,Fall,4.5,No,Next Day Air,No,No,24,Debit Card,Bi-Weekly
1681,61,Male,Shoes,Footwear,3145,Punjab,M,Olive,Summer,3.4,No,Store Pickup,No,No,6,Credit Card,Annually
1682,24,Male,Sneakers,Footwear,8075,Kerala,L,Green,Winter,3.7,No,2-Day Shipping,No,No,14,Credit Card,Bi-Weekly
1683,65,Male,Socks,Clothing,8245,New York,M,Yellow,Fall,4.9,No,2-Day Shipping,No,No,37,Credit Card,Bi-Weekly
1684,23,Male,Coat,Outerwear,4845,Rajasthan,S,Lavender,Spring,3.5,No,Next Day Air,No,No,37,PhonePe,Quarterly
1685,30,Male,Shirt,Clothing,7905,New Mexico,M,Indigo,Spring,4.6,No,Standard,No,No,28,Google Pay,Weekly
1686,33,Male,Blouse,Clothing,4080,Minnesota,M,Pink,Winter,4.6,No,Standard,No,No,43,Google Pay,Bi-Weekly
1687,22,Male,Gloves,Accessories,6375,Bihar,L,Red,Fall,4.2,No,Store Pickup,No,No,25,Cash,Annually
1688,67,Male,Skirt,Clothing,5950,Georgia,S,Magenta,Winter,3.7,No,Free Shipping,No,No,4,Google Pay,Annually
1689,28,Male,Handbag,Accessories,2210,Mississippi,S,Peach,Winter,3,No,Next Day Air,No,No,13,PhonePe,Fortnightly
1690,32,Male,Shirt,Clothing,6205,North Carolina,L,Turquoise,Winter,4.6,No,Store Pickup,No,No,32,Net Banking,Monthly
1691,40,Male,Coat,Outerwear,2550,West Bengal,M,Black,Summer,3.2,No,Free Shipping,No,No,1,Cash,Annually
1692,64,Male,Shoes,Footwear,5185,Connecticut,L,Blue,Summer,3.5,No,Next Day Air,No,No,4,Cash,Annually
1693,56,Male,Handbag,Accessories,6375,Utah,M,Beige,Winter,2.6,No,Standard,No,No,33,Cash,Bi-Weekly
1694,63,Male,Jacket,Outerwear,7480,Tennessee,XL,Olive,Fall,4.9,No,Standard,No,No,45,Net Banking,Fortnightly
1695,20,Male,Shirt,Clothing,5695,Mississippi,M,Turquoise,Summer,2.7,No,Express,No,No,20,Debit Card,Fortnightly
1696,54,Male,Hat,Accessories,8075,Nebraska,S,Yellow,Fall,4.7,No,2-Day Shipping,No,No,1,Google Pay,Fortnightly
1697,31,Male,Sunglasses,Accessories,5865,Kerala,S,Turquoise,Spring,4,No,Free Shipping,No,No,7,Credit Card,Bi-Weekly
1698,36,Male,Shirt,Clothing,7395,South Carolina,L,Lavender,Fall,3.5,No,Next Day Air,No,No,48,Credit Card,Every 3 Months
1699,25,Male,Belt,Accessories,3485,Assam,XL,Turquoise,Winter,4.8,No,Standard,No,No,46,Net Banking,Quarterly
1700,20,Male,Sweater,Clothing,5695,North Dakota,L,Teal,Spring,4,No,Free Shipping,No,No,34,Debit Card,Annually
1701,62,Male,Hoodie,Clothing,5950,Kerala,L,Black,Fall,4.1,No,Express,No,No,36,Net Banking,Monthly
1702,69,Male,Handbag,Accessories,3485,Mississippi,XL,Blue,Winter,3.8,No,Next Day Air,No,No,44,Debit Card,Every 3 Months
1703,54,Male,Jeans,Clothing,7055,Alabama,XL,Yellow,Summer,5,No,Express,No,No,48,Net Banking,Weekly
1704,39,Male,Backpack,Accessories,1870,Andhra Pradesh,M,Black,Spring,4,No,Next Day Air,No,No,12,Net Banking,Annually
1705,56,Male,Sneakers,Footwear,1700,Idaho,M,Lavender,Summer,3.9,No,Store Pickup,No,No,19,Cash,Every 3 Months
1706,39,Male,Jewelry,Accessories,2465,South Dakota,L,Cyan,Summer,3.4,No,2-Day Shipping,No,No,49,PhonePe,Bi-Weekly
1707,37,Male,Sunglasses,Accessories,7395,North Dakota,M,Brown,Spring,3,No,Standard,No,No,25,PhonePe,Fortnightly
1708,25,Male,Shorts,Clothing,6885,West Bengal,L,Maroon,Fall,4.9,No,2-Day Shipping,No,No,25,Cash,Bi-Weekly
1709,35,Male,Boots,Footwear,4930,Tamil Nadu,L,Cyan,Spring,3.2,No,Express,No,No,1,Credit Card,Quarterly
1710,45,Male,Skirt,Clothing,7055,Indiana,M,Pink,Winter,3.8,No,Standard,No,No,19,Net Banking,Annually
1711,19,Male,Pants,Clothing,5015,Rajasthan,XL,Orange,Fall,3.8,No,Store Pickup,No,No,7,Credit Card,Quarterly
1712,21,Male,T-shirt,Clothing,7905,North Carolina,M,Lavender,Spring,4.7,No,Express,No,No,19,Credit Card,Monthly
1713,65,Male,T-shirt,Clothing,7395,Bihar,S,Beige,Fall,3.8,No,2-Day Shipping,No,No,9,Cash,Fortnightly
1714,49,Male,Jacket,Outerwear,1870,Haryana,M,Pink,Winter,4.6,No,Free Shipping,No,No,37,Google Pay,Quarterly
1715,30,Male,Jeans,Clothing,6035,South Dakota,S,Charcoal,Summer,4.4,No,Standard,No,No,15,Cash,Monthly
1716,23,Male,Dress,Clothing,5865,Idaho,XL,Gray,Spring,3.4,No,2-Day Shipping,No,No,30,Google Pay,Bi-Weekly
1717,69,Male,Blouse,Clothing,3995,Connecticut,M,Cyan,Winter,4.7,No,Standard,No,No,30,Cash,Every 3 Months
1718,29,Male,Hoodie,Clothing,4250,Hawaii,L,Orange,Summer,2.9,No,Express,No,No,16,Debit Card,Bi-Weekly
1719,54,Male,T-shirt,Clothing,8160,Maryland,L,Pink,Winter,3.4,No,2-Day Shipping,No,No,14,Google Pay,Every 3 Months
1720,45,Male,Sweater,Clothing,3315,Maryland,M,White,Winter,3.2,No,Free Shipping,No,No,8,PhonePe,Quarterly
1721,25,Male,Shorts,Clothing,7140,Telangana,S,Beige,Winter,2.8,No,Express,No,No,40,Debit Card,Bi-Weekly
1722,34,Male,Jewelry,Accessories,2380,Gujarat,S,Magenta,Spring,4.3,No,Free Shipping,No,No,24,Credit Card,Monthly
1723,46,Male,T-shirt,Clothing,4335,Telangana,L,Violet,Summer,3.3,No,Standard,No,No,14,Cash,Fortnightly
1724,70,Male,Scarf,Accessories,1700,New York,XL,Gold,Spring,3.3,No,Standard,No,No,39,Google Pay,Annually
1725,42,Male,Shoes,Footwear,6120,Gujarat,S,Teal,Winter,3.3,No,Free Shipping,No,No,21,Google Pay,Weekly
1726,45,Male,Sunglasses,Accessories,2805,Telangana,M,Indigo,Spring,3,No,Next Day Air,No,No,32,PhonePe,Quarterly
1727,57,Male,Coat,Outerwear,2380,Indiana,S,Olive,Summer,2.8,No,Express,No,No,45,Debit Card,Weekly
1728,49,Male,Blouse,Clothing,4505,Kerala,S,Violet,Spring,4,No,Express,No,No,19,Google Pay,Monthly
1729,23,Male,Jeans,Clothing,4080,Kerala,L,Black,Fall,4.3,No,Express,No,No,1,Debit Card,Every 3 Months
1730,47,Male,Shorts,Clothing,1785,Bihar,M,Brown,Winter,3.8,No,Store Pickup,No,No,12,PhonePe,Fortnightly
1731,23,Male,Shirt,Clothing,1870,Alabama,S,Silver,Fall,4.2,No,Free Shipping,No,No,26,Credit Card,Weekly
1732,21,Male,Backpack,Accessories,7395,Idaho,M,Gray,Fall,3.1,No,Next Day Air,No,No,12,Cash,Monthly
1733,45,Male,Belt,Accessories,4250,Karnataka,S,Charcoal,Winter,2.6,No,Free Shipping,No,No,36,Cash,Every 3 Months
1734,67,Male,Blouse,Clothing,7225,New York,L,Black,Summer,3.4,No,Express,No,No,22,Credit Card,Annually
1735,31,Male,Jeans,Clothing,8330,Haryana,L,Brown,Spring,3.1,No,Next Day Air,No,No,16,Google Pay,Quarterly
1736,58,Male,Dress,Clothing,2890,Telangana,M,Purple,Winter,3.6,No,Express,No,No,31,PhonePe,Annually
1737,57,Male,Shorts,Clothing,5185,Tennessee,M,Purple,Summer,2.6,No,2-Day Shipping,No,No,43,Cash,Quarterly
1738,42,Male,Jewelry,Accessories,8330,Ohio,L,Gray,Summer,4.2,No,Store Pickup,No,No,50,PhonePe,Bi-Weekly
1739,60,Male,Handbag,Accessories,5185,Tennessee,M,Green,Spring,2.9,No,2-Day Shipping,No,No,37,Credit Card,Weekly
1740,21,Male,Jewelry,Accessories,8330,Minnesota,L,Silver,Winter,4.2,No,Express,No,No,23,Cash,Weekly
1741,69,Male,Pants,Clothing,1785,Wisconsin,L,Charcoal,Fall,3.3,No,Next Day Air,No,No,10,Net Banking,Every 3 Months
1742,41,Male,Pants,Clothing,4335,Gujarat,XL,Teal,Winter,3.6,No,Next Day Air,No,No,20,Net Banking,Monthly
1743,51,Male,Sandals,Footwear,6800,Kansas,XL,White,Spring,4.3,No,Express,No,No,18,PhonePe,Every 3 Months
1744,23,Male,Skirt,Clothing,6120,Haryana,XL,Brown,Winter,3.3,No,Standard,No,No,3,Net Banking,Weekly
1745,57,Male,Sunglasses,Accessories,5355,Michigan,L,Teal,Winter,3,No,Standard,No,No,23,Google Pay,Weekly
1746,40,Male,Skirt,Clothing,2295,Kerala,L,Red,Winter,3.6,No,Store Pickup,No,No,27,Cash,Weekly
1747,65,Male,Handbag,Accessories,3740,Alabama,L,Brown,Summer,3.1,No,Store Pickup,No,No,44,Net Banking,Fortnightly
1748,61,Male,Coat,Outerwear,1955,New Hampshire,M,Yellow,Winter,2.9,No,Express,No,No,41,PhonePe,Quarterly
1749,34,Male,Skirt,Clothing,7905,Maharastra,L,Teal,Winter,3.9,No,2-Day Shipping,No,No,41,Net Banking,Annually
1750,43,Male,Hoodie,Clothing,5950,Kerala,L,Pink,Fall,3.2,No,2-Day Shipping,No,No,36,Debit Card,Every 3 Months
1751,31,Male,Sunglasses,Accessories,7225,Haryana,M,White,Fall,3.1,No,Express,No,No,38,PhonePe,Every 3 Months
1752,57,Male,Sweater,Clothing,3400,Ohio,M,Silver,Winter,3.2,No,2-Day Shipping,No,No,34,Cash,Annually
1753,34,Male,Boots,Footwear,2465,South Dakota,L,Blue,Winter,3.3,No,Store Pickup,No,No,14,PhonePe,Quarterly
1754,25,Male,Skirt,Clothing,2295,Colorado,L,Black,Fall,4.8,No,Next Day Air,No,No,23,Credit Card,Fortnightly
1755,66,Male,Dress,Clothing,7905,Telangana,S,Beige,Fall,3.8,No,2-Day Shipping,No,No,18,Credit Card,Fortnightly
1756,56,Male,Belt,Accessories,1700,Gujarat,XL,Charcoal,Spring,4.6,No,Next Day Air,No,No,45,Cash,Monthly
1757,49,Male,Jewelry,Accessories,4675,New Hampshire,S,Cyan,Fall,2.8,No,Free Shipping,No,No,14,Net Banking,Weekly
1758,19,Male,Dress,Clothing,7990,Michigan,L,Yellow,Fall,3.6,No,Standard,No,No,48,Debit Card,Annually
1759,27,Male,Hat,Accessories,4760,Pennsylvania,M,Silver,Winter,4.3,No,Free Shipping,No,No,17,PhonePe,Bi-Weekly
1760,68,Male,Sweater,Clothing,4930,Punjab,L,Green,Spring,4,No,Next Day Air,No,No,1,Google Pay,Weekly
1761,20,Male,Skirt,Clothing,3740,Minnesota,XL,Peach,Spring,3.5,No,Standard,No,No,39,Google Pay,Weekly
1762,21,Male,Hoodie,Clothing,8075,Hawaii,S,Green,Fall,4.9,No,2-Day Shipping,No,No,24,Cash,Weekly
1763,36,Male,Sandals,Footwear,3570,Idaho,M,Brown,Summer,3.1,No,Express,No,No,41,Net Banking,Fortnightly
1764,37,Male,Jewelry,Accessories,7905,Vermont,M,Lavender,Winter,3.9,No,Store Pickup,No,No,28,Google Pay,Annually
1765,61,Male,Dress,Clothing,4760,Gujarat,M,Charcoal,Summer,3,No,Store Pickup,No,No,34,PhonePe,Quarterly
1766,68,Male,Hoodie,Clothing,7480,New Mexico,M,Orange,Spring,4.1,No,2-Day Shipping,No,No,41,PhonePe,Quarterly
1767,60,Male,Sweater,Clothing,4590,Alaska,S,Cyan,Winter,4.3,No,2-Day Shipping,No,No,27,Cash,Bi-Weekly
1768,69,Male,Jewelry,Accessories,7565,Minnesota,L,Lavender,Fall,3.8,No,2-Day Shipping,No,No,46,Debit Card,Fortnightly
1769,25,Male,Sandals,Footwear,3825,Nebraska,M,Indigo,Summer,3.9,No,2-Day Shipping,No,No,2,Google Pay,Every 3 Months
1770,32,Male,Socks,Clothing,6375,Alaska,L,Brown,Winter,4.3,No,Free Shipping,No,No,45,Cash,Monthly
1771,53,Male,Backpack,Accessories,1870,Michigan,M,Pink,Fall,4.3,No,Express,No,No,34,Net Banking,Weekly
1772,46,Male,Shirt,Clothing,6970,Indiana,XL,Turquoise,Fall,4.7,No,Store Pickup,No,No,9,Credit Card,Annually
1773,58,Male,Shoes,Footwear,2890,Hawaii,M,Gold,Summer,3.1,No,2-Day Shipping,No,No,1,Net Banking,Annually
1774,21,Male,Coat,Outerwear,7820,Kerala,M,Blue,Summer,2.7,No,Free Shipping,No,No,17,Google Pay,Annually
1775,46,Male,Sweater,Clothing,6630,New York,M,Lavender,Spring,3.7,No,Express,No,No,6,Google Pay,Weekly
1776,18,Male,Jacket,Outerwear,3995,Assam,M,Violet,Spring,3.3,No,2-Day Shipping,No,No,12,Cash,Bi-Weekly
1777,56,Male,Jacket,Outerwear,5440,Arizona,L,Cyan,Summer,3.4,No,Free Shipping,No,No,10,PhonePe,Every 3 Months
1778,18,Male,Sneakers,Footwear,3740,Minnesota,L,Purple,Winter,4.7,No,Free Shipping,No,No,4,Cash,Fortnightly
1779,49,Male,Belt,Accessories,7990,Telangana,M,Red,Winter,4.9,No,Store Pickup,No,No,8,Debit Card,Bi-Weekly
1780,29,Male,Scarf,Accessories,5270,Kerala,M,Charcoal,Winter,4.3,No,Free Shipping,No,No,41,PhonePe,Weekly
1781,67,Male,Jewelry,Accessories,6885,North Dakota,S,Gray,Summer,4.2,No,Next Day Air,No,No,49,Credit Card,Weekly
1782,31,Male,T-shirt,Clothing,2805,Assam,M,Pink,Fall,3.7,No,Express,No,No,49,Net Banking,Quarterly
1783,52,Male,Pants,Clothing,7480,Utah,M,Lavender,Fall,2.7,No,Next Day Air,No,No,40,Net Banking,Fortnightly
1784,42,Male,Handbag,Accessories,4165,Ohio,L,Lavender,Winter,3.3,No,Free Shipping,No,No,30,Credit Card,Monthly
1785,32,Male,Backpack,Accessories,2635,Punjab,L,Yellow,Summer,4.8,No,Standard,No,No,4,Debit Card,Quarterly
1786,47,Male,Gloves,Accessories,2465,Assam,S,Peach,Fall,4.1,No,Next Day Air,No,No,22,PhonePe,Monthly
1787,45,Male,Jacket,Outerwear,2890,Maryland,M,Brown,Spring,4.6,No,2-Day Shipping,No,No,22,PhonePe,Monthly
1788,20,Male,Sweater,Clothing,3230,Maharastra,L,Gold,Fall,4.9,No,2-Day Shipping,No,No,10,Net Banking,Quarterly
1789,66,Male,Blouse,Clothing,3485,Bihar,L,Pink,Summer,3.1,No,Store Pickup,No,No,23,Cash,Bi-Weekly
1790,52,Male,Blouse,Clothing,2890,Arizona,L,Peach,Spring,3,No,2-Day Shipping,No,No,43,Debit Card,Quarterly
1791,50,Male,Gloves,Accessories,2210,North Carolina,S,Violet,Summer,3.7,No,Store Pickup,No,No,31,Google Pay,Bi-Weekly
1792,62,Male,Jeans,Clothing,8330,Maharastra,S,Purple,Winter,4,No,Store Pickup,No,No,38,Cash,Annually
1793,38,Male,Sneakers,Footwear,5015,Assam,M,Peach,Fall,3,No,Express,No,No,22,Debit Card,Every 3 Months
1794,65,Male,Hat,Accessories,7820,Assam,S,White,Fall,3.8,No,Store Pickup,No,No,45,Cash,Every 3 Months
1795,60,Male,Backpack,Accessories,3400,Ohio,L,Indigo,Spring,3.7,No,Express,No,No,21,Debit Card,Fortnightly
1796,68,Male,Jeans,Clothing,1700,Wisconsin,S,Violet,Fall,4,No,2-Day Shipping,No,No,9,Debit Card,Fortnightly
1797,62,Male,Skirt,Clothing,2975,South Carolina,S,Brown,Spring,3.1,No,Store Pickup,No,No,34,PhonePe,Weekly
1798,62,Male,Belt,Accessories,2975,Tamil Nadu,L,Maroon,Spring,3.9,No,2-Day Shipping,No,No,26,PhonePe,Weekly
1799,40,Male,Dress,Clothing,6970,North Dakota,L,Magenta,Winter,3.7,No,Express,No,No,1,Cash,Weekly
1800,32,Male,Hoodie,Clothing,4080,Andhra Pradesh,M,Charcoal,Fall,3.9,No,Express,No,No,47,PhonePe,Weekly
1801,22,Male,Coat,Outerwear,4930,Mississippi,XL,Indigo,Winter,2.7,No,Express,No,No,30,Credit Card,Weekly
1802,33,Male,Sweater,Clothing,4845,New Jersey,M,Turquoise,Spring,3.9,No,Express,No,No,48,Debit Card,Fortnightly
1803,57,Male,Shorts,Clothing,8160,Karnataka,L,Turquoise,Winter,2.6,No,Store Pickup,No,No,31,PhonePe,Bi-Weekly
1804,60,Male,Sneakers,Footwear,8245,New Hampshire,S,Gray,Summer,3.5,No,Free Shipping,No,No,33,PhonePe,Fortnightly
1805,30,Male,Sweater,Clothing,3570,Punjab,L,Peach,Winter,4.4,No,Next Day Air,No,No,39,Credit Card,Weekly
1806,41,Male,T-shirt,Clothing,5270,Arizona,L,Gold,Spring,4.9,No,Store Pickup,No,No,46,Debit Card,Weekly
1807,58,Male,Handbag,Accessories,5695,Karnataka,M,Green,Fall,3.9,No,Standard,No,No,24,PhonePe,Annually
1808,34,Male,Sneakers,Footwear,3910,Vermont,L,Gold,Summer,3.5,No,Standard,No,No,37,PhonePe,Fortnightly
1809,67,Male,Jacket,Outerwear,6035,Tennessee,M,Lavender,Spring,4.3,No,Next Day Air,No,No,7,Debit Card,Monthly
1810,58,Male,Backpack,Accessories,8415,Alaska,S,Blue,Fall,3.4,No,Free Shipping,No,No,6,Debit Card,Fortnightly
1811,41,Male,Jeans,Clothing,2380,Maryland,M,Magenta,Fall,2.7,No,Standard,No,No,16,Cash,Bi-Weekly
1812,42,Male,Belt,Accessories,6545,Wisconsin,L,Blue,Summer,3.6,No,Standard,No,No,33,Net Banking,Annually
1813,50,Male,Boots,Footwear,5355,West Bengal,S,Blue,Summer,4.9,No,Express,No,No,18,Google Pay,Bi-Weekly
1814,40,Male,Shorts,Clothing,5270,Bihar,M,Olive,Spring,3.5,No,Free Shipping,No,No,24,Google Pay,Weekly
1815,32,Male,Jeans,Clothing,7820,Maharastra,M,White,Summer,3.8,No,Free Shipping,No,No,24,Cash,Quarterly
1816,51,Male,Shoes,Footwear,6120,New Mexico,L,White,Winter,4.5,No,2-Day Shipping,No,No,48,Credit Card,Every 3 Months
1817,26,Male,Hat,Accessories,6715,Kerala,M,Purple,Summer,4,No,Express,No,No,4,Cash,Weekly
1818,32,Male,T-shirt,Clothing,2295,Gujarat,M,White,Summer,4.7,No,Free Shipping,No,No,20,Cash,Weekly
1819,58,Male,Sunglasses,Accessories,3315,North Carolina,M,White,Fall,3.8,No,Express,No,No,47,Debit Card,Every 3 Months
1820,51,Male,Socks,Clothing,7310,West Bengal,S,Peach,Spring,4.5,No,Next Day Air,No,No,50,Cash,Quarterly
1821,19,Male,Shirt,Clothing,7990,Washington,XL,Gold,Fall,5,No,Express,No,No,31,Google Pay,Monthly
1822,57,Male,Shorts,Clothing,4505,Andhra Pradesh,M,Teal,Spring,2.8,No,Express,No,No,29,Google Pay,Quarterly
1823,66,Male,Shirt,Clothing,7225,Connecticut,S,Cyan,Summer,4.4,No,Standard,No,No,4,Cash,Annually
1824,62,Male,Socks,Clothing,4250,Punjab,L,Pink,Fall,4.7,No,Free Shipping,No,No,40,Net Banking,Bi-Weekly
1825,58,Male,Pants,Clothing,3995,Bihar,XL,Magenta,Winter,3.8,No,Express,No,No,31,Cash,Monthly
1826,23,Male,Boots,Footwear,6375,South Dakota,M,Pink,Winter,4.9,No,Next Day Air,No,No,41,Credit Card,Weekly
1827,45,Male,T-shirt,Clothing,5100,Indiana,M,Turquoise,Winter,4.2,No,Express,No,No,44,Debit Card,Annually
1828,20,Male,T-shirt,Clothing,3060,Vermont,S,Pink,Spring,4.9,No,2-Day Shipping,No,No,31,Net Banking,Weekly
1829,33,Male,Coat,Outerwear,6800,New Hampshire,L,Gray,Spring,3.9,No,Express,No,No,45,Cash,Every 3 Months
1830,30,Male,Hat,Accessories,8160,Tamil Nadu,M,White,Spring,4.9,No,2-Day Shipping,No,No,50,Credit Card,Quarterly
1831,50,Male,Sunglasses,Accessories,6800,Kansas,M,Blue,Winter,4.8,No,Express,No,No,7,PhonePe,Annually
1832,62,Male,Blouse,Clothing,6035,Andhra Pradesh,M,Cyan,Summer,3.3,No,Free Shipping,No,No,5,Net Banking,Every 3 Months
1833,69,Male,Jewelry,Accessories,2465,Punjab,M,Blue,Fall,4.6,No,Free Shipping,No,No,48,Cash,Monthly
1834,34,Male,Jewelry,Accessories,4505,Punjab,M,Yellow,Spring,4.5,No,2-Day Shipping,No,No,19,Google Pay,Fortnightly
1835,49,Male,Skirt,Clothing,2975,Indiana,M,Charcoal,Summer,4.1,No,2-Day Shipping,No,No,39,PhonePe,Fortnightly
1836,65,Male,Scarf,Accessories,6375,Karnataka,M,Lavender,Fall,3.2,No,2-Day Shipping,No,No,45,Credit Card,Quarterly
1837,66,Male,Pants,Clothing,4420,South Carolina,M,Teal,Fall,4.2,No,2-Day Shipping,No,No,35,Credit Card,Monthly
1838,41,Male,Hat,Accessories,6545,Maharastra,M,Beige,Winter,4.8,No,Free Shipping,No,No,8,PhonePe,Monthly
1839,37,Male,Gloves,Accessories,2040,Vermont,L,Blue,Fall,4.1,No,Next Day Air,No,No,11,Credit Card,Quarterly
1840,32,Male,Shirt,Clothing,6630,Mississippi,XL,Purple,Winter,3.7,No,Store Pickup,No,No,32,Cash,Annually
1841,42,Male,Sandals,Footwear,8330,Kerala,M,Gold,Winter,2.6,No,Store Pickup,No,No,46,Net Banking,Every 3 Months
1842,31,Male,Socks,Clothing,4845,Vermont,L,Blue,Winter,3,No,Standard,No,No,7,Google Pay,Every 3 Months
1843,61,Male,Handbag,Accessories,6630,Alabama,M,Black,Summer,4.4,No,Express,No,No,1,Debit Card,Annually
1844,36,Male,Jacket,Outerwear,6460,Karnataka,M,Charcoal,Fall,4.7,No,Next Day Air,No,No,32,Credit Card,Monthly
1845,60,Male,Shorts,Clothing,2210,South Dakota,M,Purple,Spring,2.7,No,2-Day Shipping,No,No,31,Credit Card,Annually
1846,51,Male,Sandals,Footwear,6630,Gujarat,M,Orange,Winter,2.8,No,2-Day Shipping,No,No,39,Net Banking,Quarterly
1847,68,Male,Scarf,Accessories,4505,Wisconsin,M,Yellow,Summer,2.9,No,Standard,No,No,9,PhonePe,Quarterly
1848,46,Male,Sandals,Footwear,8500,Arizona,XL,Cyan,Summer,4.4,No,Free Shipping,No,No,49,Credit Card,Weekly
1849,19,Male,Jeans,Clothing,6205,Andhra Pradesh,XL,Yellow,Winter,2.7,No,Express,No,No,34,Cash,Every 3 Months
1850,30,Male,Skirt,Clothing,3400,New Mexico,M,Maroon,Winter,4.5,No,Store Pickup,No,No,35,Net Banking,Monthly
1851,51,Male,Gloves,Accessories,6460,Kerala,S,Black,Winter,2.8,No,Store Pickup,No,No,50,Debit Card,Weekly
1852,28,Male,Skirt,Clothing,6800,Gujarat,S,Lavender,Fall,3.1,No,Free Shipping,No,No,4,Net Banking,Fortnightly
1853,41,Male,Sweater,Clothing,6800,Pennsylvania,XL,Violet,Winter,3.8,No,Store Pickup,No,No,32,Cash,Weekly
1854,29,Male,Blouse,Clothing,5695,North Dakota,XL,Olive,Spring,2.9,No,Express,No,No,11,Google Pay,Fortnightly
1855,25,Male,Sweater,Clothing,5185,Karnataka,M,Teal,Spring,3.8,No,Express,No,No,49,Credit Card,Annually
1856,60,Male,Shirt,Clothing,6460,Karnataka,XL,Teal,Spring,4.7,No,Standard,No,No,9,Cash,Annually
1857,63,Male,Jewelry,Accessories,4675,Arizona,XL,Beige,Summer,3.2,No,Free Shipping,No,No,30,Google Pay,Bi-Weekly
1858,51,Male,T-shirt,Clothing,7225,Colorado,L,Maroon,Summer,4,No,Next Day Air,No,No,33,Cash,Monthly
1859,22,Male,Scarf,Accessories,5865,Andhra Pradesh,S,Peach,Spring,4.9,No,2-Day Shipping,No,No,8,Debit Card,Annually
1860,54,Male,Belt,Accessories,2210,New Jersey,L,Beige,Summer,3.7,No,Store Pickup,No,No,29,Debit Card,Fortnightly
1861,18,Male,T-shirt,Clothing,5440,Kansas,M,Silver,Summer,4.8,No,Next Day Air,No,No,4,Credit Card,Monthly
1862,29,Male,Sneakers,Footwear,5100,South Dakota,S,Peach,Fall,3.6,No,Standard,No,No,19,Debit Card,Monthly
1863,59,Male,Gloves,Accessories,3060,New Hampshire,M,Turquoise,Winter,4.6,No,Express,No,No,10,Google Pay,Fortnightly
1864,25,Male,Sandals,Footwear,1785,Connecticut,L,Orange,Spring,4.3,No,2-Day Shipping,No,No,39,Debit Card,Monthly
1865,19,Male,Backpack,Accessories,6120,Kerala,S,Cyan,Fall,3.2,No,2-Day Shipping,No,No,21,PhonePe,Quarterly
1866,56,Male,Pants,Clothing,5270,Haryana,S,Silver,Summer,3.8,No,Store Pickup,No,No,12,Net Banking,Monthly
1867,31,Male,T-shirt,Clothing,3740,Alaska,XL,Gold,Winter,4.2,No,Standard,No,No,9,Credit Card,Fortnightly
1868,45,Male,Skirt,Clothing,4420,Gujarat,M,Brown,Fall,3.4,No,2-Day Shipping,No,No,20,PhonePe,Quarterly
1869,23,Male,Gloves,Accessories,4930,Indiana,M,Silver,Spring,4.7,No,Next Day Air,No,No,44,Cash,Fortnightly
1870,18,Male,Blouse,Clothing,6545,Kerala,S,Beige,Spring,3.9,No,2-Day Shipping,No,No,16,Debit Card,Every 3 Months
1871,43,Male,Blouse,Clothing,8415,Kerala,L,Violet,Spring,4.3,No,Store Pickup,No,No,27,Debit Card,Fortnightly
1872,56,Male,Jeans,Clothing,8160,Bihar,XL,Violet,Fall,2.7,No,Standard,No,No,14,Cash,Every 3 Months
1873,43,Male,T-shirt,Clothing,5440,Alaska,M,Lavender,Summer,4.6,No,Standard,No,No,24,Credit Card,Monthly
1874,64,Male,Sweater,Clothing,3740,Wisconsin,XL,Red,Fall,2.9,No,Express,No,No,49,Net Banking,Weekly
1875,67,Male,Pants,Clothing,2805,Indiana,L,Purple,Fall,3.6,No,Free Shipping,No,No,14,Cash,Weekly
1876,63,Male,Boots,Footwear,6035,Tennessee,M,Brown,Winter,3.9,No,Next Day Air,No,No,6,Credit Card,Quarterly
1877,54,Male,Skirt,Clothing,3060,Bihar,M,Gray,Fall,2.6,No,Standard,No,No,20,PhonePe,Quarterly
1878,69,Male,Gloves,Accessories,5270,Pennsylvania,L,Pink,Fall,3.6,No,Express,No,No,3,Credit Card,Annually
1879,34,Male,Socks,Clothing,2465,Odisha,L,Magenta,Summer,3.4,No,Store Pickup,No,No,5,Credit Card,Monthly
1880,56,Male,T-shirt,Clothing,2805,Tennessee,L,Charcoal,Spring,3.5,No,Express,No,No,46,Cash,Bi-Weekly
1881,34,Male,Blouse,Clothing,2805,New Jersey,L,Yellow,Fall,3.1,No,2-Day Shipping,No,No,8,Debit Card,Monthly
1882,58,Male,Blouse,Clothing,3485,New Jersey,M,Red,Winter,4.3,No,Standard,No,No,13,Cash,Bi-Weekly
1883,44,Male,Scarf,Accessories,4590,Tennessee,L,Blue,Winter,5,No,Store Pickup,No,No,25,Net Banking,Quarterly
1884,25,Male,Backpack,Accessories,4930,Georgia,M,Cyan,Spring,4.9,No,Store Pickup,No,No,39,Debit Card,Fortnightly
1885,27,Male,Shorts,Clothing,2550,Arizona,S,Pink,Summer,4.3,No,Next Day Air,No,No,15,Net Banking,Bi-Weekly
1886,26,Male,Jewelry,Accessories,4505,West Bengal,S,Maroon,Winter,4.4,No,Standard,No,No,35,Cash,Monthly
1887,18,Male,Gloves,Accessories,7735,Rajasthan,L,Beige,Spring,4.4,No,Next Day Air,No,No,46,Cash,Bi-Weekly
1888,64,Male,Hoodie,Clothing,3740,North Dakota,XL,Gold,Fall,3.5,No,Express,No,No,3,Google Pay,Monthly
1889,62,Male,Hoodie,Clothing,7565,South Dakota,XL,Turquoise,Winter,3.4,No,Free Shipping,No,No,48,Credit Card,Weekly
1890,59,Male,Skirt,Clothing,4845,North Carolina,L,Peach,Spring,2.5,No,Next Day Air,No,No,27,Net Banking,Weekly
1891,36,Male,Sunglasses,Accessories,4845,Hawaii,M,Lavender,Spring,3.4,No,Store Pickup,No,No,5,Credit Card,Weekly
1892,69,Male,Jewelry,Accessories,6290,New Hampshire,M,Gray,Summer,2.6,No,Next Day Air,No,No,48,Debit Card,Quarterly
1893,39,Male,Jacket,Outerwear,2550,Andhra Pradesh,M,Blue,Fall,4.6,No,2-Day Shipping,No,No,12,PhonePe,Weekly
1894,28,Male,Dress,Clothing,1700,Gujarat,L,Red,Summer,3.7,No,Express,No,No,10,Google Pay,Fortnightly
1895,42,Male,Hoodie,Clothing,7650,Arizona,M,Purple,Fall,2.5,No,Free Shipping,No,No,48,Debit Card,Bi-Weekly
1896,31,Male,Jeans,Clothing,5185,Washington,L,Indigo,Fall,4.5,No,Express,No,No,3,Debit Card,Monthly
1897,57,Male,Sandals,Footwear,4335,West Bengal,M,Gold,Fall,2.9,No,Standard,No,No,19,PhonePe,Monthly
1898,53,Male,Sunglasses,Accessories,8245,Alaska,L,Teal,Winter,2.9,No,Free Shipping,No,No,11,Debit Card,Fortnightly
1899,59,Male,Pants,Clothing,8245,Telangana,L,Magenta,Fall,3.5,No,Next Day Air,No,No,25,PhonePe,Monthly
1900,32,Male,Shorts,Clothing,3400,New York,L,Maroon,Winter,4.2,No,Store Pickup,No,No,42,Google Pay,Weekly
1901,65,Male,Jewelry,Accessories,7225,Assam,S,Blue,Summer,3.3,No,Free Shipping,No,No,34,Cash,Quarterly
1902,56,Male,Socks,Clothing,6460,Arizona,S,Beige,Winter,3.9,No,Store Pickup,No,No,50,Cash,Quarterly
1903,31,Male,Sandals,Footwear,1870,New Mexico,S,Olive,Spring,5,No,Store Pickup,No,No,21,PhonePe,Monthly
1904,59,Male,Pants,Clothing,5355,North Carolina,M,Gold,Summer,3.3,No,Standard,No,No,37,Net Banking,Weekly
1905,22,Male,T-shirt,Clothing,6035,West Bengal,S,Silver,Spring,4.2,No,Free Shipping,No,No,46,Cash,Monthly
1906,47,Male,Boots,Footwear,2975,Idaho,M,Teal,Summer,4.9,No,2-Day Shipping,No,No,14,Net Banking,Fortnightly
1907,23,Male,Backpack,Accessories,2550,Vermont,M,Green,Spring,4.6,No,2-Day Shipping,No,No,24,Google Pay,Fortnightly
1908,69,Male,Skirt,Clothing,6290,New Mexico,L,Orange,Fall,4.8,No,Store Pickup,No,No,36,Credit Card,Every 3 Months
1909,18,Male,Scarf,Accessories,6035,Georgia,XL,Charcoal,Winter,2.7,No,Next Day Air,No,No,19,Debit Card,Bi-Weekly
1910,50,Male,Sweater,Clothing,7140,Karnataka,S,Black,Spring,4.3,No,Store Pickup,No,No,12,Credit Card,Monthly
1911,29,Male,Sandals,Footwear,3230,New York,S,Yellow,Fall,3.8,No,Express,No,No,13,Debit Card,Quarterly
1912,65,Male,Jewelry,Accessories,6885,Arizona,M,Gray,Spring,4.9,No,Express,No,No,32,Debit Card,Bi-Weekly
1913,29,Male,Sweater,Clothing,4760,Colorado,S,Charcoal,Winter,3.4,No,2-Day Shipping,No,No,5,Credit Card,Bi-Weekly
1914,49,Male,Skirt,Clothing,4080,Karnataka,M,Peach,Winter,3.6,No,Express,No,No,29,Cash,Annually
1915,28,Male,Shorts,Clothing,8245,Alaska,L,Green,Fall,3.4,No,Standard,No,No,40,Credit Card,Fortnightly
1916,51,Male,Backpack,Accessories,6290,Alabama,M,Magenta,Fall,4.7,No,2-Day Shipping,No,No,44,Cash,Weekly
1917,26,Male,Hoodie,Clothing,4250,Connecticut,S,Beige,Winter,3,No,Next Day Air,No,No,3,Debit Card,Bi-Weekly
1918,38,Male,Skirt,Clothing,6035,Hawaii,L,Black,Winter,3.4,No,Free Shipping,No,No,35,Google Pay,Bi-Weekly
1919,35,Male,Skirt,Clothing,2805,Idaho,S,Purple,Summer,4.6,No,Standard,No,No,33,Debit Card,Monthly
1920,34,Male,Backpack,Accessories,4760,Kerala,M,Olive,Summer,3.1,No,Express,No,No,20,Google Pay,Bi-Weekly
1921,51,Male,Blouse,Clothing,7140,Connecticut,M,Purple,Spring,2.8,No,Standard,No,No,40,Cash,Every 3 Months
1922,47,Male,Shirt,Clothing,3060,Michigan,M,Green,Fall,3.5,No,Store Pickup,No,No,13,PhonePe,Annually
1923,18,Male,Gloves,Accessories,5355,Karnataka,S,Peach,Summer,4.6,No,Standard,No,No,9,Google Pay,Monthly
1924,64,Male,Sandals,Footwear,3060,Nebraska,XL,Blue,Summer,4.3,No,Standard,No,No,7,Cash,Annually
1925,30,Male,Jacket,Outerwear,5355,Michigan,M,Gray,Fall,4.8,No,Free Shipping,No,No,42,Google Pay,Quarterly
1926,59,Male,Sneakers,Footwear,2720,Utah,L,Black,Winter,2.9,No,Express,No,No,44,Credit Card,Fortnightly
1927,66,Male,Backpack,Accessories,7905,New Mexico,M,Silver,Spring,3,No,Express,No,No,6,Google Pay,Annually
1928,40,Male,Pants,Clothing,2465,Tamil Nadu,M,Pink,Summer,2.9,No,Standard,No,No,8,Cash,Every 3 Months
1929,25,Male,Sunglasses,Accessories,7820,Mississippi,S,Lavender,Summer,3.7,No,Standard,No,No,10,Google Pay,Weekly
1930,59,Male,Jeans,Clothing,2805,Hawaii,L,Brown,Fall,4.7,No,Standard,No,No,46,PhonePe,Quarterly
1931,66,Male,Pants,Clothing,4420,North Carolina,L,Turquoise,Spring,3.5,No,Store Pickup,No,No,26,Cash,Weekly
1932,54,Male,Jewelry,Accessories,3570,Bihar,S,Olive,Spring,2.7,No,Store Pickup,No,No,6,Debit Card,Every 3 Months
1933,42,Male,Hoodie,Clothing,3060,Maryland,M,White,Spring,5,No,Free Shipping,No,No,47,Credit Card,Every 3 Months
1934,48,Male,Sandals,Footwear,5695,Maharastra,L,Violet,Summer,4.1,No,Next Day Air,No,No,28,PhonePe,Annually
1935,34,Male,Jacket,Outerwear,3655,Michigan,L,Gold,Winter,2.7,No,Free Shipping,No,No,23,Net Banking,Annually
1936,19,Male,Blouse,Clothing,5780,North Carolina,XL,Violet,Spring,4.8,No,Free Shipping,No,No,45,Cash,Fortnightly
1937,70,Male,Jewelry,Accessories,5100,Minnesota,S,Teal,Summer,4.3,No,2-Day Shipping,No,No,44,Google Pay,Every 3 Months
1938,43,Male,Socks,Clothing,4505,Gujarat,M,Olive,Summer,4.5,No,2-Day Shipping,No,No,11,Net Banking,Monthly
1939,46,Male,Jeans,Clothing,1955,Karnataka,L,Blue,Spring,3.8,No,Standard,No,No,39,Debit Card,Bi-Weekly
1940,66,Male,Gloves,Accessories,4845,Ohio,L,Magenta,Winter,3.7,No,Store Pickup,No,No,20,Google Pay,Every 3 Months
1941,50,Male,Hat,Accessories,7565,Alaska,L,Gray,Fall,3.9,No,2-Day Shipping,No,No,48,Google Pay,Fortnightly
1942,55,Male,Shoes,Footwear,8415,Vermont,XL,Peach,Winter,3.3,No,Standard,No,No,46,Credit Card,Quarterly
1943,63,Male,Pants,Clothing,2380,Alabama,M,Cyan,Fall,3.4,No,Express,No,No,22,Google Pay,Monthly
1944,32,Male,Socks,Clothing,4505,Wisconsin,L,Violet,Summer,3.8,No,Next Day Air,No,No,45,Cash,Annually
1945,30,Male,Hoodie,Clothing,3825,Rajasthan,M,Gold,Winter,2.7,No,Free Shipping,No,No,49,Cash,Every 3 Months
1946,35,Male,Hoodie,Clothing,3230,Georgia,M,Gold,Winter,2.9,No,2-Day Shipping,No,No,9,Credit Card,Every 3 Months
1947,59,Male,Pants,Clothing,4165,Punjab,M,White,Summer,4.5,No,Standard,No,No,41,Credit Card,Quarterly
1948,59,Male,Shirt,Clothing,2720,New York,M,Gray,Summer,2.6,No,Store Pickup,No,No,2,Google Pay,Monthly
1949,54,Male,T-shirt,Clothing,3145,Connecticut,L,Brown,Winter,3.1,No,Next Day Air,No,No,39,Google Pay,Bi-Weekly
1950,63,Male,Dress,Clothing,6800,Nebraska,L,Gray,Winter,4.7,No,Store Pickup,No,No,12,Google Pay,Quarterly
1951,43,Male,Backpack,Accessories,6630,Rajasthan,L,Blue,Summer,4.6,No,Free Shipping,No,No,26,Google Pay,Every 3 Months
1952,33,Male,Gloves,Accessories,4505,Connecticut,L,Gold,Summer,2.7,No,Next Day Air,No,No,32,Net Banking,Bi-Weekly
1953,57,Male,Shoes,Footwear,6970,Maryland,L,Yellow,Summer,4.6,No,2-Day Shipping,No,No,50,Cash,Bi-Weekly
1954,25,Male,Skirt,Clothing,2805,Colorado,XL,Green,Spring,4.8,No,Standard,No,No,3,Google Pay,Fortnightly
1955,26,Male,Gloves,Accessories,6545,Colorado,M,Pink,Winter,4.2,No,Free Shipping,No,No,3,PhonePe,Quarterly
1956,50,Male,Hoodie,Clothing,4760,Andhra Pradesh,M,Pink,Winter,4.9,No,Express,No,No,37,Cash,Monthly
1957,70,Male,Socks,Clothing,3145,Odisha,M,Pink,Winter,4.9,No,Express,No,No,20,Credit Card,Fortnightly
1958,68,Male,Gloves,Accessories,4590,South Carolina,M,Cyan,Spring,4.5,No,Store Pickup,No,No,26,Cash,Bi-Weekly
1959,39,Male,Shorts,Clothing,5695,West Bengal,M,Gray,Winter,2.7,No,Store Pickup,No,No,47,Cash,Quarterly
1960,46,Male,Shoes,Footwear,7650,Colorado,M,White,Fall,3.1,No,Store Pickup,No,No,7,Credit Card,Every 3 Months
1961,57,Male,Jeans,Clothing,6120,Telangana,L,Red,Summer,3.3,No,2-Day Shipping,No,No,40,Credit Card,Annually
1962,47,Male,Boots,Footwear,5015,West Bengal,L,Black,Summer,2.6,No,Free Shipping,No,No,45,Debit Card,Quarterly
1963,40,Male,Hat,Accessories,3825,Assam,M,Silver,Fall,4.4,No,Standard,No,No,20,Google Pay,Fortnightly
1964,52,Male,Shorts,Clothing,2550,Michigan,L,Pink,Spring,3.9,No,Standard,No,No,11,Credit Card,Weekly
1965,40,Male,Pants,Clothing,4335,Kerala,S,Cyan,Summer,4.6,No,Express,No,No,50,Debit Card,Monthly
1966,67,Male,Sweater,Clothing,7650,Indiana,M,White,Fall,4.9,No,Express,No,No,25,Debit Card,Quarterly
1967,67,Male,Jacket,Outerwear,8075,Indiana,XL,Purple,Winter,3.7,No,Express,No,No,5,Credit Card,Fortnightly
1968,37,Male,Dress,Clothing,6885,Georgia,L,Yellow,Fall,3.7,No,Standard,No,No,4,PhonePe,Annually
1969,67,Male,Shirt,Clothing,5950,Minnesota,S,Blue,Spring,4.2,No,Standard,No,No,25,Credit Card,Weekly
1970,64,Male,Dress,Clothing,2720,Punjab,S,Cyan,Winter,3.5,No,Next Day Air,No,No,11,Net Banking,Fortnightly
1971,28,Male,Belt,Accessories,7990,Maryland,M,Indigo,Spring,2.9,No,Next Day Air,No,No,4,Credit Card,Bi-Weekly
1972,54,Male,Hat,Accessories,2465,Pennsylvania,XL,Indigo,Spring,3.4,No,Next Day Air,No,No,1,PhonePe,Monthly
1973,54,Male,Backpack,Accessories,2635,Punjab,M,Silver,Summer,3.3,No,Express,No,No,48,Google Pay,Every 3 Months
1974,24,Male,Skirt,Clothing,1700,Maryland,XL,Red,Fall,4.5,No,Standard,No,No,9,PhonePe,Every 3 Months
1975,27,Male,Gloves,Accessories,3740,Tennessee,M,Peach,Winter,4.6,No,2-Day Shipping,No,No,2,Google Pay,Fortnightly
1976,53,Male,Jacket,Outerwear,6545,Bihar,L,Turquoise,Fall,2.9,No,Express,No,No,4,Cash,Quarterly
1977,32,Male,Handbag,Accessories,4335,Kerala,M,Pink,Spring,3.2,No,Next Day Air,No,No,43,Google Pay,Fortnightly
1978,24,Male,Sandals,Footwear,4165,Tamil Nadu,M,Teal,Summer,2.6,No,Free Shipping,No,No,32,Net Banking,Annually
1979,45,Male,Sunglasses,Accessories,6630,Telangana,L,Magenta,Spring,3.8,No,Store Pickup,No,No,1,Cash,Quarterly
1980,49,Male,Jeans,Clothing,8330,Tennessee,L,Blue,Spring,2.8,No,Store Pickup,No,No,38,Debit Card,Fortnightly
1981,51,Male,Sandals,Footwear,7990,Assam,M,Green,Winter,4.4,No,Store Pickup,No,No,25,Google Pay,Fortnightly
1982,69,Male,Shoes,Footwear,7735,Michigan,L,Violet,Summer,4.7,No,Express,No,No,42,Google Pay,Quarterly
1983,41,Male,Sunglasses,Accessories,6545,Kansas,M,Turquoise,Summer,2.7,No,2-Day Shipping,No,No,32,Google Pay,Monthly
1984,59,Male,Scarf,Accessories,8245,Georgia,M,Pink,Summer,2.6,No,Next Day Air,No,No,21,Debit Card,Quarterly
1985,26,Male,Skirt,Clothing,4930,Kerala,M,Black,Summer,3.4,No,2-Day Shipping,No,No,26,Google Pay,Fortnightly
1986,23,Male,Gloves,Accessories,8245,Tennessee,M,Gold,Spring,3.9,No,2-Day Shipping,No,No,6,Credit Card,Fortnightly
1987,62,Male,Coat,Outerwear,4080,Rajasthan,L,Green,Summer,3.4,No,2-Day Shipping,No,No,14,PhonePe,Quarterly
1988,69,Male,Belt,Accessories,1955,Vermont,XL,White,Summer,3.4,No,Express,No,No,4,Cash,Quarterly
1989,46,Male,Pants,Clothing,6715,Kerala,M,Gold,Winter,3.9,No,Free Shipping,No,No,26,Net Banking,Weekly
1990,35,Male,Jewelry,Accessories,3570,Maryland,S,Charcoal,Spring,4,No,Express,No,No,39,Google Pay,Bi-Weekly
1991,32,Male,Backpack,Accessories,8075,Connecticut,L,White,Spring,3.4,No,2-Day Shipping,No,No,15,Google Pay,Annually
1992,46,Male,Sneakers,Footwear,2465,Haryana,M,Brown,Summer,3.7,No,Next Day Air,No,No,1,PhonePe,Every 3 Months
1993,33,Male,Hoodie,Clothing,8330,New Jersey,L,Gold,Winter,4.9,No,2-Day Shipping,No,No,28,PhonePe,Monthly
1994,32,Male,Blouse,Clothing,8160,Rajasthan,S,Purple,Spring,5,No,Express,No,No,17,Cash,Weekly
1995,33,Male,Sunglasses,Accessories,5610,West Bengal,M,Brown,Fall,2.9,No,Next Day Air,No,No,24,Credit Card,Weekly
1996,67,Male,Boots,Footwear,6800,Haryana,S,Teal,Spring,3,No,Standard,No,No,29,Debit Card,Quarterly
1997,67,Male,Sneakers,Footwear,2295,South Dakota,L,Indigo,Summer,3.3,No,Next Day Air,No,No,18,Cash,Every 3 Months
1998,42,Male,Backpack,Accessories,2125,Connecticut,M,Purple,Fall,4.7,No,Express,No,No,10,Debit Card,Bi-Weekly
1999,20,Male,Pants,Clothing,3825,Vermont,M,Orange,Fall,3.4,No,2-Day Shipping,No,No,19,Cash,Quarterly
2000,39,Male,Socks,Clothing,7565,Tennessee,L,Indigo,Winter,4.6,No,2-Day Shipping,No,No,26,Debit Card,Monthly
2001,26,Male,Belt,Accessories,2295,Andhra Pradesh,M,Lavender,Winter,3.6,No,2-Day Shipping,No,No,25,Cash,Bi-Weekly
2002,51,Male,Sunglasses,Accessories,7650,Kerala,S,Purple,Winter,2.6,No,Free Shipping,No,No,2,Debit Card,Fortnightly
2003,31,Male,Shirt,Clothing,5525,New York,M,Red,Summer,2.7,No,Express,No,No,19,Google Pay,Every 3 Months
2004,68,Male,Sneakers,Footwear,6120,Andhra Pradesh,S,Blue,Spring,3.1,No,Express,No,No,32,Cash,Quarterly
2005,44,Male,Shoes,Footwear,5950,Georgia,L,Blue,Fall,3.2,No,2-Day Shipping,No,No,13,Cash,Bi-Weekly
2006,18,Male,Sandals,Footwear,6970,Tennessee,M,Cyan,Winter,3.4,No,Store Pickup,No,No,30,Google Pay,Fortnightly
2007,58,Male,Scarf,Accessories,8245,New Mexico,S,Pink,Fall,4.4,No,Express,No,No,2,Credit Card,Annually
2008,26,Male,Shirt,Clothing,2125,Kerala,M,Silver,Summer,3.2,No,2-Day Shipping,No,No,8,Google Pay,Quarterly
2009,57,Male,Skirt,Clothing,4080,Tamil Nadu,M,Gray,Spring,2.5,No,Free Shipping,No,No,27,Google Pay,Every 3 Months
2010,37,Male,Boots,Footwear,8415,Alabama,M,Indigo,Summer,3.8,No,Next Day Air,No,No,26,PhonePe,Bi-Weekly
2011,24,Male,Sweater,Clothing,1785,Telangana,M,Maroon,Summer,4.4,No,2-Day Shipping,No,No,3,Debit Card,Bi-Weekly
2012,57,Male,Sandals,Footwear,7990,Kerala,M,Beige,Spring,3.7,No,Express,No,No,4,Net Banking,Monthly
2013,48,Male,Jeans,Clothing,4505,West Bengal,L,Green,Fall,3.2,No,Store Pickup,No,No,5,Cash,Fortnightly
2014,39,Male,Backpack,Accessories,5950,Kerala,M,Peach,Winter,4.9,No,Standard,No,No,25,Debit Card,Quarterly
2015,51,Male,Skirt,Clothing,2210,Wisconsin,L,Black,Summer,3.9,No,Standard,No,No,47,Google Pay,Bi-Weekly
2016,57,Male,Belt,Accessories,6970,Kerala,S,Pink,Summer,4.5,No,Next Day Air,No,No,8,Credit Card,Fortnightly
2017,53,Male,Shoes,Footwear,3995,Andhra Pradesh,S,Violet,Winter,3.4,No,Standard,No,No,20,Debit Card,Fortnightly
2018,70,Male,Socks,Clothing,2720,Telangana,S,Green,Winter,4.1,No,Next Day Air,No,No,42,Net Banking,Every 3 Months
2019,60,Male,Backpack,Accessories,8245,Rajasthan,S,Gold,Fall,4.5,No,Store Pickup,No,No,20,Net Banking,Weekly
2020,31,Male,Shirt,Clothing,5780,Idaho,S,Red,Winter,4.7,No,Store Pickup,No,No,23,Cash,Fortnightly
2021,41,Male,Sweater,Clothing,1955,Pennsylvania,M,Beige,Winter,4.8,No,Next Day Air,No,No,26,Cash,Quarterly
2022,62,Male,Handbag,Accessories,2805,Andhra Pradesh,M,Green,Winter,4.4,No,Standard,No,No,48,PhonePe,Quarterly
2023,59,Male,Jewelry,Accessories,3230,Alabama,S,Black,Winter,4,No,Store Pickup,No,No,16,Cash,Bi-Weekly
2024,46,Male,Socks,Clothing,5780,Idaho,S,Teal,Winter,4.1,No,Store Pickup,No,No,28,Cash,Bi-Weekly
2025,62,Male,Socks,Clothing,1955,Rajasthan,L,Silver,Fall,3.7,No,Express,No,No,39,Google Pay,Weekly
2026,42,Male,Shirt,Clothing,2465,Gujarat,M,Turquoise,Summer,3,No,Express,No,No,43,Debit Card,Fortnightly
2027,37,Male,Scarf,Accessories,2975,Andhra Pradesh,M,Orange,Winter,3.6,No,Express,No,No,45,Net Banking,Every 3 Months
2028,50,Male,Shoes,Footwear,6205,Nebraska,S,Gold,Fall,4.8,No,Standard,No,No,50,Credit Card,Every 3 Months
2029,29,Male,Shoes,Footwear,7140,Ohio,XL,Purple,Fall,3.7,No,2-Day Shipping,No,No,10,PhonePe,Bi-Weekly
2030,25,Male,Scarf,Accessories,1955,Maharastra,M,Pink,Spring,4.6,No,Next Day Air,No,No,40,Google Pay,Quarterly
2031,66,Male,Sunglasses,Accessories,5695,New Mexico,S,Green,Summer,2.8,No,Standard,No,No,38,Credit Card,Monthly
2032,21,Male,Socks,Clothing,4335,North Carolina,L,Charcoal,Spring,4,No,Standard,No,No,2,Credit Card,Monthly
2033,46,Male,Blouse,Clothing,3060,South Carolina,M,Maroon,Winter,4.2,No,Next Day Air,No,No,13,Cash,Annually
2034,57,Male,Jeans,Clothing,4675,Bihar,L,Olive,Summer,3.6,No,Express,No,No,33,PhonePe,Annually
2035,61,Male,Shorts,Clothing,2550,Alabama,M,Peach,Spring,2.9,No,Store Pickup,No,No,27,Google Pay,Monthly
2036,53,Male,T-shirt,Clothing,5950,Odisha,S,Yellow,Summer,4.1,No,Express,No,No,43,Net Banking,Weekly
2037,37,Male,Blouse,Clothing,5355,Minnesota,S,Lavender,Winter,3.1,No,Next Day Air,No,No,46,Cash,Weekly
2038,39,Male,Belt,Accessories,7395,Bihar,S,Green,Summer,4.3,No,Express,No,No,7,PhonePe,Bi-Weekly
2039,53,Male,Blouse,Clothing,5950,Rajasthan,L,Orange,Spring,4.4,No,Next Day Air,No,No,35,Credit Card,Fortnightly
2040,35,Male,T-shirt,Clothing,4335,Minnesota,M,Olive,Spring,3.1,No,Next Day Air,No,No,31,Debit Card,Bi-Weekly
2041,69,Male,Jewelry,Accessories,2125,South Carolina,XL,Gray,Spring,2.9,No,Free Shipping,No,No,42,PhonePe,Quarterly
2042,66,Male,Jacket,Outerwear,2720,New York,S,Lavender,Winter,3.2,No,Next Day Air,No,No,14,Google Pay,Bi-Weekly
2043,19,Male,Shoes,Footwear,4420,Alabama,M,Red,Spring,4,No,2-Day Shipping,No,No,35,PhonePe,Monthly
2044,47,Male,Gloves,Accessories,2805,New York,M,Charcoal,Summer,2.7,No,Standard,No,No,49,Google Pay,Weekly
2045,49,Male,Jeans,Clothing,5780,Haryana,L,Orange,Spring,3,No,Free Shipping,No,No,17,Google Pay,Fortnightly
2046,31,Male,Jewelry,Accessories,1700,Georgia,M,Red,Fall,4.4,No,Express,No,No,26,Google Pay,Quarterly
2047,39,Male,Pants,Clothing,2720,Odisha,M,Maroon,Winter,2.8,No,Free Shipping,No,No,30,Cash,Every 3 Months
2048,58,Male,Jewelry,Accessories,6970,Connecticut,M,Silver,Summer,3.1,No,Store Pickup,No,No,32,Cash,Annually
2049,45,Male,Sneakers,Footwear,5440,Michigan,XL,Pink,Winter,3.9,No,Express,No,No,35,Net Banking,Quarterly
2050,68,Male,Boots,Footwear,2040,Karnataka,L,Blue,Fall,2.7,No,Standard,No,No,15,PhonePe,Annually
2051,35,Male,Hat,Accessories,8160,Mississippi,M,Teal,Summer,3.4,No,Store Pickup,No,No,10,Debit Card,Annually
2052,65,Male,T-shirt,Clothing,7990,Telangana,L,Black,Spring,3.8,No,Free Shipping,No,No,14,Credit Card,Monthly
2053,45,Male,Backpack,Accessories,4080,New Hampshire,M,Gray,Winter,3.7,No,2-Day Shipping,No,No,30,Net Banking,Annually
2054,19,Male,Sunglasses,Accessories,5100,Kerala,S,Purple,Spring,4.5,No,2-Day Shipping,No,No,16,Credit Card,Fortnightly
2055,65,Male,Sweater,Clothing,4760,New Jersey,XL,Gold,Spring,2.9,No,Express,No,No,14,Google Pay,Annually
2056,28,Male,Handbag,Accessories,2805,Telangana,M,Silver,Fall,3.4,No,2-Day Shipping,No,No,28,Net Banking,Weekly
2057,55,Male,Backpack,Accessories,3910,Minnesota,L,Blue,Spring,4.4,No,2-Day Shipping,No,No,29,Google Pay,Monthly
2058,66,Male,Socks,Clothing,3145,South Dakota,L,Yellow,Spring,4.2,No,Standard,No,No,5,Google Pay,Every 3 Months
2059,29,Male,Shirt,Clothing,8330,Washington,M,Brown,Winter,3.3,No,Store Pickup,No,No,17,Net Banking,Quarterly
2060,56,Male,Shorts,Clothing,4250,Andhra Pradesh,XL,Beige,Spring,3.7,No,Express,No,No,50,Google Pay,Weekly
2061,21,Male,Belt,Accessories,5355,Wisconsin,M,Blue,Fall,3.2,No,Next Day Air,No,No,23,Net Banking,Quarterly
2062,32,Male,Sweater,Clothing,5950,Michigan,S,Magenta,Summer,2.6,No,Store Pickup,No,No,22,Debit Card,Annually
2063,54,Male,Coat,Outerwear,5355,South Carolina,L,Silver,Fall,2.8,No,Standard,No,No,15,Cash,Quarterly
2064,61,Male,Shorts,Clothing,7310,Indiana,M,Cyan,Fall,2.9,No,Standard,No,No,32,Cash,Monthly
2065,31,Male,Shoes,Footwear,8415,Rajasthan,M,Green,Summer,4,No,2-Day Shipping,No,No,5,Net Banking,Monthly
2066,27,Male,Sneakers,Footwear,3400,Tamil Nadu,M,Blue,Spring,2.9,No,Free Shipping,No,No,6,Net Banking,Bi-Weekly
2067,64,Male,Sneakers,Footwear,7820,Bihar,M,Olive,Fall,4.7,No,Store Pickup,No,No,44,Debit Card,Fortnightly
2068,60,Male,Pants,Clothing,1785,Maryland,XL,Beige,Fall,3.1,No,2-Day Shipping,No,No,23,Cash,Fortnightly
2069,70,Male,Jewelry,Accessories,6885,Vermont,XL,Black,Summer,3.9,No,Store Pickup,No,No,44,PhonePe,Monthly
2070,36,Male,T-shirt,Clothing,6970,Telangana,M,Indigo,Fall,3.4,No,Free Shipping,No,No,3,Debit Card,Quarterly
2071,56,Male,Jewelry,Accessories,7480,Nebraska,XL,Red,Spring,3.1,No,Express,No,No,14,Cash,Monthly
2072,69,Male,Jacket,Outerwear,8500,South Carolina,S,Yellow,Fall,4.8,No,Store Pickup,No,No,37,Google Pay,Quarterly
2073,39,Male,Backpack,Accessories,5610,Telangana,M,Beige,Winter,3.9,No,Next Day Air,No,No,22,Net Banking,Weekly
2074,38,Male,Belt,Accessories,2125,Telangana,S,Green,Winter,3.5,No,Next Day Air,No,No,2,Google Pay,Every 3 Months
2075,36,Male,Scarf,Accessories,4505,Tamil Nadu,M,White,Summer,3.1,No,Free Shipping,No,No,44,Debit Card,Fortnightly
2076,46,Male,Sweater,Clothing,2380,South Carolina,S,Turquoise,Fall,4.7,No,Express,No,No,49,Debit Card,Monthly
2077,59,Male,Gloves,Accessories,1955,Tamil Nadu,S,Indigo,Fall,4.6,No,Free Shipping,No,No,22,Debit Card,Bi-Weekly
2078,64,Male,Scarf,Accessories,2890,Nebraska,L,Orange,Fall,3.3,No,Free Shipping,No,No,26,Net Banking,Annually
2079,49,Male,Dress,Clothing,3570,Hawaii,M,Blue,Spring,3.2,No,Next Day Air,No,No,40,Debit Card,Weekly
2080,32,Male,Jeans,Clothing,2040,Maharastra,L,Violet,Summer,3.1,No,Next Day Air,No,No,16,Google Pay,Quarterly
2081,29,Male,Sunglasses,Accessories,3995,South Dakota,S,Gray,Fall,3.5,No,Free Shipping,No,No,17,Debit Card,Bi-Weekly
2082,24,Male,Coat,Outerwear,6630,Alabama,S,Cyan,Spring,4.3,No,Standard,No,No,48,Net Banking,Bi-Weekly
2083,41,Male,Jeans,Clothing,7565,Rajasthan,M,Yellow,Summer,2.9,No,Free Shipping,No,No,28,PhonePe,Every 3 Months
2084,41,Male,Scarf,Accessories,5015,Mississippi,L,Orange,Fall,2.7,No,Store Pickup,No,No,26,Credit Card,Fortnightly
2085,32,Male,Blouse,Clothing,7990,Vermont,S,Brown,Summer,4,No,Standard,No,No,43,Net Banking,Quarterly
2086,69,Male,Jeans,Clothing,4165,New York,M,Teal,Fall,4.6,No,Free Shipping,No,No,38,Debit Card,Weekly
2087,65,Male,Dress,Clothing,7565,North Dakota,L,Beige,Summer,4.7,No,2-Day Shipping,No,No,36,Cash,Every 3 Months
2088,54,Male,Hat,Accessories,7735,Wisconsin,M,Blue,Summer,4.7,No,Standard,No,No,1,Credit Card,Weekly
2089,39,Male,Sandals,Footwear,7565,Andhra Pradesh,L,Orange,Spring,4,No,Standard,No,No,49,Debit Card,Annually
2090,37,Male,Jacket,Outerwear,4845,Maryland,L,Gold,Spring,3.6,No,Free Shipping,No,No,41,Credit Card,Every 3 Months
2091,51,Male,Socks,Clothing,6035,Telangana,S,Teal,Winter,3.4,No,Free Shipping,No,No,21,Debit Card,Monthly
2092,26,Male,Jeans,Clothing,8245,Washington,XL,Beige,Fall,3,No,Next Day Air,No,No,24,Net Banking,Quarterly
2093,42,Male,Sandals,Footwear,3825,Minnesota,M,Silver,Fall,2.6,No,Next Day Air,No,No,27,Net Banking,Weekly
2094,21,Male,Dress,Clothing,7735,Washington,M,Maroon,Spring,4.2,No,Store Pickup,No,No,4,Debit Card,Annually
2095,53,Male,Socks,Clothing,2125,South Carolina,M,Indigo,Spring,3.4,No,Standard,No,No,19,PhonePe,Annually
2096,36,Male,Hoodie,Clothing,5355,New Mexico,M,Gray,Fall,4,No,Store Pickup,No,No,1,Net Banking,Fortnightly
2097,21,Male,Dress,Clothing,4420,North Carolina,L,Blue,Summer,4.7,No,Free Shipping,No,No,27,Debit Card,Annually
2098,33,Male,Sneakers,Footwear,3655,Assam,S,Cyan,Winter,3.9,No,Next Day Air,No,No,5,Credit Card,Weekly
2099,49,Male,T-shirt,Clothing,2380,Punjab,M,White,Summer,3.3,No,2-Day Shipping,No,No,20,PhonePe,Quarterly
2100,31,Male,T-shirt,Clothing,6630,Odisha,L,Green,Summer,2.9,No,Express,No,No,50,Google Pay,Annually
2101,68,Male,Sweater,Clothing,2635,Michigan,M,Silver,Spring,4.4,No,Free Shipping,No,No,36,Cash,Fortnightly
2102,49,Male,Shirt,Clothing,1955,Tamil Nadu,M,Blue,Winter,3.6,No,Next Day Air,No,No,12,Net Banking,Bi-Weekly
2103,23,Male,Hat,Accessories,2125,Idaho,M,Brown,Spring,4.5,No,Store Pickup,No,No,23,Cash,Monthly
2104,30,Male,Pants,Clothing,7310,Indiana,S,Red,Summer,3.7,No,Store Pickup,No,No,21,PhonePe,Weekly
2105,53,Male,Shoes,Footwear,7480,New Mexico,M,Gold,Spring,2.8,No,Free Shipping,No,No,47,PhonePe,Weekly
2106,65,Male,Gloves,Accessories,2975,South Carolina,M,Silver,Spring,4.5,No,Free Shipping,No,No,38,PhonePe,Bi-Weekly
2107,60,Male,Jewelry,Accessories,2890,Vermont,M,Gray,Fall,4.4,No,Standard,No,No,40,Credit Card,Every 3 Months
2108,46,Male,Pants,Clothing,6375,Gujarat,M,Black,Winter,3.3,No,Standard,No,No,35,Google Pay,Quarterly
2109,54,Male,Hoodie,Clothing,3910,North Dakota,XL,Beige,Winter,4.2,No,Express,No,No,4,Credit Card,Quarterly
2110,59,Male,Jewelry,Accessories,2635,Andhra Pradesh,L,Peach,Fall,2.7,No,Free Shipping,No,No,28,PhonePe,Every 3 Months
2111,52,Male,Socks,Clothing,7905,Maharastra,L,Cyan,Spring,3.9,No,Store Pickup,No,No,36,Debit Card,Every 3 Months
2112,41,Male,Sunglasses,Accessories,7225,Haryana,XL,Pink,Spring,2.6,No,Free Shipping,No,No,15,Net Banking,Annually
2113,43,Male,Belt,Accessories,5780,Tennessee,M,Lavender,Fall,4.5,No,2-Day Shipping,No,No,7,Cash,Fortnightly
2114,63,Male,Dress,Clothing,3400,Kerala,M,Brown,Spring,2.7,No,Store Pickup,No,No,29,Google Pay,Every 3 Months
2115,37,Male,Shirt,Clothing,4335,Vermont,M,Magenta,Winter,2.9,No,Standard,No,No,12,Debit Card,Annually
2116,44,Male,Scarf,Accessories,7225,Karnataka,M,Violet,Winter,3.4,No,Store Pickup,No,No,16,Net Banking,Bi-Weekly
2117,67,Male,Jacket,Outerwear,1955,Kansas,M,Teal,Summer,2.9,No,Express,No,No,50,Debit Card,Bi-Weekly
2118,27,Male,Dress,Clothing,2380,Colorado,L,Brown,Summer,3.8,No,Free Shipping,No,No,11,Debit Card,Annually
2119,60,Male,Socks,Clothing,3740,Georgia,M,Olive,Fall,4.2,No,2-Day Shipping,No,No,28,Debit Card,Quarterly
2120,58,Male,Jewelry,Accessories,4845,Nebraska,M,Indigo,Spring,3.5,No,Store Pickup,No,No,36,PhonePe,Bi-Weekly
2121,53,Male,Scarf,Accessories,8330,Haryana,S,Red,Fall,3.1,No,Next Day Air,No,No,38,Google Pay,Quarterly
2122,43,Male,Backpack,Accessories,5780,Alaska,M,Olive,Winter,3.5,No,2-Day Shipping,No,No,32,Net Banking,Monthly
2123,32,Male,Jacket,Outerwear,3060,Kerala,L,Teal,Fall,4,No,Express,No,No,42,Debit Card,Weekly
2124,54,Male,Coat,Outerwear,6035,Nebraska,L,Cyan,Spring,3.7,No,Express,No,No,22,Debit Card,Bi-Weekly
2125,47,Male,Skirt,Clothing,5100,Karnataka,M,Teal,Fall,4.2,No,Next Day Air,No,No,22,PhonePe,Quarterly
2126,57,Male,Coat,Outerwear,7395,New Hampshire,M,Beige,Fall,4.8,No,Store Pickup,No,No,31,Google Pay,Quarterly
2127,63,Male,Shoes,Footwear,3230,Alabama,XL,Magenta,Winter,4.1,No,Express,No,No,28,Credit Card,Monthly
2128,70,Male,Boots,Footwear,3825,North Carolina,M,Indigo,Spring,4.5,No,2-Day Shipping,No,No,40,Debit Card,Weekly
2129,62,Male,Coat,Outerwear,3995,New Mexico,L,Cyan,Fall,2.7,No,2-Day Shipping,No,No,21,Google Pay,Weekly
2130,40,Male,Skirt,Clothing,4845,Minnesota,L,Orange,Fall,2.8,No,Store Pickup,No,No,12,Google Pay,Every 3 Months
2131,25,Male,Backpack,Accessories,5780,Arizona,L,Violet,Summer,3.7,No,Free Shipping,No,No,33,Credit Card,Annually
2132,19,Male,Shorts,Clothing,4420,Maharastra,M,Red,Fall,3.6,No,Express,No,No,9,Net Banking,Fortnightly
2133,25,Male,Skirt,Clothing,7395,Vermont,M,Magenta,Fall,4.7,No,2-Day Shipping,No,No,15,Debit Card,Weekly
2134,21,Male,Hat,Accessories,2890,Andhra Pradesh,M,Olive,Summer,3.8,No,Standard,No,No,13,Net Banking,Annually
2135,55,Male,Sandals,Footwear,3485,Kerala,XL,Maroon,Winter,2.9,No,Standard,No,No,35,Credit Card,Fortnightly
2136,34,Male,Sunglasses,Accessories,7990,Andhra Pradesh,S,Yellow,Winter,4.6,No,Next Day Air,No,No,1,Debit Card,Every 3 Months
2137,47,Male,Sunglasses,Accessories,7905,New York,M,Red,Summer,2.8,No,Standard,No,No,25,Net Banking,Fortnightly
2138,27,Male,Socks,Clothing,4335,Indiana,XL,Purple,Winter,4.6,No,2-Day Shipping,No,No,20,Credit Card,Every 3 Months
2139,67,Male,Sweater,Clothing,3570,Mississippi,M,Teal,Fall,2.8,No,Next Day Air,No,No,36,PhonePe,Quarterly
2140,40,Male,Boots,Footwear,8075,New York,M,Red,Winter,3,No,Free Shipping,No,No,33,Cash,Weekly
2141,53,Male,Handbag,Accessories,7650,New Mexico,M,Brown,Fall,3.7,No,Standard,No,No,36,Cash,Fortnightly
2142,24,Male,Dress,Clothing,8330,Karnataka,M,Peach,Winter,4.1,No,2-Day Shipping,No,No,32,Google Pay,Annually
2143,47,Male,Hat,Accessories,3315,North Dakota,M,Maroon,Winter,4.3,No,Next Day Air,No,No,21,PhonePe,Quarterly
2144,53,Male,Sandals,Footwear,5610,Rajasthan,L,Red,Fall,3.8,No,Next Day Air,No,No,48,PhonePe,Bi-Weekly
2145,47,Male,Shoes,Footwear,1955,Maryland,L,Orange,Winter,3.7,No,Free Shipping,No,No,25,Google Pay,Quarterly
2146,38,Male,Skirt,Clothing,6205,Connecticut,S,White,Winter,4.8,No,Standard,No,No,32,Google Pay,Annually
2147,48,Male,Sunglasses,Accessories,1955,Utah,XL,White,Summer,4.6,No,Standard,No,No,45,Google Pay,Every 3 Months
2148,47,Male,Skirt,Clothing,3655,Haryana,S,Charcoal,Fall,4.8,No,Standard,No,No,4,Cash,Fortnightly
2149,19,Male,T-shirt,Clothing,3825,Nebraska,XL,Turquoise,Winter,4.6,No,2-Day Shipping,No,No,19,Google Pay,Bi-Weekly
2150,38,Male,Sandals,Footwear,1785,Hawaii,L,Orange,Winter,4,No,Standard,No,No,1,Net Banking,Weekly
2151,57,Male,Shirt,Clothing,3400,Bihar,M,Orange,Spring,2.6,No,2-Day Shipping,No,No,12,Cash,Weekly
2152,70,Male,Jeans,Clothing,4930,Vermont,L,Brown,Fall,2.6,No,2-Day Shipping,No,No,18,PhonePe,Monthly
2153,38,Male,Shorts,Clothing,4080,New Jersey,L,Magenta,Summer,4.5,No,Next Day Air,No,No,43,Net Banking,Bi-Weekly
2154,35,Male,Shirt,Clothing,7990,Karnataka,M,Violet,Fall,4.2,No,Free Shipping,No,No,31,Google Pay,Annually
2155,46,Male,Scarf,Accessories,6290,Kerala,M,Violet,Spring,3.4,No,Store Pickup,No,No,33,Cash,Every 3 Months
2156,32,Male,Handbag,Accessories,4335,Hawaii,L,Yellow,Fall,3.7,No,Store Pickup,No,No,46,Google Pay,Monthly
2157,38,Male,Skirt,Clothing,7055,Haryana,M,Maroon,Winter,3.6,No,Next Day Air,No,No,41,Debit Card,Bi-Weekly
2158,41,Male,Handbag,Accessories,5780,Mississippi,L,Turquoise,Winter,4,No,Next Day Air,No,No,41,PhonePe,Fortnightly
2159,19,Male,Gloves,Accessories,7140,Telangana,XL,Olive,Spring,4.6,No,Standard,No,No,9,Net Banking,Fortnightly
2160,18,Male,Shirt,Clothing,4930,Punjab,M,Peach,Fall,3,No,Free Shipping,No,No,34,Cash,Annually
2161,45,Male,Blouse,Clothing,7820,Kerala,L,Charcoal,Winter,3.3,No,Express,No,No,21,Google Pay,Annually
2162,23,Male,Dress,Clothing,5865,Washington,S,Peach,Summer,3.8,No,Express,No,No,5,Debit Card,Fortnightly
2163,60,Male,Shorts,Clothing,4080,Tamil Nadu,S,Black,Summer,2.7,No,Free Shipping,No,No,32,Google Pay,Weekly
2164,52,Male,Shoes,Footwear,5100,New York,L,Gray,Spring,4.5,No,Express,No,No,44,Net Banking,Monthly
2165,42,Male,Sandals,Footwear,1700,Assam,S,Olive,Winter,4.8,No,Next Day Air,No,No,46,Google Pay,Bi-Weekly
2166,29,Male,Pants,Clothing,4675,Idaho,M,Turquoise,Summer,4.2,No,Express,No,No,42,Credit Card,Every 3 Months
2167,31,Male,Jacket,Outerwear,7480,New Jersey,S,Purple,Spring,3.5,No,Express,No,No,50,Credit Card,Bi-Weekly
2168,30,Male,Skirt,Clothing,4080,Ohio,L,Green,Winter,4.9,No,Standard,No,No,33,PhonePe,Fortnightly
2169,23,Male,Handbag,Accessories,6290,Connecticut,M,Beige,Spring,4.1,No,Next Day Air,No,No,32,Cash,Quarterly
2170,31,Male,Coat,Outerwear,3570,Tamil Nadu,M,Brown,Fall,2.9,No,Next Day Air,No,No,32,Net Banking,Bi-Weekly
2171,40,Male,Sweater,Clothing,2720,South Carolina,M,Turquoise,Fall,4,No,Next Day Air,No,No,37,PhonePe,Every 3 Months
2172,39,Male,Shorts,Clothing,8330,Haryana,M,Yellow,Summer,4.6,No,Store Pickup,No,No,9,Cash,Fortnightly
2173,28,Male,Skirt,Clothing,7565,Karnataka,S,Lavender,Fall,2.8,No,Store Pickup,No,No,6,Google Pay,Fortnightly
2174,23,Male,Gloves,Accessories,8245,Gujarat,S,Cyan,Summer,5,No,2-Day Shipping,No,No,36,PhonePe,Quarterly
2175,42,Male,Backpack,Accessories,4165,Colorado,S,Olive,Spring,2.9,No,Store Pickup,No,No,1,Cash,Annually
2176,68,Male,Dress,Clothing,4250,Nebraska,M,Silver,Spring,3.3,No,Free Shipping,No,No,48,Credit Card,Fortnightly
2177,24,Male,Belt,Accessories,7735,Vermont,S,Red,Winter,3.4,No,2-Day Shipping,No,No,44,Debit Card,Quarterly
2178,24,Male,Gloves,Accessories,7905,Maharastra,XL,Green,Winter,3,No,Express,No,No,9,Google Pay,Bi-Weekly
2179,21,Male,Jewelry,Accessories,8330,Tamil Nadu,M,Gold,Summer,4.7,No,Standard,No,No,32,PhonePe,Annually
2180,49,Male,Socks,Clothing,6970,Gujarat,L,Lavender,Fall,2.9,No,Next Day Air,No,No,14,Google Pay,Monthly
2181,41,Male,Coat,Outerwear,3145,Connecticut,M,Yellow,Summer,4.1,No,Store Pickup,No,No,43,Cash,Quarterly
2182,22,Male,Handbag,Accessories,5355,Hawaii,M,Black,Fall,3.2,No,Free Shipping,No,No,32,Net Banking,Bi-Weekly
2183,42,Male,Blouse,Clothing,8415,New Mexico,M,Maroon,Winter,2.7,No,Store Pickup,No,No,26,PhonePe,Bi-Weekly
2184,30,Male,Shorts,Clothing,3145,Kansas,M,Maroon,Spring,4.7,No,Store Pickup,No,No,2,Cash,Monthly
2185,38,Male,Shoes,Footwear,2890,West Bengal,S,Gold,Spring,3.2,No,Free Shipping,No,No,16,Google Pay,Every 3 Months
2186,40,Male,Shorts,Clothing,2720,North Carolina,M,Violet,Winter,2.5,No,Express,No,No,50,Debit Card,Every 3 Months
2187,55,Male,Sandals,Footwear,1955,New Mexico,XL,Teal,Winter,4.3,No,Next Day Air,No,No,6,Google Pay,Every 3 Months
2188,37,Male,Blouse,Clothing,6630,Idaho,M,Violet,Spring,4.4,No,Free Shipping,No,No,20,Google Pay,Annually
2189,41,Male,Coat,Outerwear,4590,Andhra Pradesh,M,Brown,Winter,4.7,No,Next Day Air,No,No,9,Credit Card,Weekly
2190,38,Male,Blouse,Clothing,7990,Wisconsin,XL,Brown,Fall,4,No,Express,No,No,47,Credit Card,Bi-Weekly
2191,42,Male,Belt,Accessories,6375,Alaska,S,Maroon,Spring,4.6,No,Express,No,No,33,Credit Card,Annually
2192,26,Male,Blouse,Clothing,5865,Pennsylvania,S,Maroon,Summer,3.8,No,Next Day Air,No,No,46,Cash,Bi-Weekly
2193,41,Male,Scarf,Accessories,2975,Kerala,L,Yellow,Winter,3.2,No,Next Day Air,No,No,9,Credit Card,Monthly
2194,27,Male,Shirt,Clothing,6630,Andhra Pradesh,L,Turquoise,Spring,5,No,Express,No,No,8,Google Pay,Monthly
2195,61,Male,Socks,Clothing,2465,Karnataka,M,Silver,Summer,3.5,No,Standard,No,No,48,Net Banking,Quarterly
2196,58,Male,Jeans,Clothing,5270,New York,M,Brown,Fall,3.7,No,Next Day Air,No,No,2,Cash,Monthly
2197,25,Male,Dress,Clothing,4930,Vermont,M,Gray,Spring,4.8,No,Next Day Air,No,No,31,Google Pay,Weekly
2198,33,Male,Boots,Footwear,7480,Pennsylvania,M,Indigo,Summer,3.7,No,2-Day Shipping,No,No,40,PhonePe,Monthly
2199,57,Male,Scarf,Accessories,6800,New York,L,Turquoise,Summer,3.5,No,Free Shipping,No,No,35,PhonePe,Monthly
2200,39,Male,Scarf,Accessories,3995,North Carolina,M,Maroon,Summer,4.9,No,Store Pickup,No,No,40,Debit Card,Monthly
2201,60,Male,Gloves,Accessories,4335,Kerala,L,Charcoal,Summer,4.7,No,Next Day Air,No,No,27,Debit Card,Every 3 Months
2202,39,Male,Pants,Clothing,2125,Ohio,L,Peach,Spring,4.9,No,2-Day Shipping,No,No,10,PhonePe,Annually
2203,42,Male,Dress,Clothing,3060,Alabama,M,Red,Summer,4.3,No,Next Day Air,No,No,23,Credit Card,Weekly
2204,53,Male,Dress,Clothing,6715,Karnataka,M,Indigo,Winter,3.1,No,Free Shipping,No,No,32,Cash,Quarterly
2205,20,Male,Jeans,Clothing,3485,Tamil Nadu,S,Lavender,Winter,3.4,No,2-Day Shipping,No,No,6,Debit Card,Monthly
2206,46,Male,Sweater,Clothing,5780,North Dakota,XL,Red,Fall,2.7,No,Express,No,No,27,Google Pay,Weekly
2207,46,Male,Sandals,Footwear,4335,Bihar,L,Green,Spring,2.6,No,Store Pickup,No,No,25,Net Banking,Fortnightly
2208,69,Male,Handbag,Accessories,3230,New Mexico,M,Gray,Fall,2.9,No,Next Day Air,No,No,11,Credit Card,Annually
2209,28,Male,Scarf,Accessories,3910,Colorado,XL,Violet,Summer,2.7,No,2-Day Shipping,No,No,23,Google Pay,Monthly
2210,42,Male,Sandals,Footwear,1700,Utah,XL,Beige,Summer,4.5,No,2-Day Shipping,No,No,44,Net Banking,Quarterly
2211,30,Male,Sunglasses,Accessories,2125,Kerala,M,Orange,Summer,3.1,No,Store Pickup,No,No,35,Google Pay,Fortnightly
2212,50,Male,Sweater,Clothing,7565,Andhra Pradesh,L,Purple,Winter,3.2,No,Free Shipping,No,No,45,Debit Card,Every 3 Months
2213,59,Male,Pants,Clothing,6545,Nebraska,M,Brown,Winter,3.3,No,Next Day Air,No,No,22,Net Banking,Quarterly
2214,54,Male,Hat,Accessories,7990,Hawaii,M,Maroon,Fall,2.9,No,Express,No,No,18,Debit Card,Quarterly
2215,50,Male,Belt,Accessories,8500,Idaho,L,Gold,Fall,4.1,No,Standard,No,No,20,Debit Card,Weekly
2216,25,Male,Sandals,Footwear,8160,Kerala,M,Indigo,Winter,2.7,No,Express,No,No,28,Credit Card,Fortnightly
2217,41,Male,Pants,Clothing,3060,Vermont,XL,Silver,Winter,4,No,Store Pickup,No,No,15,PhonePe,Bi-Weekly
2218,35,Male,Jewelry,Accessories,2295,Indiana,XL,Red,Fall,2.6,No,Store Pickup,No,No,42,Net Banking,Fortnightly
2219,67,Male,Sunglasses,Accessories,5695,Idaho,M,Magenta,Winter,3.5,No,Store Pickup,No,No,20,Debit Card,Quarterly
2220,33,Male,Blouse,Clothing,7735,Minnesota,S,Purple,Fall,2.8,No,Store Pickup,No,No,16,Net Banking,Fortnightly
2221,19,Male,Belt,Accessories,5270,Kerala,XL,Beige,Fall,4.5,No,Store Pickup,No,No,47,Cash,Annually
2222,25,Male,Shorts,Clothing,7480,Kansas,XL,White,Fall,3,No,Free Shipping,No,No,34,Credit Card,Annually
2223,32,Male,Pants,Clothing,5610,Georgia,M,Teal,Summer,4.4,No,Store Pickup,No,No,30,Credit Card,Weekly
2224,30,Male,Sandals,Footwear,5525,Kansas,M,Gray,Fall,4.7,No,Next Day Air,No,No,5,Google Pay,Quarterly
2225,18,Male,Gloves,Accessories,2125,Nebraska,L,Charcoal,Winter,4.3,No,Standard,No,No,38,Cash,Quarterly
2226,38,Male,Belt,Accessories,5440,Washington,S,Olive,Spring,4.8,No,Free Shipping,No,No,18,Credit Card,Annually
2227,22,Male,Shirt,Clothing,6120,Haryana,L,Blue,Spring,4.8,No,Store Pickup,No,No,28,Cash,Annually
2228,40,Male,Scarf,Accessories,6290,Washington,S,Gray,Summer,4.4,No,Next Day Air,No,No,42,Credit Card,Fortnightly
2229,54,Male,Gloves,Accessories,4250,Kansas,M,Green,Fall,3.7,No,Free Shipping,No,No,5,Credit Card,Weekly
2230,70,Male,Pants,Clothing,8245,Minnesota,M,Silver,Fall,3.9,No,Express,No,No,50,PhonePe,Monthly
2231,52,Male,Sneakers,Footwear,3060,Colorado,S,Teal,Spring,3.8,No,Express,No,No,33,PhonePe,Fortnightly
2232,34,Male,Jacket,Outerwear,4165,Utah,M,Beige,Fall,4.1,No,Store Pickup,No,No,1,Credit Card,Weekly
2233,65,Male,Shoes,Footwear,5440,North Carolina,L,Lavender,Spring,4,No,Store Pickup,No,No,14,Cash,Fortnightly
2234,38,Male,Blouse,Clothing,2635,Tamil Nadu,XL,Gray,Summer,4.5,No,Express,No,No,48,Credit Card,Monthly
2235,35,Male,Boots,Footwear,5610,New Hampshire,S,Yellow,Winter,4,No,Express,No,No,26,Cash,Weekly
2236,40,Male,Socks,Clothing,6970,Bihar,M,Gray,Spring,4.5,No,2-Day Shipping,No,No,44,Credit Card,Annually
2237,23,Male,T-shirt,Clothing,7480,Punjab,M,Yellow,Winter,2.7,No,Standard,No,No,18,Debit Card,Fortnightly
2238,45,Male,Sandals,Footwear,2890,Alabama,S,Black,Summer,3.8,No,Next Day Air,No,No,31,PhonePe,Every 3 Months
2239,40,Male,Sneakers,Footwear,7140,Tamil Nadu,L,Beige,Winter,3.8,No,Standard,No,No,18,Debit Card,Weekly
2240,42,Male,Jewelry,Accessories,8160,Alabama,L,Indigo,Summer,3.8,No,2-Day Shipping,No,No,41,Credit Card,Every 3 Months
2241,57,Male,Sandals,Footwear,6035,Andhra Pradesh,L,Green,Winter,4.3,No,Next Day Air,No,No,18,Debit Card,Every 3 Months
2242,18,Male,Jacket,Outerwear,6545,Maryland,M,Purple,Summer,3.5,No,Free Shipping,No,No,3,Net Banking,Bi-Weekly
2243,18,Male,Skirt,Clothing,5610,West Bengal,M,Orange,Spring,3.8,No,Next Day Air,No,No,5,Credit Card,Bi-Weekly
2244,56,Male,Shirt,Clothing,1785,Telangana,M,Teal,Winter,3.7,No,2-Day Shipping,No,No,13,Debit Card,Annually
2245,35,Male,Shorts,Clothing,3145,South Carolina,M,Gold,Summer,4.8,No,2-Day Shipping,No,No,22,Google Pay,Annually
2246,49,Male,Socks,Clothing,7650,Gujarat,L,Gray,Fall,4.9,No,Free Shipping,No,No,45,Google Pay,Fortnightly
2247,49,Male,Jacket,Outerwear,8160,Hawaii,M,Cyan,Fall,4.3,No,Store Pickup,No,No,39,Google Pay,Every 3 Months
2248,34,Male,Jewelry,Accessories,3145,Tamil Nadu,L,Teal,Summer,4.4,No,Next Day Air,No,No,18,PhonePe,Annually
2249,63,Male,T-shirt,Clothing,5610,Karnataka,M,Violet,Winter,3.4,No,Free Shipping,No,No,19,Google Pay,Fortnightly
2250,42,Male,Gloves,Accessories,3825,Kerala,XL,Indigo,Spring,4.3,No,Next Day Air,No,No,29,Debit Card,Weekly
2251,41,Male,Shoes,Footwear,7565,Colorado,L,Pink,Summer,4.6,No,Store Pickup,No,No,19,Credit Card,Weekly
2252,26,Male,Shoes,Footwear,7990,Kerala,L,Gold,Fall,3.8,No,Free Shipping,No,No,22,Debit Card,Monthly
2253,48,Male,Shoes,Footwear,8160,Nebraska,S,Maroon,Summer,3.9,No,Express,No,No,21,Net Banking,Annually
2254,62,Male,Hoodie,Clothing,2635,Odisha,M,Brown,Spring,2.6,No,Store Pickup,No,No,22,Google Pay,Monthly
2255,24,Male,Belt,Accessories,6715,North Dakota,M,Gold,Winter,4.2,No,Store Pickup,No,No,44,Google Pay,Every 3 Months
2256,48,Male,Coat,Outerwear,3315,Michigan,L,Teal,Spring,4.6,No,Store Pickup,No,No,42,Net Banking,Quarterly
2257,31,Male,Blouse,Clothing,1870,Andhra Pradesh,M,Turquoise,Fall,5,No,Standard,No,No,33,Credit Card,Quarterly
2258,41,Male,Skirt,Clothing,2720,Tennessee,L,Olive,Fall,4.2,No,Standard,No,No,6,Net Banking,Annually
2259,24,Male,T-shirt,Clothing,6035,Ohio,L,Cyan,Winter,4.3,No,Store Pickup,No,No,44,Credit Card,Every 3 Months
2260,60,Male,Jeans,Clothing,8160,Tamil Nadu,XL,Beige,Spring,3.3,No,Free Shipping,No,No,24,Cash,Annually
2261,38,Male,Scarf,Accessories,6970,Haryana,M,Blue,Fall,4.9,No,Express,No,No,16,Google Pay,Quarterly
2262,58,Male,Backpack,Accessories,6460,South Carolina,L,Gold,Spring,4.4,No,Standard,No,No,12,Net Banking,Fortnightly
2263,53,Male,Backpack,Accessories,1870,Arizona,M,Green,Winter,3.1,No,2-Day Shipping,No,No,50,Google Pay,Monthly
2264,44,Male,Scarf,Accessories,3400,Indiana,XL,Green,Winter,3.5,No,Store Pickup,No,No,42,Cash,Quarterly
2265,51,Male,Hat,Accessories,7820,North Dakota,M,Turquoise,Summer,3.9,No,2-Day Shipping,No,No,50,Google Pay,Monthly
2266,36,Male,Coat,Outerwear,7990,Maharastra,XL,Yellow,Fall,3.9,No,Store Pickup,No,No,10,Google Pay,Quarterly
2267,20,Male,Dress,Clothing,3740,Haryana,M,Yellow,Fall,4.3,No,Store Pickup,No,No,32,Debit Card,Weekly
2268,32,Male,Gloves,Accessories,4165,Karnataka,S,Blue,Spring,3.8,No,Express,No,No,37,PhonePe,Weekly
2269,66,Male,Sweater,Clothing,2210,Georgia,L,Charcoal,Spring,2.7,No,2-Day Shipping,No,No,15,Net Banking,Monthly
2270,49,Male,Skirt,Clothing,3230,Karnataka,M,Yellow,Fall,4.4,No,Store Pickup,No,No,27,Credit Card,Annually
2271,27,Male,Blouse,Clothing,6120,Georgia,L,Purple,Spring,3.5,No,Express,No,No,7,PhonePe,Weekly
2272,29,Male,Dress,Clothing,8415,Alaska,M,Green,Summer,3.4,No,Free Shipping,No,No,49,Google Pay,Quarterly
2273,29,Male,Jacket,Outerwear,3230,Andhra Pradesh,L,Charcoal,Spring,4,No,Standard,No,No,44,Google Pay,Monthly
2274,55,Male,Coat,Outerwear,8160,New Mexico,L,Silver,Winter,4.8,No,Express,No,No,13,Google Pay,Bi-Weekly
2275,57,Male,Dress,Clothing,2295,New York,L,Turquoise,Spring,4.5,No,Next Day Air,No,No,38,Google Pay,Fortnightly
2276,29,Male,Shorts,Clothing,2040,Odisha,M,Gray,Winter,4.4,No,Standard,No,No,10,Debit Card,Weekly
2277,31,Male,Jeans,Clothing,6970,Kerala,L,Red,Summer,4.1,No,2-Day Shipping,No,No,25,Debit Card,Weekly
2278,25,Male,Hat,Accessories,4760,Alabama,M,Beige,Summer,4.6,No,Next Day Air,No,No,18,Credit Card,Quarterly
2279,61,Male,Gloves,Accessories,2125,Maryland,M,Maroon,Fall,3.8,No,Store Pickup,No,No,6,Cash,Every 3 Months
2280,53,Male,Sneakers,Footwear,5695,Kerala,L,Indigo,Spring,2.9,No,Free Shipping,No,No,35,Net Banking,Quarterly
2281,22,Male,Shoes,Footwear,1785,Karnataka,M,Red,Summer,2.8,No,Standard,No,No,31,Credit Card,Fortnightly
2282,28,Male,Hoodie,Clothing,2295,Kansas,XL,Maroon,Summer,3,No,Store Pickup,No,No,41,Net Banking,Annually
2283,18,Male,Sneakers,Footwear,8245,Idaho,S,Red,Fall,4.2,No,2-Day Shipping,No,No,8,Credit Card,Annually
2284,44,Male,Handbag,Accessories,3825,Ohio,S,Black,Winter,4.1,No,Free Shipping,No,No,34,Credit Card,Fortnightly
2285,32,Male,Blouse,Clothing,5355,Assam,XL,Black,Fall,4.1,No,Express,No,No,20,PhonePe,Annually
2286,34,Male,Belt,Accessories,8500,Michigan,L,Pink,Summer,4.6,No,2-Day Shipping,No,No,38,Google Pay,Every 3 Months
2287,67,Male,Socks,Clothing,3230,South Dakota,L,Blue,Spring,2.5,No,Store Pickup,No,No,35,PhonePe,Quarterly
2288,66,Male,Blouse,Clothing,3825,Nebraska,L,Green,Summer,3,No,Store Pickup,No,No,6,Debit Card,Annually
2289,28,Male,Jewelry,Accessories,7735,Andhra Pradesh,M,Orange,Fall,3.8,No,Next Day Air,No,No,50,Google Pay,Weekly
2290,70,Male,Shorts,Clothing,6970,West Bengal,M,Orange,Fall,4.1,No,Free Shipping,No,No,47,PhonePe,Weekly
2291,37,Male,Boots,Footwear,4080,Kansas,L,Magenta,Winter,3.3,No,Standard,No,No,23,Google Pay,Quarterly
2292,28,Male,Coat,Outerwear,2550,Ohio,M,Indigo,Spring,5,No,2-Day Shipping,No,No,13,Credit Card,Quarterly
2293,43,Male,T-shirt,Clothing,2890,Vermont,S,Beige,Spring,3.8,No,Next Day Air,No,No,31,Debit Card,Monthly
2294,37,Male,Sweater,Clothing,5780,Georgia,L,Green,Fall,3.3,No,Express,No,No,16,Debit Card,Every 3 Months
2295,54,Male,Sunglasses,Accessories,8075,Maryland,M,Red,Winter,5,No,Express,No,No,40,Debit Card,Annually
2296,50,Male,Hat,Accessories,1870,Connecticut,L,Beige,Spring,2.9,No,2-Day Shipping,No,No,45,Google Pay,Quarterly
2297,46,Male,Gloves,Accessories,7480,Washington,M,Green,Fall,2.5,No,Next Day Air,No,No,50,PhonePe,Every 3 Months
2298,60,Male,Socks,Clothing,7055,Andhra Pradesh,M,Orange,Summer,4.7,No,Standard,No,No,1,Net Banking,Quarterly
2299,40,Male,Handbag,Accessories,7395,Maharastra,L,Cyan,Spring,2.9,No,2-Day Shipping,No,No,10,Cash,Every 3 Months
2300,64,Male,Coat,Outerwear,4845,Idaho,M,Violet,Summer,3.7,No,Store Pickup,No,No,48,Credit Card,Every 3 Months
2301,18,Male,Coat,Outerwear,7480,Pennsylvania,XL,Lavender,Summer,4.4,No,2-Day Shipping,No,No,38,Credit Card,Monthly
2302,37,Male,Pants,Clothing,1700,Andhra Pradesh,L,Turquoise,Winter,2.9,No,Next Day Air,No,No,21,Debit Card,Annually
2303,36,Male,Belt,Accessories,3315,Maharastra,L,Pink,Summer,3.6,No,Store Pickup,No,No,38,PhonePe,Monthly
2304,51,Male,Sunglasses,Accessories,6035,New Jersey,S,Beige,Spring,4.8,No,2-Day Shipping,No,No,31,Credit Card,Fortnightly
2305,26,Male,Hoodie,Clothing,6205,Punjab,L,Silver,Winter,4.7,No,Free Shipping,No,No,9,Debit Card,Fortnightly
2306,68,Male,Handbag,Accessories,5355,Andhra Pradesh,M,Gold,Summer,2.6,No,Free Shipping,No,No,47,Cash,Weekly
2307,27,Male,Gloves,Accessories,6630,Tamil Nadu,L,Silver,Winter,3.4,No,Standard,No,No,8,Cash,Bi-Weekly
2308,28,Male,Skirt,Clothing,8160,Haryana,L,Green,Fall,3.5,No,Next Day Air,No,No,30,Debit Card,Annually
2309,49,Male,Sunglasses,Accessories,6885,North Dakota,M,Teal,Winter,3.4,No,2-Day Shipping,No,No,22,Net Banking,Quarterly
2310,70,Male,Dress,Clothing,8075,Connecticut,S,Gold,Fall,5,No,2-Day Shipping,No,No,3,Net Banking,Quarterly
2311,30,Male,Gloves,Accessories,5780,Kerala,M,Cyan,Spring,4.6,No,Standard,No,No,15,Google Pay,Monthly
2312,27,Male,Sneakers,Footwear,2380,Maharastra,L,Gold,Spring,4.8,No,2-Day Shipping,No,No,10,Net Banking,Every 3 Months
2313,19,Male,T-shirt,Clothing,2550,Vermont,L,Violet,Summer,3.7,No,Free Shipping,No,No,19,Cash,Every 3 Months
2314,64,Male,Dress,Clothing,2635,Georgia,M,Black,Summer,4.7,No,Next Day Air,No,No,36,Net Banking,Fortnightly
2315,42,Male,Handbag,Accessories,8075,Kerala,XL,Brown,Winter,4.4,No,Express,No,No,12,Net Banking,Every 3 Months
2316,69,Male,Socks,Clothing,6715,Vermont,M,Indigo,Winter,3.5,No,2-Day Shipping,No,No,49,Debit Card,Quarterly
2317,28,Male,Sneakers,Footwear,3315,Maharastra,L,Yellow,Winter,3.8,No,Standard,No,No,7,Debit Card,Annually
2318,47,Male,Jacket,Outerwear,2890,New Jersey,M,Purple,Summer,4.7,No,Next Day Air,No,No,28,Net Banking,Monthly
2319,69,Male,Hoodie,Clothing,2380,Kerala,L,White,Spring,3.1,No,Store Pickup,No,No,30,Credit Card,Annually
2320,56,Male,Sandals,Footwear,3230,Andhra Pradesh,XL,Turquoise,Winter,5,No,Free Shipping,No,No,29,Google Pay,Monthly
2321,28,Male,Shoes,Footwear,4675,New Mexico,M,Olive,Spring,3.7,No,Free Shipping,No,No,9,Debit Card,Every 3 Months
2322,50,Male,Sandals,Footwear,2635,Colorado,M,Beige,Winter,3,No,Next Day Air,No,No,27,Debit Card,Fortnightly
2323,39,Male,Coat,Outerwear,7140,Connecticut,S,Lavender,Spring,4.5,No,Store Pickup,No,No,21,PhonePe,Fortnightly
2324,35,Male,Gloves,Accessories,7905,Maryland,L,White,Winter,4.7,No,Express,No,No,36,Credit Card,Monthly
2325,59,Male,Coat,Outerwear,2380,Tamil Nadu,L,Brown,Winter,3.5,No,Free Shipping,No,No,19,Debit Card,Annually
2326,44,Male,Boots,Footwear,4675,New York,M,Charcoal,Summer,4.4,No,2-Day Shipping,No,No,47,Cash,Weekly
2327,66,Male,Skirt,Clothing,5355,Odisha,L,Maroon,Winter,2.6,No,Standard,No,No,38,Net Banking,Annually
2328,20,Male,Skirt,Clothing,7990,Alabama,M,Red,Winter,4.2,No,2-Day Shipping,No,No,22,PhonePe,Bi-Weekly
2329,45,Male,Pants,Clothing,3060,North Dakota,M,Maroon,Fall,2.6,No,Express,No,No,29,PhonePe,Bi-Weekly
2330,49,Male,Hat,Accessories,8245,Nebraska,S,Teal,Spring,4.8,No,Free Shipping,No,No,42,Net Banking,Annually
2331,60,Male,Backpack,Accessories,5355,Arizona,L,Orange,Summer,2.9,No,Store Pickup,No,No,47,Google Pay,Every 3 Months
2332,61,Male,Scarf,Accessories,6545,Bihar,S,Olive,Spring,4.3,No,2-Day Shipping,No,No,10,Credit Card,Bi-Weekly
2333,36,Male,Scarf,Accessories,4505,South Carolina,XL,Olive,Fall,2.6,No,Store Pickup,No,No,10,PhonePe,Monthly
2334,33,Male,Shirt,Clothing,6545,Kansas,M,Beige,Spring,3.8,No,Next Day Air,No,No,1,Google Pay,Every 3 Months
2335,49,Male,Boots,Footwear,6715,Kansas,L,Green,Summer,4.2,No,Standard,No,No,7,Credit Card,Monthly
2336,31,Male,Coat,Outerwear,3145,Idaho,M,Black,Summer,3.9,No,Store Pickup,No,No,10,PhonePe,Fortnightly
2337,19,Male,Belt,Accessories,7990,Andhra Pradesh,M,Green,Winter,3.1,No,Free Shipping,No,No,11,Credit Card,Weekly
2338,39,Male,Boots,Footwear,6460,North Dakota,S,Violet,Fall,3.6,No,Store Pickup,No,No,5,Cash,Annually
2339,66,Male,Sneakers,Footwear,5780,Georgia,S,Silver,Fall,4,No,Express,No,No,21,Google Pay,Quarterly
2340,25,Male,Shirt,Clothing,5525,Bihar,L,Maroon,Spring,3.4,No,Next Day Air,No,No,24,Net Banking,Quarterly
2341,63,Male,Blouse,Clothing,2040,Gujarat,M,Cyan,Summer,2.6,No,Standard,No,No,37,Credit Card,Fortnightly
2342,56,Male,Jacket,Outerwear,2635,Connecticut,L,Teal,Summer,4.5,No,Express,No,No,22,PhonePe,Every 3 Months
2343,20,Male,Skirt,Clothing,7565,Tennessee,M,Olive,Fall,4.9,No,Standard,No,No,16,Debit Card,Fortnightly
2344,58,Male,Socks,Clothing,4165,Maryland,M,Red,Summer,4.4,No,2-Day Shipping,No,No,44,Google Pay,Monthly
2345,34,Male,Sandals,Footwear,7820,Karnataka,XL,Lavender,Fall,3.5,No,Express,No,No,14,PhonePe,Bi-Weekly
2346,28,Male,T-shirt,Clothing,2720,New York,S,Orange,Winter,3.3,No,Express,No,No,23,Net Banking,Every 3 Months
2347,22,Male,Jacket,Outerwear,5695,New Mexico,L,Brown,Winter,3.1,No,Standard,No,No,46,Debit Card,Fortnightly
2348,37,Male,Belt,Accessories,5440,Andhra Pradesh,S,Gray,Fall,4.2,No,Express,No,No,46,Cash,Every 3 Months
2349,54,Male,Shoes,Footwear,7140,Andhra Pradesh,M,Orange,Spring,4.9,No,Next Day Air,No,No,16,Google Pay,Every 3 Months
2350,65,Male,Blouse,Clothing,2890,New York,M,Orange,Fall,3.9,No,Standard,No,No,40,Credit Card,Every 3 Months
2351,57,Male,Shoes,Footwear,2210,Hawaii,M,Turquoise,Winter,4.2,No,Free Shipping,No,No,21,Cash,Annually
2352,38,Male,Sweater,Clothing,4250,New Hampshire,S,Cyan,Fall,4.9,No,Store Pickup,No,No,25,Google Pay,Bi-Weekly
2353,70,Male,Boots,Footwear,3910,Nebraska,M,Yellow,Fall,2.8,No,Store Pickup,No,No,25,Net Banking,Quarterly
2354,56,Male,Handbag,Accessories,6035,Maharastra,M,White,Fall,4.1,No,Standard,No,No,25,Debit Card,Every 3 Months
2355,56,Male,Blouse,Clothing,6630,Wisconsin,M,Blue,Summer,4.8,No,Next Day Air,No,No,27,PhonePe,Monthly
2356,22,Male,Skirt,Clothing,2975,Tennessee,S,Purple,Winter,4.1,No,Next Day Air,No,No,12,Cash,Monthly
2357,57,Male,Backpack,Accessories,4930,Maharastra,M,Gray,Summer,3,No,Free Shipping,No,No,27,Debit Card,Quarterly
2358,53,Male,Shirt,Clothing,5695,Michigan,L,Cyan,Fall,4.2,No,2-Day Shipping,No,No,40,Credit Card,Bi-Weekly
2359,53,Male,Sweater,Clothing,7905,Telangana,L,Pink,Spring,3.8,No,Standard,No,No,38,Credit Card,Quarterly
2360,19,Male,Scarf,Accessories,6885,Pennsylvania,S,Gold,Spring,3.3,No,2-Day Shipping,No,No,44,Net Banking,Every 3 Months
2361,49,Male,Handbag,Accessories,6800,New York,L,Silver,Fall,4.7,No,2-Day Shipping,No,No,27,PhonePe,Every 3 Months
2362,44,Male,Scarf,Accessories,5440,Alabama,M,Gray,Spring,4.3,No,2-Day Shipping,No,No,30,Credit Card,Every 3 Months
2363,27,Male,Jeans,Clothing,3485,Kerala,M,Brown,Fall,2.7,No,Standard,No,No,24,Credit Card,Monthly
2364,60,Male,Socks,Clothing,6715,Pennsylvania,XL,Pink,Winter,4.2,No,Express,No,No,38,Cash,Bi-Weekly
2365,62,Male,Sunglasses,Accessories,5100,Mississippi,L,Maroon,Winter,4.2,No,Free Shipping,No,No,4,Google Pay,Quarterly
2366,52,Male,Sneakers,Footwear,7735,Kerala,S,Peach,Winter,2.5,No,Next Day Air,No,No,32,PhonePe,Monthly
2367,30,Male,Shoes,Footwear,5610,New Mexico,L,Brown,Winter,3.6,No,Express,No,No,32,Credit Card,Fortnightly
2368,66,Male,Socks,Clothing,7225,North Dakota,L,Green,Winter,3.4,No,Standard,No,No,28,Net Banking,Bi-Weekly
2369,29,Male,Sunglasses,Accessories,3230,New Jersey,M,Lavender,Summer,3.3,No,Standard,No,No,6,Debit Card,Every 3 Months
2370,24,Male,Sweater,Clothing,1955,Vermont,M,Cyan,Winter,4.6,No,Standard,No,No,24,Google Pay,Monthly
2371,51,Male,Shoes,Footwear,6035,Alaska,M,Black,Spring,3.9,No,Store Pickup,No,No,38,PhonePe,Weekly
2372,67,Male,Socks,Clothing,2125,Indiana,M,Charcoal,Winter,3.7,No,Next Day Air,No,No,28,Debit Card,Annually
2373,50,Male,Boots,Footwear,3315,Alabama,XL,Silver,Spring,3.1,No,Express,No,No,9,Google Pay,Fortnightly
2374,37,Male,Hoodie,Clothing,1700,Michigan,M,Gray,Spring,4.9,No,Express,No,No,21,Debit Card,Every 3 Months
2375,69,Male,Gloves,Accessories,6205,Washington,L,Peach,Winter,4.7,No,Standard,No,No,31,Debit Card,Monthly
2376,60,Male,Backpack,Accessories,5355,Kerala,L,Peach,Fall,2.9,No,Next Day Air,No,No,18,Credit Card,Quarterly
2377,21,Male,Gloves,Accessories,7990,Tennessee,XL,Cyan,Spring,4.1,No,Express,No,No,5,Cash,Weekly
2378,44,Male,Blouse,Clothing,7990,South Dakota,L,Magenta,Fall,4,No,Next Day Air,No,No,22,Cash,Annually
2379,26,Male,Scarf,Accessories,6035,New Hampshire,L,Teal,Summer,2.7,No,Store Pickup,No,No,37,Google Pay,Bi-Weekly
2380,40,Male,Hat,Accessories,6545,South Dakota,M,Peach,Spring,4,No,2-Day Shipping,No,No,22,Debit Card,Monthly
2381,41,Male,Scarf,Accessories,5610,Pennsylvania,M,Black,Fall,2.5,No,Next Day Air,No,No,36,Google Pay,Fortnightly
2382,62,Male,Sandals,Footwear,1955,Wisconsin,M,Teal,Summer,4.5,No,Free Shipping,No,No,23,Google Pay,Annually
2383,39,Male,Sweater,Clothing,5100,Andhra Pradesh,M,Turquoise,Spring,3.9,No,Express,No,No,44,Debit Card,Weekly
2384,53,Male,Backpack,Accessories,6120,Karnataka,L,Gold,Spring,4.9,No,2-Day Shipping,No,No,25,Net Banking,Annually
2385,24,Male,Blouse,Clothing,2975,Alabama,L,Green,Winter,3.3,No,2-Day Shipping,No,No,40,Google Pay,Quarterly
2386,41,Male,Scarf,Accessories,2635,Odisha,M,Brown,Fall,3.8,No,Express,No,No,12,Google Pay,Weekly
2387,19,Male,Socks,Clothing,2805,Bihar,L,Blue,Summer,2.9,No,Standard,No,No,14,PhonePe,Monthly
2388,36,Male,Hat,Accessories,8075,Tennessee,M,Gold,Summer,4,No,2-Day Shipping,No,No,14,Debit Card,Monthly
2389,21,Male,Dress,Clothing,5780,Alabama,M,Peach,Fall,4.1,No,Store Pickup,No,No,10,Debit Card,Annually
2390,25,Male,Coat,Outerwear,7395,Kansas,M,Violet,Spring,3.1,No,Store Pickup,No,No,17,Net Banking,Every 3 Months
2391,65,Male,Shirt,Clothing,5440,Arizona,XL,Yellow,Winter,4.6,No,Express,No,No,24,Debit Card,Fortnightly
2392,42,Male,Shirt,Clothing,6290,Michigan,M,Black,Winter,4.6,No,Next Day Air,No,No,31,Net Banking,Quarterly
2393,40,Male,Jeans,Clothing,5270,Haryana,L,Silver,Spring,2.6,No,2-Day Shipping,No,No,36,Cash,Annually
2394,58,Male,Socks,Clothing,8245,Punjab,M,Brown,Winter,5,No,2-Day Shipping,No,No,38,Google Pay,Every 3 Months
2395,40,Male,Sandals,Footwear,3995,Connecticut,L,Peach,Fall,2.9,No,2-Day Shipping,No,No,23,Debit Card,Fortnightly
2396,62,Male,Blouse,Clothing,7055,Connecticut,M,Cyan,Winter,3.5,No,2-Day Shipping,No,No,47,Google Pay,Bi-Weekly
2397,38,Male,Shirt,Clothing,6970,Tamil Nadu,M,Olive,Spring,3.7,No,2-Day Shipping,No,No,20,PhonePe,Weekly
2398,37,Male,Sunglasses,Accessories,2210,Kerala,L,Black,Fall,2.9,No,Store Pickup,No,No,41,PhonePe,Monthly
2399,65,Male,Jacket,Outerwear,6885,Tamil Nadu,M,Orange,Winter,4.3,No,Free Shipping,No,No,44,Net Banking,Fortnightly
2400,55,Male,Dress,Clothing,3740,New Hampshire,L,Beige,Spring,3.2,No,Store Pickup,No,No,31,Cash,Monthly
2401,43,Male,Sunglasses,Accessories,7480,Tamil Nadu,M,Peach,Winter,4.2,No,Next Day Air,No,No,11,Credit Card,Bi-Weekly
2402,43,Male,Boots,Footwear,6460,Tamil Nadu,M,Pink,Winter,4.2,No,Standard,No,No,25,Google Pay,Bi-Weekly
2403,45,Male,Scarf,Accessories,7565,Utah,M,Brown,Winter,3.8,No,Free Shipping,No,No,31,Cash,Weekly
2404,64,Male,Shorts,Clothing,1870,Haryana,M,Magenta,Fall,4.4,No,Standard,No,No,40,Debit Card,Weekly
2405,28,Male,Shorts,Clothing,2805,Kerala,L,Cyan,Winter,3.1,No,2-Day Shipping,No,No,23,Credit Card,Bi-Weekly
2406,69,Male,Jeans,Clothing,8245,Andhra Pradesh,XL,Silver,Fall,5,No,Standard,No,No,5,Debit Card,Quarterly
2407,54,Male,Scarf,Accessories,4845,Andhra Pradesh,M,Indigo,Winter,4.7,No,Standard,No,No,26,Google Pay,Weekly
2408,52,Male,Shorts,Clothing,3230,Bihar,M,Beige,Summer,3,No,Express,No,No,11,Credit Card,Bi-Weekly
2409,23,Male,Sneakers,Footwear,4675,Hawaii,XL,Black,Fall,4.2,No,Next Day Air,No,No,44,Debit Card,Every 3 Months
2410,26,Male,Jewelry,Accessories,3145,Washington,L,Yellow,Spring,3,No,Store Pickup,No,No,47,Cash,Every 3 Months
2411,48,Male,Shoes,Footwear,3655,Wisconsin,M,Maroon,Summer,3.7,No,Free Shipping,No,No,46,Google Pay,Monthly
2412,49,Male,Hoodie,Clothing,8160,Kerala,M,Cyan,Summer,2.7,No,Free Shipping,No,No,35,Cash,Every 3 Months
2413,53,Male,Jacket,Outerwear,4335,Tamil Nadu,M,Pink,Winter,4.3,No,2-Day Shipping,No,No,8,Net Banking,Bi-Weekly
2414,69,Male,Shorts,Clothing,8075,Pennsylvania,XL,Violet,Fall,2.7,No,2-Day Shipping,No,No,30,Net Banking,Weekly
2415,26,Male,Socks,Clothing,2210,Kerala,M,Lavender,Summer,3.7,No,Next Day Air,No,No,14,Credit Card,Bi-Weekly
2416,21,Male,Coat,Outerwear,2890,Hawaii,XL,Lavender,Fall,4.3,No,Standard,No,No,30,Net Banking,Weekly
2417,59,Male,Sandals,Footwear,7055,Nebraska,S,Black,Summer,4,No,Next Day Air,No,No,26,Credit Card,Every 3 Months
2418,21,Male,Backpack,Accessories,2040,Alaska,M,Olive,Fall,3.3,No,Standard,No,No,32,PhonePe,Fortnightly
2419,22,Male,Pants,Clothing,5865,Michigan,S,Indigo,Fall,4,No,Next Day Air,No,No,47,Cash,Every 3 Months
2420,26,Male,Sweater,Clothing,3400,North Carolina,M,Blue,Fall,2.7,No,Next Day Air,No,No,11,Credit Card,Every 3 Months
2421,41,Male,Jacket,Outerwear,7395,North Carolina,S,Green,Winter,4.2,No,Free Shipping,No,No,28,Google Pay,Annually
2422,37,Male,Sneakers,Footwear,3910,Minnesota,L,Pink,Spring,4.6,No,Standard,No,No,2,Debit Card,Every 3 Months
2423,30,Male,Jewelry,Accessories,6970,Georgia,M,Peach,Winter,4.8,No,Store Pickup,No,No,45,Credit Card,Weekly
2424,49,Male,Backpack,Accessories,6885,Kerala,M,Purple,Summer,2.8,No,Free Shipping,No,No,7,Credit Card,Every 3 Months
2425,49,Male,Jewelry,Accessories,4845,Gujarat,M,Peach,Winter,4.5,No,Next Day Air,No,No,28,Net Banking,Bi-Weekly
2426,58,Male,Shoes,Footwear,4165,North Dakota,S,Olive,Summer,3,No,2-Day Shipping,No,No,34,Net Banking,Quarterly
2427,70,Male,Jacket,Outerwear,3570,Tamil Nadu,M,Olive,Fall,4.6,No,Free Shipping,No,No,26,Debit Card,Every 3 Months
2428,27,Male,Jacket,Outerwear,2210,Tamil Nadu,M,Purple,Spring,3.3,No,Standard,No,No,45,Cash,Quarterly
2429,65,Male,T-shirt,Clothing,3230,Idaho,M,Violet,Spring,4.4,No,Next Day Air,No,No,34,Debit Card,Annually
2430,57,Male,Sneakers,Footwear,4845,Kerala,XL,Maroon,Summer,4.4,No,Standard,No,No,47,Credit Card,Fortnightly
2431,20,Male,Jacket,Outerwear,8500,North Dakota,XL,White,Summer,4.3,No,Express,No,No,42,Cash,Quarterly
2432,34,Male,Hoodie,Clothing,6205,Alabama,S,Olive,Fall,3.4,No,Express,No,No,27,Net Banking,Every 3 Months
2433,59,Male,Jacket,Outerwear,5610,Hawaii,M,Peach,Winter,2.8,No,Store Pickup,No,No,43,PhonePe,Monthly
2434,54,Male,T-shirt,Clothing,6205,Tamil Nadu,M,Blue,Spring,3.4,No,Standard,No,No,16,Cash,Bi-Weekly
2435,36,Male,Gloves,Accessories,3825,Utah,M,Brown,Spring,5,No,Store Pickup,No,No,40,Credit Card,Monthly
2436,21,Male,Sneakers,Footwear,2295,Hawaii,S,Black,Fall,4.5,No,Free Shipping,No,No,29,Cash,Bi-Weekly
2437,52,Male,T-shirt,Clothing,2040,Connecticut,M,Yellow,Fall,2.7,No,Store Pickup,No,No,38,Credit Card,Quarterly
2438,43,Male,Sneakers,Footwear,5015,Kerala,XL,Magenta,Winter,3.4,No,Store Pickup,No,No,34,Credit Card,Weekly
2439,32,Male,Jeans,Clothing,1700,Gujarat,S,Cyan,Winter,3.4,No,Express,No,No,30,PhonePe,Weekly
2440,55,Male,Handbag,Accessories,3740,Rajasthan,M,Maroon,Summer,2.8,No,Standard,No,No,45,Net Banking,Annually
2441,31,Male,Socks,Clothing,7650,Indiana,M,Red,Spring,4.7,No,Standard,No,No,47,Net Banking,Annually
2442,45,Male,Jewelry,Accessories,3060,Andhra Pradesh,M,Black,Fall,4.7,No,Free Shipping,No,No,5,Credit Card,Monthly
2443,53,Male,Blouse,Clothing,8075,Kerala,L,Violet,Winter,4.7,No,Free Shipping,No,No,50,Debit Card,Bi-Weekly
2444,24,Male,Backpack,Accessories,2550,South Dakota,M,Green,Spring,3.4,No,2-Day Shipping,No,No,24,Net Banking,Bi-Weekly
2445,47,Male,Scarf,Accessories,5525,Kerala,S,Gold,Fall,3.7,No,Express,No,No,15,Debit Card,Bi-Weekly
2446,63,Male,Scarf,Accessories,8160,Tennessee,M,Brown,Summer,4.1,No,Store Pickup,No,No,50,Cash,Weekly
2447,38,Male,Shirt,Clothing,5525,Alaska,L,Peach,Spring,2.9,No,2-Day Shipping,No,No,7,Credit Card,Monthly
2448,59,Male,Pants,Clothing,3995,South Dakota,L,Peach,Fall,3.2,No,Store Pickup,No,No,10,PhonePe,Fortnightly
2449,54,Male,Hat,Accessories,2125,Tennessee,S,Violet,Fall,3,No,Free Shipping,No,No,38,Google Pay,Bi-Weekly
2450,26,Male,Coat,Outerwear,4760,Alabama,S,Violet,Fall,4.1,No,Express,No,No,31,PhonePe,Fortnightly
2451,68,Male,T-shirt,Clothing,6460,North Carolina,M,Magenta,Fall,4.5,No,Standard,No,No,7,PhonePe,Quarterly
2452,41,Male,Socks,Clothing,5100,Odisha,M,Purple,Fall,3.4,No,Store Pickup,No,No,27,PhonePe,Monthly
2453,68,Male,Shirt,Clothing,5695,New York,L,Purple,Winter,4.1,No,Express,No,No,45,Net Banking,Every 3 Months
2454,21,Male,Sweater,Clothing,8075,Assam,XL,Cyan,Spring,4.6,No,Store Pickup,No,No,13,Cash,Annually
2455,32,Male,Gloves,Accessories,6120,Alaska,M,Magenta,Winter,4.6,No,Express,No,No,33,PhonePe,Annually
2456,20,Male,Belt,Accessories,8330,Alaska,L,Lavender,Spring,3.4,No,Express,No,No,25,Cash,Every 3 Months
2457,59,Male,Jeans,Clothing,7055,Nebraska,M,Green,Winter,3.3,No,2-Day Shipping,No,No,5,Google Pay,Monthly
2458,53,Male,Handbag,Accessories,3145,Gujarat,M,Maroon,Fall,3.6,No,2-Day Shipping,No,No,23,Cash,Quarterly
2459,66,Male,T-shirt,Clothing,7225,Telangana,L,Turquoise,Fall,4.6,No,Free Shipping,No,No,17,Net Banking,Weekly
2460,47,Male,Socks,Clothing,3060,Haryana,L,Violet,Fall,4.3,No,2-Day Shipping,No,No,14,Cash,Weekly
2461,58,Male,Jeans,Clothing,3060,Andhra Pradesh,S,Lavender,Winter,4,No,Store Pickup,No,No,28,Credit Card,Annually
2462,28,Male,Scarf,Accessories,7310,Pennsylvania,L,Red,Summer,4.8,No,Next Day Air,No,No,19,Credit Card,Weekly
2463,68,Male,Pants,Clothing,8415,Haryana,XL,Orange,Spring,4.3,No,Standard,No,No,31,Net Banking,Bi-Weekly
2464,60,Male,Blouse,Clothing,1785,Mississippi,XL,Indigo,Summer,3.3,No,Standard,No,No,25,Cash,Bi-Weekly
2465,47,Male,Jacket,Outerwear,7140,Hawaii,L,Teal,Winter,2.8,No,Express,No,No,4,Cash,Bi-Weekly
2466,18,Male,Sandals,Footwear,5355,Telangana,M,Brown,Spring,4.4,No,Free Shipping,No,No,20,Net Banking,Weekly
2467,32,Male,Shorts,Clothing,7140,South Dakota,S,Pink,Summer,3.7,No,Express,No,No,37,Cash,Annually
2468,27,Male,Shorts,Clothing,6120,New Jersey,M,Lavender,Spring,3.6,No,Express,No,No,28,Credit Card,Annually
2469,65,Male,Skirt,Clothing,1785,Connecticut,L,Cyan,Winter,3.7,No,2-Day Shipping,No,No,6,PhonePe,Weekly
2470,68,Male,Sandals,Footwear,7820,Maryland,M,Yellow,Fall,5,No,Standard,No,No,27,Google Pay,Annually
2471,55,Male,Blouse,Clothing,6120,Arizona,XL,Pink,Fall,2.7,No,Next Day Air,No,No,29,Credit Card,Fortnightly
2472,30,Male,Sandals,Footwear,7055,Odisha,M,Gray,Spring,4.3,No,Store Pickup,No,No,1,Cash,Annually
2473,24,Male,Shirt,Clothing,6205,Utah,M,Peach,Summer,4.1,No,Standard,No,No,31,Credit Card,Annually
2474,57,Male,Socks,Clothing,8330,Rajasthan,M,Red,Winter,2.6,No,Next Day Air,No,No,28,Cash,Quarterly
2475,23,Male,T-shirt,Clothing,6460,North Carolina,M,Olive,Fall,3.2,No,Store Pickup,No,No,19,Net Banking,Quarterly
2476,69,Male,Dress,Clothing,3655,Andhra Pradesh,S,Lavender,Summer,3.5,No,Next Day Air,No,No,36,PhonePe,Monthly
2477,60,Male,Hat,Accessories,5100,Colorado,M,Turquoise,Summer,3.7,No,Next Day Air,No,No,28,Cash,Monthly
2478,25,Male,Gloves,Accessories,3400,Andhra Pradesh,L,Turquoise,Spring,3.8,No,2-Day Shipping,No,No,29,Google Pay,Weekly
2479,18,Male,Socks,Clothing,7905,Vermont,S,Maroon,Winter,4.8,No,2-Day Shipping,No,No,9,Net Banking,Every 3 Months
2480,37,Male,Dress,Clothing,8330,Kansas,S,Olive,Fall,4.2,No,Standard,No,No,26,Credit Card,Every 3 Months
2481,61,Male,Socks,Clothing,7735,Ohio,XL,Maroon,Summer,2.9,No,Next Day Air,No,No,7,Credit Card,Fortnightly
2482,41,Male,Belt,Accessories,7820,New Jersey,XL,Cyan,Fall,2.9,No,Free Shipping,No,No,35,Debit Card,Weekly
2483,69,Male,Handbag,Accessories,7395,Arizona,S,Peach,Winter,4.8,No,Next Day Air,No,No,46,Credit Card,Every 3 Months
2484,32,Male,Skirt,Clothing,8160,Arizona,S,Teal,Fall,2.9,No,Standard,No,No,8,Debit Card,Monthly
2485,60,Male,Hoodie,Clothing,8245,New Hampshire,M,Green,Summer,4.8,No,2-Day Shipping,No,No,50,Cash,Every 3 Months
2486,43,Male,Blouse,Clothing,4675,Punjab,M,Beige,Spring,4.6,No,2-Day Shipping,No,No,37,Net Banking,Annually
2487,61,Male,Jeans,Clothing,4930,Telangana,L,Magenta,Spring,4.4,No,Store Pickup,No,No,6,Credit Card,Fortnightly
2488,57,Male,Boots,Footwear,1785,Maharastra,L,Violet,Spring,3,No,Next Day Air,No,No,16,Google Pay,Bi-Weekly
2489,56,Male,Handbag,Accessories,6970,New Hampshire,XL,Charcoal,Summer,4.4,No,Express,No,No,30,Google Pay,Monthly
2490,66,Male,Coat,Outerwear,2890,South Dakota,M,Green,Winter,3.9,No,Express,No,No,50,PhonePe,Quarterly
2491,52,Male,Blouse,Clothing,6630,Maharastra,M,Gray,Spring,4,No,Free Shipping,No,No,5,Cash,Every 3 Months
2492,63,Male,Handbag,Accessories,3995,North Carolina,M,Magenta,Spring,2.5,No,Express,No,No,15,Net Banking,Monthly
2493,50,Male,Sunglasses,Accessories,8160,South Dakota,S,Silver,Summer,4.1,No,Next Day Air,No,No,34,Net Banking,Bi-Weekly
2494,21,Male,Socks,Clothing,1955,Andhra Pradesh,S,Beige,Fall,4.8,No,2-Day Shipping,No,No,6,PhonePe,Every 3 Months
2495,42,Male,Shoes,Footwear,2295,Odisha,S,Peach,Winter,2.6,No,Store Pickup,No,No,26,Debit Card,Annually
2496,40,Male,Backpack,Accessories,3145,Nebraska,XL,Orange,Spring,3.1,No,Free Shipping,No,No,34,Credit Card,Every 3 Months
2497,67,Male,Scarf,Accessories,6715,Bihar,S,Yellow,Summer,3.2,No,Store Pickup,No,No,37,Credit Card,Weekly
2498,35,Male,Backpack,Accessories,3400,Colorado,M,Violet,Summer,4.2,No,Standard,No,No,28,Net Banking,Annually
2499,18,Male,Coat,Outerwear,3315,Telangana,S,Green,Fall,2.6,No,Next Day Air,No,No,38,Cash,Fortnightly
2500,52,Male,Hoodie,Clothing,6205,Punjab,L,Pink,Summer,3.1,No,Next Day Air,No,No,2,Cash,Quarterly
2501,59,Male,Gloves,Accessories,7140,Telangana,M,Violet,Fall,2.9,No,Store Pickup,No,No,32,Cash,Bi-Weekly
2502,49,Male,Shorts,Clothing,7990,Kerala,M,Violet,Fall,4.6,No,Free Shipping,No,No,30,PhonePe,Bi-Weekly
2503,46,Male,Skirt,Clothing,3995,Idaho,L,Pink,Spring,4.1,No,Standard,No,No,17,Google Pay,Every 3 Months
2504,69,Male,Boots,Footwear,6545,Ohio,M,Violet,Summer,2.5,No,Store Pickup,No,No,5,Debit Card,Bi-Weekly
2505,56,Male,Shorts,Clothing,7990,Karnataka,M,Turquoise,Winter,4,No,Store Pickup,No,No,31,Cash,Bi-Weekly
2506,27,Male,Handbag,Accessories,6375,Bihar,M,Cyan,Summer,3.5,No,Express,No,No,43,Google Pay,Quarterly
2507,57,Male,Dress,Clothing,6970,New York,XL,Orange,Spring,4.4,No,Free Shipping,No,No,19,PhonePe,Annually
2508,58,Male,Shoes,Footwear,3060,Punjab,M,Cyan,Fall,2.9,No,Store Pickup,No,No,32,Credit Card,Every 3 Months
2509,23,Male,Sneakers,Footwear,7650,Andhra Pradesh,XL,Indigo,Spring,3.1,No,2-Day Shipping,No,No,5,Debit Card,Bi-Weekly
2510,19,Male,Socks,Clothing,4080,Washington,M,Black,Spring,4.4,No,Free Shipping,No,No,9,Net Banking,Quarterly
2511,40,Male,Jacket,Outerwear,3570,South Dakota,L,Purple,Winter,4.4,No,Standard,No,No,48,Credit Card,Weekly
2512,54,Male,Backpack,Accessories,2805,Idaho,M,Cyan,Summer,2.7,No,Store Pickup,No,No,1,Google Pay,Quarterly
2513,50,Male,Socks,Clothing,5355,North Dakota,M,Green,Summer,4.9,No,Free Shipping,No,No,20,Credit Card,Monthly
2514,69,Male,Handbag,Accessories,4505,Washington,L,Teal,Winter,3.5,No,2-Day Shipping,No,No,42,Cash,Annually
2515,42,Male,Hat,Accessories,3145,Alaska,L,Teal,Spring,4.8,No,Free Shipping,No,No,45,Google Pay,Bi-Weekly
2516,37,Male,Blouse,Clothing,7820,Kansas,M,Magenta,Summer,4.2,No,2-Day Shipping,No,No,41,Cash,Monthly
2517,46,Male,Shorts,Clothing,6205,Utah,XL,Brown,Spring,4.6,No,Standard,No,No,36,Debit Card,Quarterly
2518,64,Male,Shirt,Clothing,3230,Kerala,L,Orange,Spring,2.9,No,Standard,No,No,10,PhonePe,Annually
2519,20,Male,Boots,Footwear,4335,Andhra Pradesh,XL,Blue,Fall,4,No,Store Pickup,No,No,31,PhonePe,Annually
2520,40,Male,Jacket,Outerwear,7650,Michigan,L,Magenta,Spring,4.9,No,Standard,No,No,21,Credit Card,Quarterly
2521,64,Male,Jacket,Outerwear,4760,Bihar,L,Magenta,Summer,3.1,No,Next Day Air,No,No,16,Cash,Every 3 Months
2522,29,Male,Handbag,Accessories,2805,Minnesota,M,Magenta,Fall,4.4,No,Standard,No,No,18,Google Pay,Every 3 Months
2523,20,Male,Belt,Accessories,4505,Telangana,S,Olive,Winter,2.5,No,2-Day Shipping,No,No,20,Debit Card,Weekly
2524,43,Male,Handbag,Accessories,2040,New Jersey,S,Cyan,Spring,3.4,No,Express,No,No,21,Net Banking,Annually
2525,60,Male,Coat,Outerwear,5015,Kansas,M,Purple,Spring,3.7,No,Express,No,No,23,Credit Card,Quarterly
2526,39,Male,Sweater,Clothing,6120,Karnataka,M,Purple,Winter,4.2,No,Standard,No,No,20,Google Pay,Weekly
2527,47,Male,Shorts,Clothing,2380,Karnataka,S,Peach,Spring,3.4,No,Express,No,No,30,Google Pay,Bi-Weekly
2528,19,Male,Pants,Clothing,3060,Bihar,M,Gold,Fall,3.6,No,Express,No,No,33,Net Banking,Every 3 Months
2529,52,Male,Jewelry,Accessories,3995,Alabama,S,Peach,Fall,4.7,No,2-Day Shipping,No,No,31,Debit Card,Monthly
2530,34,Male,Gloves,Accessories,5270,Tennessee,M,Magenta,Spring,4.7,No,Next Day Air,No,No,48,Net Banking,Monthly
2531,25,Male,Skirt,Clothing,8330,Telangana,S,Cyan,Spring,3.6,No,Free Shipping,No,No,28,Debit Card,Weekly
2532,43,Male,Sandals,Footwear,2380,Telangana,M,Violet,Summer,4.6,No,Free Shipping,No,No,7,Cash,Every 3 Months
2533,55,Male,Socks,Clothing,7310,Nebraska,S,Charcoal,Summer,2.6,No,Next Day Air,No,No,4,Debit Card,Weekly
2534,66,Male,Jewelry,Accessories,3910,Pennsylvania,S,Blue,Summer,3.1,No,Standard,No,No,49,Cash,Bi-Weekly
2535,41,Male,Sunglasses,Accessories,3570,Kerala,XL,Red,Fall,3.2,No,Free Shipping,No,No,22,Cash,Weekly
2536,47,Male,Coat,Outerwear,6800,Vermont,S,Purple,Winter,3.9,No,Express,No,No,39,Net Banking,Fortnightly
2537,51,Male,Belt,Accessories,3315,Odisha,L,Gray,Spring,4.9,No,Express,No,No,45,Google Pay,Every 3 Months
2538,44,Male,Coat,Outerwear,4165,Andhra Pradesh,M,Purple,Summer,4.1,No,2-Day Shipping,No,No,30,Google Pay,Fortnightly
2539,18,Male,Scarf,Accessories,2720,New Jersey,M,Silver,Summer,4.2,No,Next Day Air,No,No,33,Credit Card,Bi-Weekly
2540,33,Male,Sandals,Footwear,6205,Telangana,M,Purple,Fall,4.1,No,Next Day Air,No,No,24,Cash,Bi-Weekly
2541,24,Male,Belt,Accessories,3570,New Jersey,M,Charcoal,Summer,3.9,No,Free Shipping,No,No,11,Debit Card,Quarterly
2542,33,Male,Scarf,Accessories,4930,Washington,M,Silver,Spring,2.7,No,Next Day Air,No,No,13,PhonePe,Every 3 Months
2543,61,Male,Jewelry,Accessories,1870,Rajasthan,M,White,Winter,3.7,No,Express,No,No,27,Google Pay,Annually
2544,27,Male,Scarf,Accessories,4760,Kerala,L,Peach,Spring,2.7,No,Next Day Air,No,No,30,Google Pay,Bi-Weekly
2545,46,Male,Pants,Clothing,5950,Gujarat,M,Red,Spring,2.5,No,Next Day Air,No,No,39,PhonePe,Quarterly
2546,38,Male,Shoes,Footwear,4250,Telangana,L,Olive,Spring,3.9,No,Free Shipping,No,No,10,Debit Card,Annually
2547,63,Male,Boots,Footwear,1785,Telangana,L,Gray,Summer,3,No,Express,No,No,4,Credit Card,Quarterly
2548,47,Male,Jacket,Outerwear,8245,Mississippi,M,Beige,Summer,3.2,No,2-Day Shipping,No,No,16,Cash,Weekly
2549,42,Male,Backpack,Accessories,5355,Telangana,L,Pink,Winter,3.8,No,Standard,No,No,34,Credit Card,Monthly
2550,41,Male,Jacket,Outerwear,5100,Kerala,M,Red,Fall,2.7,No,Standard,No,No,11,Debit Card,Every 3 Months
2551,53,Male,Boots,Footwear,4420,New Hampshire,XL,Peach,Fall,3,No,Store Pickup,No,No,30,Debit Card,Fortnightly
2552,29,Male,Shoes,Footwear,2720,Minnesota,M,Maroon,Winter,4.1,No,Next Day Air,No,No,40,Debit Card,Annually
2553,61,Male,Belt,Accessories,4080,Maryland,XL,Purple,Spring,3.2,No,2-Day Shipping,No,No,13,Credit Card,Annually
2554,69,Male,Jewelry,Accessories,2125,Vermont,M,Maroon,Summer,4.5,No,Store Pickup,No,No,28,PhonePe,Every 3 Months
2555,51,Male,Jewelry,Accessories,5780,Kansas,M,Gray,Summer,4.3,No,Store Pickup,No,No,49,Debit Card,Bi-Weekly
2556,24,Male,Pants,Clothing,6290,Idaho,M,Gray,Fall,3.5,No,Standard,No,No,23,Credit Card,Weekly
2557,24,Male,T-shirt,Clothing,7480,Maharastra,XL,Magenta,Fall,3.1,No,Standard,No,No,4,Net Banking,Quarterly
2558,70,Male,Shorts,Clothing,1955,Odisha,L,Cyan,Spring,3.9,No,Standard,No,No,17,Google Pay,Fortnightly
2559,49,Male,Hoodie,Clothing,2720,Andhra Pradesh,M,Silver,Fall,2.7,No,Express,No,No,24,Google Pay,Fortnightly
2560,48,Male,Belt,Accessories,6035,Mississippi,S,Green,Winter,4,No,Free Shipping,No,No,21,Debit Card,Every 3 Months
2561,58,Male,Boots,Footwear,5270,Andhra Pradesh,M,Violet,Spring,2.7,No,Next Day Air,No,No,17,Debit Card,Bi-Weekly
2562,32,Male,Hoodie,Clothing,1700,New York,L,Magenta,Spring,2.7,No,Free Shipping,No,No,22,Debit Card,Quarterly
2563,57,Male,Shorts,Clothing,5270,Arizona,XL,Yellow,Spring,4.7,No,Standard,No,No,27,Cash,Fortnightly
2564,69,Male,Backpack,Accessories,6885,Telangana,XL,Gray,Winter,4.5,No,Standard,No,No,1,PhonePe,Every 3 Months
2565,42,Male,Scarf,Accessories,7650,Karnataka,L,Indigo,Winter,3,No,2-Day Shipping,No,No,27,Net Banking,Weekly
2566,30,Male,Socks,Clothing,3655,Vermont,S,Indigo,Fall,3.6,No,Store Pickup,No,No,8,PhonePe,Quarterly
2567,35,Male,Handbag,Accessories,3230,Haryana,S,Yellow,Fall,3.3,No,Standard,No,No,43,Google Pay,Quarterly
2568,19,Male,Sunglasses,Accessories,2125,Michigan,XL,Gold,Spring,4.3,No,Store Pickup,No,No,24,Cash,Fortnightly
2569,52,Male,T-shirt,Clothing,8330,Telangana,XL,Green,Winter,4.3,No,Express,No,No,29,Google Pay,Fortnightly
2570,42,Male,Dress,Clothing,6375,New York,M,Charcoal,Spring,4.8,No,Free Shipping,No,No,10,Net Banking,Bi-Weekly
2571,36,Male,Sneakers,Footwear,2295,New Mexico,XL,Olive,Spring,4,No,Store Pickup,No,No,12,Google Pay,Fortnightly
2572,45,Male,Sunglasses,Accessories,2295,Mississippi,L,Black,Winter,3.5,No,Standard,No,No,48,Cash,Fortnightly
2573,54,Male,Blouse,Clothing,3570,Washington,M,Silver,Fall,3.9,No,Next Day Air,No,No,40,Net Banking,Quarterly
2574,54,Male,T-shirt,Clothing,7650,New Mexico,M,Red,Summer,4.4,No,Store Pickup,No,No,1,Net Banking,Annually
2575,27,Male,Hat,Accessories,5355,Tamil Nadu,M,Brown,Summer,4.6,No,2-Day Shipping,No,No,26,Credit Card,Fortnightly
2576,53,Male,Shorts,Clothing,8160,Minnesota,M,Silver,Fall,4,No,Express,No,No,9,Google Pay,Annually
2577,20,Male,Hoodie,Clothing,3400,New Hampshire,M,Silver,Winter,4.2,No,Free Shipping,No,No,19,Debit Card,Quarterly
2578,52,Male,Socks,Clothing,3315,Minnesota,L,Black,Fall,4.5,No,Next Day Air,No,No,37,Net Banking,Monthly
2579,54,Male,Sunglasses,Accessories,4080,Vermont,M,Purple,Fall,3.9,No,Free Shipping,No,No,3,Cash,Quarterly
2580,65,Male,Blouse,Clothing,1700,Minnesota,M,Purple,Summer,3.7,No,Express,No,No,40,PhonePe,Weekly
2581,43,Male,Jeans,Clothing,2465,Telangana,S,Turquoise,Summer,3.6,No,Store Pickup,No,No,13,Net Banking,Quarterly
2582,57,Male,Dress,Clothing,6885,Kerala,M,Gold,Winter,4.7,No,Express,No,No,48,Credit Card,Monthly
2583,19,Male,Dress,Clothing,8330,South Dakota,S,Indigo,Fall,3.6,No,2-Day Shipping,No,No,4,PhonePe,Every 3 Months
2584,69,Male,Jeans,Clothing,7905,Odisha,M,Lavender,Fall,2.5,No,Next Day Air,No,No,9,Cash,Weekly
2585,26,Male,Socks,Clothing,2550,Tamil Nadu,L,Blue,Summer,2.9,No,Store Pickup,No,No,26,Net Banking,Bi-Weekly
2586,57,Male,Sunglasses,Accessories,3145,Wisconsin,L,Maroon,Fall,4.4,No,Free Shipping,No,No,19,Debit Card,Weekly
2587,20,Male,Coat,Outerwear,2380,Andhra Pradesh,L,Yellow,Winter,4.6,No,Express,No,No,1,Credit Card,Every 3 Months
2588,55,Male,Scarf,Accessories,2465,Connecticut,M,Purple,Winter,3.7,No,Express,No,No,29,Google Pay,Every 3 Months
2589,44,Male,Backpack,Accessories,4165,Gujarat,M,Peach,Summer,3.2,No,Free Shipping,No,No,38,PhonePe,Bi-Weekly
2590,52,Male,Pants,Clothing,4505,North Dakota,M,Silver,Winter,4.9,No,2-Day Shipping,No,No,31,Google Pay,Annually
2591,57,Male,Gloves,Accessories,5610,Andhra Pradesh,M,Turquoise,Summer,5,No,Free Shipping,No,No,35,PhonePe,Annually
2592,40,Male,Jacket,Outerwear,5185,New Mexico,S,Olive,Spring,3.3,No,Express,No,No,40,Cash,Quarterly
2593,23,Male,Shorts,Clothing,1955,Assam,XL,Peach,Summer,4.4,No,Store Pickup,No,No,13,PhonePe,Quarterly
2594,36,Male,Pants,Clothing,3060,Colorado,S,Indigo,Fall,4.7,No,Store Pickup,No,No,9,Net Banking,Every 3 Months
2595,59,Male,Skirt,Clothing,6885,Maharastra,L,Indigo,Fall,3.6,No,Free Shipping,No,No,25,Cash,Every 3 Months
2596,29,Male,Blouse,Clothing,4760,Assam,XL,Maroon,Summer,3.2,No,Free Shipping,No,No,3,Net Banking,Bi-Weekly
2597,63,Male,Shirt,Clothing,6630,Punjab,L,Black,Spring,3,No,Next Day Air,No,No,35,Credit Card,Monthly
2598,60,Male,Jewelry,Accessories,2125,Alabama,XL,Teal,Summer,4.4,No,Store Pickup,No,No,13,PhonePe,Bi-Weekly
2599,64,Male,Backpack,Accessories,7310,West Bengal,XL,Olive,Fall,3.3,No,Express,No,No,31,Debit Card,Annually
2600,63,Male,Jewelry,Accessories,8415,Vermont,M,Gold,Winter,3.4,No,Express,No,No,48,Credit Card,Monthly
2601,21,Male,Belt,Accessories,7055,New York,M,Gray,Fall,3.9,No,Express,No,No,6,Net Banking,Bi-Weekly
2602,61,Male,Dress,Clothing,2805,Mississippi,L,Orange,Winter,2.9,No,Store Pickup,No,No,43,Cash,Monthly
2603,65,Male,Coat,Outerwear,3740,South Carolina,M,Black,Fall,2.9,No,Free Shipping,No,No,1,PhonePe,Quarterly
2604,69,Male,Dress,Clothing,4930,Washington,M,Teal,Spring,2.7,No,2-Day Shipping,No,No,8,Cash,Annually
2605,47,Male,Sweater,Clothing,4590,Colorado,M,Beige,Spring,3.4,No,Store Pickup,No,No,6,Debit Card,Weekly
2606,41,Male,Hoodie,Clothing,7905,West Bengal,M,White,Spring,3.7,No,2-Day Shipping,No,No,32,PhonePe,Fortnightly
2607,68,Male,Shoes,Footwear,8330,West Bengal,L,Turquoise,Spring,4.7,No,Standard,No,No,46,Net Banking,Bi-Weekly
2608,41,Male,Shoes,Footwear,3060,Odisha,XL,Teal,Spring,3.1,No,Express,No,No,38,Google Pay,Every 3 Months
2609,42,Male,Jacket,Outerwear,5780,Mississippi,L,Orange,Fall,4.2,No,2-Day Shipping,No,No,48,Credit Card,Fortnightly
2610,66,Male,Backpack,Accessories,8075,Rajasthan,M,Black,Summer,3,No,Store Pickup,No,No,18,Debit Card,Bi-Weekly
2611,66,Male,Jeans,Clothing,7905,Kerala,M,Violet,Spring,3.1,No,Express,No,No,25,Cash,Quarterly
2612,33,Male,Jacket,Outerwear,8415,Michigan,L,Maroon,Fall,4.2,No,2-Day Shipping,No,No,4,Cash,Fortnightly
2613,55,Male,Sunglasses,Accessories,1870,Punjab,M,Turquoise,Winter,3.8,No,Next Day Air,No,No,27,PhonePe,Quarterly
2614,58,Male,Gloves,Accessories,7480,South Dakota,M,Gold,Fall,2.9,No,Express,No,No,14,Net Banking,Monthly
2615,18,Male,Jacket,Outerwear,5525,North Dakota,M,Turquoise,Spring,4.2,No,Express,No,No,36,Net Banking,Fortnightly
2616,49,Male,T-shirt,Clothing,5270,Arizona,M,Maroon,Fall,3.1,No,2-Day Shipping,No,No,6,Debit Card,Quarterly
2617,61,Male,Sandals,Footwear,4675,Georgia,XL,Purple,Spring,3.6,No,Express,No,No,46,Cash,Annually
2618,31,Male,Shorts,Clothing,8245,Idaho,S,Maroon,Spring,4.8,No,Standard,No,No,29,Net Banking,Annually
2619,70,Male,Handbag,Accessories,6545,Punjab,L,Brown,Fall,4.1,No,Express,No,No,12,PhonePe,Monthly
2620,68,Male,Pants,Clothing,3400,Connecticut,L,Indigo,Winter,3.9,No,Free Shipping,No,No,47,Credit Card,Weekly
2621,27,Male,Blouse,Clothing,1955,Ohio,S,Lavender,Winter,3,No,Standard,No,No,28,Debit Card,Annually
2622,48,Male,Shoes,Footwear,3910,Andhra Pradesh,M,Beige,Winter,3,No,Express,No,No,21,Net Banking,Annually
2623,63,Male,Backpack,Accessories,6375,New Hampshire,M,Yellow,Spring,4.9,No,2-Day Shipping,No,No,15,Credit Card,Annually
2624,49,Male,Shoes,Footwear,6460,Telangana,M,Gold,Fall,4.8,No,Next Day Air,No,No,38,Cash,Annually
2625,19,Male,Dress,Clothing,5015,South Dakota,M,Indigo,Summer,3.3,No,Standard,No,No,19,Credit Card,Annually
2626,30,Male,Skirt,Clothing,4335,Colorado,L,Cyan,Summer,2.7,No,Standard,No,No,31,Credit Card,Weekly
2627,50,Male,Jacket,Outerwear,3910,Karnataka,XL,Silver,Fall,4.2,No,Express,No,No,30,Credit Card,Every 3 Months
2628,66,Male,Shirt,Clothing,2210,Haryana,L,Silver,Fall,3.6,No,Next Day Air,No,No,40,Net Banking,Quarterly
2629,25,Male,Hoodie,Clothing,4335,Kerala,M,Silver,Summer,3.8,No,Next Day Air,No,No,42,Credit Card,Bi-Weekly
2630,61,Male,Scarf,Accessories,3740,New Hampshire,M,Peach,Winter,3.8,No,Free Shipping,No,No,25,PhonePe,Annually
2631,29,Male,Skirt,Clothing,6970,Andhra Pradesh,S,Pink,Spring,4.2,No,Free Shipping,No,No,20,Cash,Quarterly
2632,53,Male,Skirt,Clothing,3740,Connecticut,S,Violet,Summer,2.7,No,Express,No,No,3,Cash,Weekly
2633,24,Male,Scarf,Accessories,2295,Alaska,M,Black,Fall,5,No,Next Day Air,No,No,14,Cash,Annually
2634,51,Male,Sunglasses,Accessories,7650,Alaska,M,Purple,Fall,4.7,No,Next Day Air,No,No,32,Credit Card,Fortnightly
2635,26,Male,Sandals,Footwear,4930,North Carolina,S,Black,Summer,3.2,No,Store Pickup,No,No,20,Google Pay,Every 3 Months
2636,59,Male,Hoodie,Clothing,6800,Colorado,XL,Peach,Spring,2.9,No,2-Day Shipping,No,No,34,Google Pay,Fortnightly
2637,41,Male,Jacket,Outerwear,3400,Utah,S,Magenta,Winter,4.2,No,Store Pickup,No,No,6,PhonePe,Annually
2638,20,Male,Pants,Clothing,1955,Alabama,M,Magenta,Spring,3.7,No,Store Pickup,No,No,2,Google Pay,Annually
2639,22,Male,Shirt,Clothing,2890,Hawaii,S,Black,Spring,4.2,No,Store Pickup,No,No,35,Credit Card,Annually
2640,18,Male,Blouse,Clothing,2975,New Hampshire,XL,Pink,Winter,2.6,No,Free Shipping,No,No,33,Debit Card,Quarterly
2641,30,Male,Skirt,Clothing,6375,Indiana,L,Olive,Summer,4,No,Store Pickup,No,No,45,PhonePe,Bi-Weekly
2642,25,Male,Sunglasses,Accessories,5100,Vermont,XL,Olive,Winter,2.7,No,Next Day Air,No,No,20,Net Banking,Every 3 Months
2643,39,Male,Belt,Accessories,7395,Assam,L,Peach,Summer,4,No,Store Pickup,No,No,48,Net Banking,Annually
2644,49,Male,Gloves,Accessories,3485,Maryland,S,Silver,Spring,2.9,No,Next Day Air,No,No,37,Cash,Monthly
2645,25,Male,Pants,Clothing,7055,New Mexico,M,Turquoise,Spring,3.3,No,Standard,No,No,4,Net Banking,Every 3 Months
2646,23,Male,Scarf,Accessories,6885,Punjab,L,Olive,Spring,4,No,Store Pickup,No,No,24,Net Banking,Bi-Weekly
2647,33,Male,T-shirt,Clothing,4760,New Mexico,S,Lavender,Summer,3.9,No,Next Day Air,No,No,4,Debit Card,Every 3 Months
2648,60,Male,Shoes,Footwear,4930,South Carolina,M,Red,Summer,3.3,No,2-Day Shipping,No,No,25,Debit Card,Annually
2649,51,Male,Pants,Clothing,7140,Bihar,M,Gray,Spring,3.9,No,Next Day Air,No,No,14,Google Pay,Bi-Weekly
2650,23,Male,Gloves,Accessories,1785,Minnesota,M,Magenta,Fall,3.9,No,Store Pickup,No,No,14,Net Banking,Fortnightly
2651,20,Male,Socks,Clothing,2975,Tamil Nadu,L,Maroon,Summer,4.2,No,Standard,No,No,46,Credit Card,Every 3 Months
2652,51,Male,Sneakers,Footwear,3655,Tennessee,M,Cyan,Summer,4.6,No,Store Pickup,No,No,27,Google Pay,Quarterly
2653,23,Female,Shorts,Clothing,1700,Maryland,L,Cyan,Summer,3.3,No,2-Day Shipping,No,No,46,Credit Card,Monthly
2654,67,Female,Blouse,Clothing,3060,Wisconsin,L,Lavender,Fall,4.8,No,Express,No,No,24,PhonePe,Every 3 Months
2655,23,Female,Coat,Outerwear,5950,Idaho,S,Pink,Fall,4.1,No,Next Day Air,No,No,4,Google Pay,Annually
2656,26,Female,Sunglasses,Accessories,7055,Kerala,M,Gray,Summer,3.4,No,Standard,No,No,2,Credit Card,Fortnightly
2657,52,Female,Shorts,Clothing,6460,Indiana,L,Yellow,Winter,3.6,No,Express,No,No,29,Net Banking,Fortnightly
2658,52,Female,Dress,Clothing,6885,Telangana,M,Pink,Summer,2.7,No,Express,No,No,7,Credit Card,Fortnightly
2659,52,Female,Handbag,Accessories,3995,Ohio,XL,Indigo,Summer,3.2,No,Next Day Air,No,No,39,Google Pay,Monthly
2660,35,Female,Boots,Footwear,2975,Kansas,L,Gray,Summer,4.4,No,2-Day Shipping,No,No,46,Credit Card,Fortnightly
2661,24,Female,Pants,Clothing,7225,South Carolina,L,Yellow,Spring,4.9,No,Express,No,No,44,PhonePe,Annually
2662,43,Female,Boots,Footwear,8160,Michigan,XL,Olive,Fall,4.8,No,Express,No,No,20,Net Banking,Annually
2663,25,Female,Skirt,Clothing,8330,Nebraska,M,Cyan,Summer,2.8,No,2-Day Shipping,No,No,44,Google Pay,Fortnightly
2664,46,Female,Sneakers,Footwear,4420,Wisconsin,L,Silver,Fall,2.9,No,Free Shipping,No,No,23,Net Banking,Annually
2665,22,Female,Jewelry,Accessories,7140,Bihar,L,Silver,Winter,3.2,No,Store Pickup,No,No,37,Google Pay,Weekly
2666,70,Female,T-shirt,Clothing,6035,Punjab,L,Red,Winter,3.5,No,Store Pickup,No,No,4,PhonePe,Weekly
2667,49,Female,Sandals,Footwear,8075,Ohio,S,Brown,Winter,4.1,No,Store Pickup,No,No,14,PhonePe,Fortnightly
2668,48,Female,Boots,Footwear,3995,Maryland,M,Orange,Summer,4.1,No,Free Shipping,No,No,31,Cash,Fortnightly
2669,59,Female,Coat,Outerwear,6375,Telangana,M,Black,Summer,4.8,No,Next Day Air,No,No,9,Google Pay,Quarterly
2670,39,Female,Belt,Accessories,2380,Bihar,L,Teal,Spring,2.8,No,Free Shipping,No,No,31,Credit Card,Weekly
2671,30,Female,Sunglasses,Accessories,3740,Pennsylvania,M,Yellow,Fall,4.7,No,Express,No,No,26,Net Banking,Bi-Weekly
2672,37,Female,Sandals,Footwear,5440,Alabama,XL,Gray,Winter,4.8,No,2-Day Shipping,No,No,41,Google Pay,Every 3 Months
2673,56,Female,Boots,Footwear,2380,Kerala,M,Maroon,Spring,2.9,No,Standard,No,No,13,Cash,Annually
2674,67,Female,Hoodie,Clothing,1785,West Bengal,M,Olive,Summer,2.6,No,2-Day Shipping,No,No,4,Cash,Monthly
2675,40,Female,Hat,Accessories,3485,Tamil Nadu,S,Charcoal,Fall,3.3,No,Express,No,No,15,Cash,Every 3 Months
2676,24,Female,Shorts,Clothing,3230,Kerala,M,Peach,Winter,3.4,No,Free Shipping,No,No,38,Cash,Bi-Weekly
2677,43,Female,Backpack,Accessories,6545,Karnataka,M,Maroon,Spring,3.6,No,Free Shipping,No,No,3,Cash,Fortnightly
2678,45,Female,Shorts,Clothing,3655,Connecticut,L,Olive,Spring,3.8,No,Next Day Air,No,No,6,Google Pay,Every 3 Months
2679,33,Female,Belt,Accessories,7735,Maharastra,M,Magenta,Spring,3.4,No,2-Day Shipping,No,No,34,Credit Card,Bi-Weekly
2680,53,Female,Shorts,Clothing,5780,Maharastra,S,Yellow,Spring,3.8,No,Express,No,No,7,Debit Card,Quarterly
2681,44,Female,Socks,Clothing,3145,Nebraska,L,Indigo,Fall,3.3,No,Next Day Air,No,No,21,PhonePe,Annually
2682,23,Female,Shoes,Footwear,1955,Telangana,L,Olive,Summer,4.8,No,Standard,No,No,17,Debit Card,Monthly
2683,59,Female,Sneakers,Footwear,5525,North Carolina,L,Maroon,Winter,3.9,No,2-Day Shipping,No,No,5,PhonePe,Every 3 Months
2684,68,Female,Backpack,Accessories,2550,Maharastra,M,Indigo,Summer,4.2,No,Next Day Air,No,No,21,Cash,Fortnightly
2685,46,Female,Dress,Clothing,3825,Washington,M,Gray,Summer,4.7,No,Free Shipping,No,No,42,Credit Card,Bi-Weekly
2686,56,Female,Boots,Footwear,2125,Kerala,M,Gray,Winter,2.7,No,Express,No,No,49,Credit Card,Quarterly
2687,40,Female,Socks,Clothing,6120,Georgia,M,Black,Winter,3.8,No,2-Day Shipping,No,No,33,Cash,Fortnightly
2688,61,Female,Dress,Clothing,6375,Gujarat,M,White,Fall,3.6,No,2-Day Shipping,No,No,12,Debit Card,Bi-Weekly
2689,53,Female,Handbag,Accessories,5355,Kerala,XL,Turquoise,Spring,2.9,No,2-Day Shipping,No,No,18,Credit Card,Every 3 Months
2690,29,Female,Blouse,Clothing,2975,Kerala,M,Orange,Fall,3.9,No,Standard,No,No,47,Google Pay,Quarterly
2691,44,Female,Belt,Accessories,2720,New Mexico,L,Yellow,Summer,4.7,No,Free Shipping,No,No,18,Net Banking,Weekly
2692,43,Female,Pants,Clothing,2125,Nebraska,L,Blue,Winter,3.3,No,2-Day Shipping,No,No,48,Cash,Monthly
2693,40,Female,Sneakers,Footwear,7650,Washington,XL,Violet,Spring,4.2,No,Free Shipping,No,No,18,Debit Card,Every 3 Months
2694,55,Female,Boots,Footwear,5950,Hawaii,L,Lavender,Summer,2.6,No,Standard,No,No,46,Cash,Quarterly
2695,66,Female,Sunglasses,Accessories,2295,Punjab,M,Olive,Spring,4.9,No,Express,No,No,34,Credit Card,Every 3 Months
2696,50,Female,Hat,Accessories,7820,Tennessee,M,Orange,Fall,3.6,No,Standard,No,No,10,Google Pay,Bi-Weekly
2697,57,Female,Coat,Outerwear,1700,South Dakota,M,White,Spring,4.7,No,Free Shipping,No,No,12,Debit Card,Monthly
2698,42,Female,Jacket,Outerwear,4420,Gujarat,L,Red,Winter,3.2,No,Standard,No,No,36,Net Banking,Quarterly
2699,55,Female,Hoodie,Clothing,4845,Kerala,M,Magenta,Summer,3.6,No,Store Pickup,No,No,34,PhonePe,Quarterly
2700,25,Female,Boots,Footwear,8160,Utah,M,Violet,Fall,3.6,No,2-Day Shipping,No,No,49,Debit Card,Annually
2701,22,Female,T-shirt,Clothing,5780,Andhra Pradesh,XL,Olive,Winter,3.2,No,Standard,No,No,36,Cash,Weekly
2702,49,Female,Sweater,Clothing,2550,Idaho,L,Silver,Summer,2.8,No,Store Pickup,No,No,18,Net Banking,Fortnightly
2703,70,Female,Shoes,Footwear,3145,Telangana,L,Gray,Fall,4,No,Next Day Air,No,No,39,Debit Card,Fortnightly
2704,56,Female,Scarf,Accessories,3570,Tennessee,XL,Olive,Winter,4.4,No,Free Shipping,No,No,34,Google Pay,Weekly
2705,52,Female,Dress,Clothing,4590,Tennessee,L,Beige,Spring,3.4,No,Next Day Air,No,No,35,Debit Card,Weekly
2706,65,Female,Jacket,Outerwear,6885,Washington,S,Turquoise,Spring,5,No,Store Pickup,No,No,1,Credit Card,Bi-Weekly
2707,24,Female,Shoes,Footwear,3400,Alabama,S,Blue,Spring,3.1,No,Express,No,No,48,Debit Card,Quarterly
2708,32,Female,Backpack,Accessories,7480,Nebraska,M,Pink,Fall,4.2,No,Standard,No,No,19,Cash,Weekly
2709,57,Female,Dress,Clothing,7990,Alabama,M,Teal,Summer,3.3,No,Store Pickup,No,No,44,Debit Card,Weekly
2710,35,Female,Shirt,Clothing,4590,Bihar,S,Cyan,Winter,2.9,No,Standard,No,No,9,Credit Card,Bi-Weekly
2711,69,Female,Jacket,Outerwear,4335,Wisconsin,L,Purple,Summer,4.7,No,Standard,No,No,3,Net Banking,Fortnightly
2712,30,Female,Sunglasses,Accessories,1870,Nebraska,L,Red,Spring,4,No,Standard,No,No,50,PhonePe,Monthly
2713,37,Female,Jacket,Outerwear,8075,North Dakota,L,Brown,Fall,4.6,No,Standard,No,No,7,Debit Card,Quarterly
2714,19,Female,Coat,Outerwear,4845,Mississippi,M,Magenta,Fall,3.8,No,2-Day Shipping,No,No,20,Debit Card,Annually
2715,53,Female,Sweater,Clothing,3825,Assam,S,Olive,Winter,3.6,No,Store Pickup,No,No,16,Credit Card,Bi-Weekly
2716,25,Female,Sneakers,Footwear,7820,Mississippi,XL,Pink,Winter,4.1,No,Express,No,No,29,Google Pay,Fortnightly
2717,47,Female,Shoes,Footwear,3400,Colorado,L,Black,Spring,2.7,No,Store Pickup,No,No,21,Debit Card,Weekly
2718,18,Female,Sunglasses,Accessories,5270,Nebraska,XL,Beige,Winter,4.3,No,Free Shipping,No,No,19,Credit Card,Every 3 Months
2719,22,Female,Shorts,Clothing,7650,Kerala,M,Peach,Winter,4.9,No,Next Day Air,No,No,10,PhonePe,Bi-Weekly
2720,69,Female,Hoodie,Clothing,6970,Punjab,S,Peach,Fall,4.2,No,Free Shipping,No,No,4,Net Banking,Monthly
2721,55,Female,Scarf,Accessories,4420,Maryland,M,Peach,Spring,2.8,No,Store Pickup,No,No,45,Net Banking,Quarterly
2722,19,Female,Sandals,Footwear,5950,Minnesota,S,Teal,Spring,4.9,No,Free Shipping,No,No,17,Google Pay,Fortnightly
2723,23,Female,Hat,Accessories,7055,Andhra Pradesh,M,Green,Spring,2.8,No,2-Day Shipping,No,No,22,Google Pay,Fortnightly
2724,54,Female,Shoes,Footwear,4165,Telangana,XL,Brown,Summer,2.9,No,Store Pickup,No,No,3,Google Pay,Every 3 Months
2725,52,Female,Sneakers,Footwear,7735,Haryana,M,Brown,Spring,2.5,No,Next Day Air,No,No,11,Debit Card,Fortnightly
2726,64,Female,Backpack,Accessories,8415,Mississippi,S,Violet,Summer,2.7,No,Free Shipping,No,No,4,Debit Card,Annually
2727,33,Female,Belt,Accessories,7820,Michigan,L,Blue,Winter,3.3,No,Free Shipping,No,No,11,Google Pay,Bi-Weekly
2728,40,Female,Shirt,Clothing,7395,Colorado,L,Charcoal,Winter,3.7,No,2-Day Shipping,No,No,47,Credit Card,Fortnightly
2729,26,Female,Skirt,Clothing,2380,Tamil Nadu,M,Pink,Winter,4,No,Express,No,No,17,Debit Card,Weekly
2730,31,Female,Gloves,Accessories,6035,Maharastra,S,Violet,Summer,4.1,No,Free Shipping,No,No,32,Credit Card,Monthly
2731,23,Female,Gloves,Accessories,2720,Wisconsin,M,Teal,Winter,4.1,No,Store Pickup,No,No,37,Net Banking,Annually
2732,52,Female,Handbag,Accessories,2805,Wisconsin,M,Red,Summer,2.5,No,2-Day Shipping,No,No,44,Net Banking,Quarterly
2733,21,Female,Socks,Clothing,6375,Gujarat,L,Orange,Winter,4.2,No,Store Pickup,No,No,27,Debit Card,Every 3 Months
2734,31,Female,Backpack,Accessories,7055,North Carolina,M,Magenta,Summer,4.7,No,Express,No,No,46,Google Pay,Annually
2735,63,Female,Jeans,Clothing,7905,New York,XL,Yellow,Summer,2.7,No,2-Day Shipping,No,No,13,Cash,Bi-Weekly
2736,46,Female,Skirt,Clothing,2465,Andhra Pradesh,M,Yellow,Spring,3,No,Express,No,No,2,Google Pay,Bi-Weekly
2737,44,Female,Hoodie,Clothing,2125,Maharastra,M,Pink,Spring,4.8,No,Store Pickup,No,No,45,Credit Card,Annually
2738,57,Female,Jewelry,Accessories,6460,North Carolina,S,Indigo,Spring,4.4,No,Free Shipping,No,No,35,Cash,Every 3 Months
2739,50,Female,Sneakers,Footwear,6885,Ohio,M,Charcoal,Summer,4.3,No,2-Day Shipping,No,No,39,PhonePe,Every 3 Months
2740,33,Female,Shirt,Clothing,6800,Alaska,XL,Blue,Winter,2.5,No,Store Pickup,No,No,39,Credit Card,Every 3 Months
2741,19,Female,Sunglasses,Accessories,5950,Pennsylvania,M,Lavender,Summer,4.9,No,Free Shipping,No,No,34,Net Banking,Fortnightly
2742,68,Female,Dress,Clothing,6885,Andhra Pradesh,L,Yellow,Fall,4.9,No,2-Day Shipping,No,No,41,PhonePe,Monthly
2743,27,Female,Shoes,Footwear,7310,Telangana,M,Black,Spring,3.9,No,Free Shipping,No,No,47,Debit Card,Annually
2744,61,Female,Belt,Accessories,7990,New Jersey,S,Beige,Fall,4.1,No,2-Day Shipping,No,No,17,PhonePe,Quarterly
2745,38,Female,Shirt,Clothing,5610,Kerala,M,Silver,Winter,3.3,No,Store Pickup,No,No,40,Credit Card,Monthly
2746,28,Female,Boots,Footwear,8330,Michigan,M,Magenta,Summer,4.1,No,Standard,No,No,44,Google Pay,Bi-Weekly
2747,39,Female,Hoodie,Clothing,2125,Ohio,M,Orange,Fall,3.7,No,Standard,No,No,21,Google Pay,Every 3 Months
2748,18,Female,Jeans,Clothing,5270,Kerala,M,Teal,Winter,3.1,No,Free Shipping,No,No,21,Credit Card,Every 3 Months
2749,24,Female,Jacket,Outerwear,8330,Kerala,L,Turquoise,Spring,3,No,Free Shipping,No,No,16,PhonePe,Annually
2750,64,Female,Jacket,Outerwear,4505,Vermont,M,Cyan,Spring,3.4,No,Standard,No,No,15,Net Banking,Annually
2751,51,Female,Sandals,Footwear,5610,Alaska,L,Pink,Spring,2.7,No,2-Day Shipping,No,No,26,Google Pay,Every 3 Months
2752,27,Female,Dress,Clothing,4420,Minnesota,S,Indigo,Fall,3.1,No,Free Shipping,No,No,50,PhonePe,Monthly
2753,48,Female,Sweater,Clothing,5440,Colorado,S,Peach,Winter,4,No,Free Shipping,No,No,30,PhonePe,Bi-Weekly
2754,69,Female,Gloves,Accessories,5015,Karnataka,M,Beige,Spring,3.6,No,Next Day Air,No,No,48,Google Pay,Quarterly
2755,59,Female,Sunglasses,Accessories,5185,New Jersey,L,Gold,Summer,3.6,No,Free Shipping,No,No,21,PhonePe,Bi-Weekly
2756,59,Female,Belt,Accessories,8245,West Bengal,M,Indigo,Winter,3.3,No,Store Pickup,No,No,18,Credit Card,Annually
2757,42,Female,Hat,Accessories,1955,Minnesota,L,Violet,Winter,4.1,No,Free Shipping,No,No,41,Google Pay,Monthly
2758,39,Female,Hat,Accessories,8330,Gujarat,XL,Brown,Fall,4.3,No,Next Day Air,No,No,11,PhonePe,Monthly
2759,32,Female,Blouse,Clothing,8330,Bihar,M,Purple,Summer,3.2,No,Standard,No,No,8,Net Banking,Bi-Weekly
2760,68,Female,Shoes,Footwear,5015,Washington,M,Turquoise,Summer,3.9,No,Free Shipping,No,No,42,Cash,Every 3 Months
2761,41,Female,Skirt,Clothing,6970,Alaska,S,Violet,Fall,5,No,Next Day Air,No,No,41,Credit Card,Bi-Weekly
2762,31,Female,Sneakers,Footwear,6970,Michigan,M,Purple,Fall,3.4,No,Next Day Air,No,No,3,Credit Card,Every 3 Months
2763,58,Female,T-shirt,Clothing,3485,Georgia,M,Charcoal,Fall,3.8,No,Store Pickup,No,No,10,Debit Card,Every 3 Months
2764,28,Female,Handbag,Accessories,4420,Kerala,M,Green,Fall,2.9,No,2-Day Shipping,No,No,35,PhonePe,Quarterly
2765,63,Female,Sweater,Clothing,3485,Arizona,XL,White,Spring,2.6,No,Next Day Air,No,No,2,Debit Card,Weekly
2766,64,Female,Gloves,Accessories,5950,Colorado,M,Purple,Summer,4.3,No,2-Day Shipping,No,No,24,Credit Card,Quarterly
2767,66,Female,Dress,Clothing,7735,Tennessee,M,Cyan,Winter,2.8,No,Standard,No,No,47,Credit Card,Monthly
2768,31,Female,Dress,Clothing,8075,Assam,M,Green,Spring,4.5,No,Free Shipping,No,No,31,Cash,Monthly
2769,55,Female,Blouse,Clothing,2125,Kansas,M,Beige,Spring,3.8,No,2-Day Shipping,No,No,28,Google Pay,Bi-Weekly
2770,32,Female,Shirt,Clothing,7565,Odisha,L,Lavender,Fall,3,No,Standard,No,No,13,Cash,Weekly
2771,50,Female,Boots,Footwear,3740,Nebraska,S,Blue,Fall,3.3,No,Express,No,No,22,Net Banking,Quarterly
2772,58,Female,Jacket,Outerwear,4420,Maryland,S,Beige,Summer,3.1,No,2-Day Shipping,No,No,12,Net Banking,Fortnightly
2773,18,Female,Backpack,Accessories,7990,Pennsylvania,L,Blue,Spring,3.5,No,Store Pickup,No,No,10,Net Banking,Every 3 Months
2774,39,Female,Pants,Clothing,8330,Arizona,S,Maroon,Spring,4.6,No,Express,No,No,45,Net Banking,Quarterly
2775,56,Female,Boots,Footwear,3400,Odisha,L,Yellow,Fall,4.1,No,Standard,No,No,42,Credit Card,Quarterly
2776,37,Female,Socks,Clothing,2125,Maharastra,L,Red,Fall,3.6,No,Free Shipping,No,No,16,Debit Card,Weekly
2777,46,Female,Scarf,Accessories,5270,Kerala,L,Green,Fall,2.9,No,Free Shipping,No,No,6,Net Banking,Annually
2778,52,Female,Blouse,Clothing,2040,Idaho,M,Magenta,Fall,4.8,No,Standard,No,No,28,Credit Card,Every 3 Months
2779,70,Female,Belt,Accessories,4845,Pennsylvania,L,Yellow,Spring,3.2,No,Standard,No,No,24,Credit Card,Bi-Weekly
2780,61,Female,Sunglasses,Accessories,5610,Maharastra,L,Blue,Winter,4.3,No,Express,No,No,14,Credit Card,Fortnightly
2781,33,Female,Boots,Footwear,5950,Ohio,M,Charcoal,Winter,4.1,No,Next Day Air,No,No,29,Google Pay,Fortnightly
2782,65,Female,Sandals,Footwear,3315,Mississippi,M,Blue,Spring,4.6,No,Standard,No,No,33,Google Pay,Weekly
2783,41,Female,Gloves,Accessories,2890,Idaho,S,Cyan,Spring,3.8,No,Free Shipping,No,No,30,Google Pay,Annually
2784,19,Female,Skirt,Clothing,3230,Kerala,M,Silver,Spring,4.5,No,Next Day Air,No,No,26,Credit Card,Quarterly
2785,33,Female,Skirt,Clothing,5950,Idaho,M,Black,Winter,3.1,No,Express,No,No,12,Google Pay,Every 3 Months
2786,53,Female,Blouse,Clothing,6800,Punjab,S,Green,Summer,2.9,No,Next Day Air,No,No,13,Net Banking,Monthly
2787,54,Female,Handbag,Accessories,4335,Colorado,M,Violet,Spring,3.8,No,Next Day Air,No,No,41,Debit Card,Every 3 Months
2788,36,Female,Boots,Footwear,6715,Kerala,XL,Pink,Spring,4.1,No,Next Day Air,No,No,4,PhonePe,Fortnightly
2789,56,Female,Boots,Footwear,7820,Karnataka,M,Olive,Summer,3.1,No,Free Shipping,No,No,2,Credit Card,Annually
2790,28,Female,Sweater,Clothing,7225,North Carolina,L,Orange,Fall,5,No,Express,No,No,28,Credit Card,Bi-Weekly
2791,34,Female,Socks,Clothing,5355,Andhra Pradesh,M,Black,Spring,4.5,No,Free Shipping,No,No,24,Debit Card,Annually
2792,43,Female,Gloves,Accessories,5100,Assam,M,Yellow,Fall,2.8,No,Express,No,No,14,PhonePe,Fortnightly
2793,54,Female,Shorts,Clothing,3740,Karnataka,L,Violet,Winter,3.2,No,Express,No,No,11,Credit Card,Weekly
2794,37,Female,Boots,Footwear,4845,Telangana,M,Silver,Spring,3.1,No,Standard,No,No,27,Debit Card,Bi-Weekly
2795,33,Female,Jacket,Outerwear,2040,New York,M,Gold,Fall,3.3,No,Standard,No,No,7,Cash,Fortnightly
2796,33,Female,Scarf,Accessories,2975,Nebraska,M,Magenta,Winter,3.4,No,Store Pickup,No,No,49,Google Pay,Annually
2797,55,Female,Jacket,Outerwear,6205,Odisha,M,Red,Winter,3.8,No,Store Pickup,No,No,21,Cash,Annually
2798,63,Female,Jewelry,Accessories,3570,Odisha,M,Green,Winter,3.5,No,Express,No,No,10,PhonePe,Every 3 Months
2799,52,Female,Hoodie,Clothing,1700,Karnataka,XL,Red,Winter,4.8,No,Store Pickup,No,No,37,Google Pay,Weekly
2800,23,Female,T-shirt,Clothing,7565,Andhra Pradesh,L,Pink,Spring,3.9,No,Free Shipping,No,No,9,Net Banking,Every 3 Months
2801,70,Female,Shirt,Clothing,6460,Rajasthan,L,Violet,Fall,3.4,No,Free Shipping,No,No,14,Cash,Bi-Weekly
2802,64,Female,Shirt,Clothing,4760,New Mexico,M,Indigo,Winter,2.6,No,Express,No,No,30,Google Pay,Annually
2803,22,Female,Coat,Outerwear,8500,Hawaii,L,Red,Fall,3.1,No,Store Pickup,No,No,42,Credit Card,Fortnightly
2804,46,Female,T-shirt,Clothing,3740,Idaho,M,Violet,Winter,3.3,No,Free Shipping,No,No,31,Net Banking,Monthly
2805,65,Female,Hoodie,Clothing,6460,South Carolina,M,Cyan,Spring,2.8,No,Standard,No,No,48,Net Banking,Every 3 Months
2806,18,Female,Sunglasses,Accessories,8245,West Bengal,S,Black,Fall,4.3,No,Standard,No,No,48,Cash,Quarterly
2807,45,Female,Blouse,Clothing,3315,South Carolina,L,Purple,Spring,2.7,No,Standard,No,No,50,Credit Card,Annually
2808,56,Female,Hoodie,Clothing,8500,Maryland,M,Charcoal,Spring,4.4,No,2-Day Shipping,No,No,10,Debit Card,Fortnightly
2809,49,Female,Skirt,Clothing,5270,Tennessee,M,Beige,Spring,3.9,No,Free Shipping,No,No,45,Google Pay,Every 3 Months
2810,66,Female,Shorts,Clothing,8330,Rajasthan,XL,Teal,Summer,3,No,Standard,No,No,27,Debit Card,Quarterly
2811,27,Female,Jeans,Clothing,2635,Arizona,M,Purple,Summer,4,No,Standard,No,No,10,Debit Card,Fortnightly
2812,69,Female,Jacket,Outerwear,7565,Ohio,M,Blue,Fall,3.7,No,Store Pickup,No,No,19,Credit Card,Quarterly
2813,66,Female,Hoodie,Clothing,7735,North Dakota,XL,Magenta,Fall,3.8,No,Store Pickup,No,No,1,Credit Card,Every 3 Months
2814,45,Female,Shirt,Clothing,4250,Vermont,S,Maroon,Summer,3.3,No,2-Day Shipping,No,No,39,Debit Card,Quarterly
2815,31,Female,T-shirt,Clothing,2720,Minnesota,L,Gold,Winter,3.6,No,Standard,No,No,14,Net Banking,Monthly
2816,33,Female,Blouse,Clothing,5695,Idaho,L,Black,Fall,3.9,No,Free Shipping,No,No,40,PhonePe,Every 3 Months
2817,43,Female,Skirt,Clothing,2380,Maryland,M,Black,Spring,3.5,No,Free Shipping,No,No,45,PhonePe,Weekly
2818,25,Female,Backpack,Accessories,5525,South Carolina,XL,Yellow,Winter,3.4,No,Standard,No,No,6,PhonePe,Weekly
2819,46,Female,Shorts,Clothing,6205,Andhra Pradesh,M,Turquoise,Fall,4.7,No,Next Day Air,No,No,12,Debit Card,Annually
2820,67,Female,Shirt,Clothing,2295,Georgia,L,Lavender,Spring,3,No,Free Shipping,No,No,19,Cash,Monthly
2821,26,Female,Backpack,Accessories,7565,Vermont,L,Yellow,Summer,3.9,No,Free Shipping,No,No,5,Cash,Bi-Weekly
2822,35,Female,Shoes,Footwear,6120,Georgia,L,Olive,Summer,4.5,No,Standard,No,No,37,PhonePe,Monthly
2823,61,Female,Skirt,Clothing,3145,New Jersey,S,Brown,Fall,4.1,No,Standard,No,No,33,Google Pay,Quarterly
2824,26,Female,Dress,Clothing,5355,Utah,M,Olive,Summer,4.5,No,Standard,No,No,47,Debit Card,Bi-Weekly
2825,39,Female,Hat,Accessories,7650,Utah,M,Purple,Fall,4,No,Free Shipping,No,No,49,Debit Card,Quarterly
2826,69,Female,Handbag,Accessories,5270,North Carolina,M,Yellow,Winter,4.3,No,2-Day Shipping,No,No,28,Net Banking,Annually
2827,32,Female,Handbag,Accessories,3655,Tamil Nadu,L,Brown,Fall,3.6,No,Express,No,No,23,PhonePe,Annually
2828,20,Female,Blouse,Clothing,8160,Wisconsin,M,Magenta,Fall,3.1,No,Next Day Air,No,No,11,Net Banking,Bi-Weekly
2829,25,Female,Scarf,Accessories,7055,Tennessee,L,Lavender,Fall,2.6,No,Standard,No,No,33,Google Pay,Quarterly
2830,56,Female,Jewelry,Accessories,5695,Arizona,XL,Teal,Fall,3.4,No,Next Day Air,No,No,47,Cash,Weekly
2831,63,Female,Skirt,Clothing,7650,Tamil Nadu,L,Cyan,Spring,2.9,No,Store Pickup,No,No,13,PhonePe,Every 3 Months
2832,34,Female,Hoodie,Clothing,4505,Kerala,L,Pink,Winter,5,No,Express,No,No,4,Credit Card,Weekly
2833,29,Female,Scarf,Accessories,3145,Maryland,M,Magenta,Summer,4.6,No,Standard,No,No,40,Google Pay,Quarterly
2834,43,Female,Jeans,Clothing,4760,Rajasthan,M,Teal,Fall,3.3,No,Free Shipping,No,No,19,Cash,Monthly
2835,39,Female,Jacket,Outerwear,3655,Telangana,M,Indigo,Fall,2.9,No,2-Day Shipping,No,No,17,Credit Card,Weekly
2836,33,Female,T-shirt,Clothing,7140,Vermont,S,Pink,Winter,4.9,No,Free Shipping,No,No,7,PhonePe,Annually
2837,51,Female,Pants,Clothing,4250,Kerala,M,Charcoal,Winter,5,No,2-Day Shipping,No,No,21,Cash,Bi-Weekly
2838,65,Female,Shoes,Footwear,7480,Alabama,M,Brown,Summer,4.5,No,Express,No,No,44,Google Pay,Weekly
2839,51,Female,Jacket,Outerwear,4250,Andhra Pradesh,M,Blue,Fall,3.7,No,Free Shipping,No,No,2,Net Banking,Weekly
2840,70,Female,Scarf,Accessories,6800,South Dakota,L,Teal,Summer,2.8,No,Store Pickup,No,No,30,Net Banking,Monthly
2841,40,Female,T-shirt,Clothing,3995,Kerala,L,Pink,Spring,3.5,No,Store Pickup,No,No,41,Cash,Annually
2842,19,Female,Dress,Clothing,2805,Ohio,XL,Magenta,Winter,3,No,2-Day Shipping,No,No,31,Cash,Weekly
2843,28,Female,Coat,Outerwear,8500,Arizona,L,Green,Fall,4.3,No,Standard,No,No,48,Debit Card,Quarterly
2844,51,Female,Sweater,Clothing,2210,Ohio,M,White,Summer,3.6,No,Store Pickup,No,No,41,PhonePe,Weekly
2845,32,Female,Hat,Accessories,6715,New Mexico,M,Indigo,Summer,4.4,No,Standard,No,No,42,PhonePe,Annually
2846,26,Female,Backpack,Accessories,6545,South Dakota,L,Lavender,Summer,4.1,No,Express,No,No,39,Debit Card,Every 3 Months
2847,50,Female,Socks,Clothing,3060,Odisha,XL,Black,Fall,2.8,No,Next Day Air,No,No,15,Google Pay,Bi-Weekly
2848,68,Female,Jewelry,Accessories,1785,Connecticut,L,Charcoal,Winter,2.8,No,Free Shipping,No,No,3,Google Pay,Every 3 Months
2849,33,Female,Boots,Footwear,6120,Wisconsin,L,Gray,Fall,4.9,No,Store Pickup,No,No,28,Net Banking,Quarterly
2850,56,Female,Coat,Outerwear,2125,New Hampshire,M,Gold,Spring,4.1,No,Express,No,No,27,Google Pay,Bi-Weekly
2851,57,Female,Sweater,Clothing,6715,Nebraska,M,Silver,Spring,3,No,Store Pickup,No,No,36,Debit Card,Annually
2852,58,Female,Blouse,Clothing,6205,West Bengal,L,Teal,Summer,3,No,Store Pickup,No,No,42,Debit Card,Monthly
2853,40,Female,Belt,Accessories,6035,New York,M,Magenta,Spring,3,No,Store Pickup,No,No,30,PhonePe,Weekly
2854,37,Female,Hat,Accessories,4080,Pennsylvania,M,Magenta,Winter,3.2,No,Next Day Air,No,No,9,Google Pay,Weekly
2855,36,Female,Sandals,Footwear,2380,Gujarat,M,Beige,Fall,2.7,No,Store Pickup,No,No,25,PhonePe,Monthly
2856,29,Female,Boots,Footwear,8075,Mississippi,S,Maroon,Winter,3.8,No,2-Day Shipping,No,No,33,Google Pay,Quarterly
2857,65,Female,Jacket,Outerwear,4080,Assam,M,Indigo,Winter,3.5,No,2-Day Shipping,No,No,31,Credit Card,Monthly
2858,44,Female,Dress,Clothing,7905,Utah,S,Maroon,Spring,3.8,No,Next Day Air,No,No,35,Debit Card,Monthly
2859,34,Female,Jeans,Clothing,7395,Maryland,L,Teal,Summer,3.8,No,2-Day Shipping,No,No,46,Net Banking,Monthly
2860,31,Female,Shorts,Clothing,2720,Utah,L,Yellow,Fall,3.4,No,Express,No,No,29,Net Banking,Annually
2861,28,Female,Shirt,Clothing,3230,Karnataka,M,Gold,Spring,2.9,No,Next Day Air,No,No,49,Net Banking,Weekly
2862,66,Female,Coat,Outerwear,4590,Maryland,M,Teal,Fall,3.4,No,Free Shipping,No,No,27,Credit Card,Monthly
2863,68,Female,Coat,Outerwear,6375,Hawaii,S,Violet,Summer,4.7,No,Store Pickup,No,No,5,Net Banking,Every 3 Months
2864,37,Female,T-shirt,Clothing,4760,Connecticut,M,Yellow,Fall,3.9,No,2-Day Shipping,No,No,18,PhonePe,Monthly
2865,58,Female,Sweater,Clothing,3655,Bihar,S,Maroon,Fall,3.6,No,Store Pickup,No,No,31,PhonePe,Weekly
2866,28,Female,Skirt,Clothing,8245,Andhra Pradesh,M,Silver,Fall,3.7,No,Free Shipping,No,No,27,Cash,Fortnightly
2867,54,Female,Blouse,Clothing,6375,Connecticut,S,Violet,Summer,3.1,No,Free Shipping,No,No,19,Cash,Annually
2868,21,Female,Sneakers,Footwear,4675,Colorado,L,White,Summer,4.9,No,Next Day Air,No,No,33,Cash,Fortnightly
2869,45,Female,Backpack,Accessories,4165,Colorado,M,Black,Winter,2.6,No,Next Day Air,No,No,42,Google Pay,Every 3 Months
2870,57,Female,Socks,Clothing,4930,Georgia,M,White,Summer,4.2,No,Standard,No,No,16,Net Banking,Weekly
2871,47,Female,Jewelry,Accessories,2890,North Dakota,M,Blue,Winter,4.8,No,Free Shipping,No,No,49,Debit Card,Every 3 Months
2872,46,Female,Shorts,Clothing,3655,Idaho,S,Black,Summer,2.7,No,2-Day Shipping,No,No,40,PhonePe,Bi-Weekly
2873,63,Female,Jewelry,Accessories,4080,Connecticut,L,Olive,Fall,2.6,No,Next Day Air,No,No,5,Cash,Annually
2874,44,Female,Sweater,Clothing,3400,Maharastra,M,Teal,Spring,2.6,No,Free Shipping,No,No,8,Net Banking,Monthly
2875,36,Female,Shirt,Clothing,2465,Colorado,L,Silver,Summer,3.1,No,Standard,No,No,2,Debit Card,Annually
2876,24,Female,Pants,Clothing,6885,Karnataka,M,Pink,Fall,2.6,No,Free Shipping,No,No,14,Debit Card,Weekly
2877,65,Female,Hoodie,Clothing,7140,New Mexico,M,Charcoal,Spring,3.4,No,2-Day Shipping,No,No,5,Net Banking,Fortnightly
2878,32,Female,Socks,Clothing,3910,New Jersey,M,Silver,Summer,3.6,No,Standard,No,No,34,PhonePe,Monthly
2879,63,Female,Dress,Clothing,7310,Andhra Pradesh,L,Turquoise,Summer,4.3,No,Next Day Air,No,No,13,Net Banking,Annually
2880,62,Female,Blouse,Clothing,4845,North Dakota,XL,Turquoise,Winter,4.9,No,Free Shipping,No,No,31,PhonePe,Annually
2881,19,Female,Skirt,Clothing,5185,Tamil Nadu,L,Beige,Winter,4.8,No,Store Pickup,No,No,43,Google Pay,Quarterly
2882,38,Female,Backpack,Accessories,7650,Telangana,M,Cyan,Winter,4.2,No,Free Shipping,No,No,6,Net Banking,Annually
2883,59,Female,Blouse,Clothing,4335,Odisha,L,Gold,Winter,2.6,No,Store Pickup,No,No,23,Credit Card,Bi-Weekly
2884,22,Female,Socks,Clothing,4080,Karnataka,XL,Silver,Spring,3.2,No,Standard,No,No,10,Google Pay,Weekly
2885,55,Female,Boots,Footwear,4250,Rajasthan,M,Purple,Summer,3.4,No,2-Day Shipping,No,No,47,Credit Card,Every 3 Months
2886,29,Female,Backpack,Accessories,6970,West Bengal,M,Yellow,Summer,3.5,No,Next Day Air,No,No,14,Credit Card,Bi-Weekly
2887,42,Female,Hat,Accessories,2805,Utah,L,Blue,Spring,4.2,No,Free Shipping,No,No,29,Google Pay,Weekly
2888,23,Female,Sandals,Footwear,2380,Karnataka,L,Blue,Winter,2.8,No,Express,No,No,12,Cash,Bi-Weekly
2889,70,Female,Hoodie,Clothing,3570,Wisconsin,L,Green,Spring,5,No,2-Day Shipping,No,No,25,Debit Card,Quarterly
2890,64,Female,Sunglasses,Accessories,3655,Minnesota,M,Charcoal,Fall,3.3,No,Store Pickup,No,No,21,PhonePe,Annually
2891,39,Female,Jeans,Clothing,4675,North Dakota,M,Violet,Winter,3.7,No,Free Shipping,No,No,23,Credit Card,Monthly
2892,47,Female,T-shirt,Clothing,6205,Ohio,XL,Black,Winter,2.5,No,Free Shipping,No,No,10,Google Pay,Monthly
2893,22,Female,Dress,Clothing,3315,West Bengal,M,Teal,Spring,3.2,No,Standard,No,No,47,Credit Card,Monthly
2894,69,Female,Belt,Accessories,1700,Karnataka,S,Orange,Spring,3.1,No,Free Shipping,No,No,44,Debit Card,Every 3 Months
2895,35,Female,Jewelry,Accessories,2720,Karnataka,S,Brown,Spring,3.5,No,Standard,No,No,41,PhonePe,Annually
2896,56,Female,Hoodie,Clothing,7310,Maharastra,L,Green,Summer,4.6,No,Standard,No,No,29,Net Banking,Monthly
2897,30,Female,Blouse,Clothing,7735,Gujarat,M,Silver,Summer,3.3,No,Free Shipping,No,No,2,PhonePe,Every 3 Months
2898,43,Female,Jacket,Outerwear,5015,Maharastra,L,Violet,Fall,2.5,No,Free Shipping,No,No,2,Cash,Fortnightly
2899,23,Female,Sneakers,Footwear,2805,New Jersey,XL,Peach,Summer,4.6,No,Express,No,No,29,Credit Card,Annually
2900,50,Female,Boots,Footwear,5440,Nebraska,M,Gold,Spring,4.2,No,2-Day Shipping,No,No,22,Net Banking,Fortnightly
2901,41,Female,Blouse,Clothing,5695,Maryland,XL,Violet,Winter,4,No,Standard,No,No,23,Cash,Bi-Weekly
2902,41,Female,Blouse,Clothing,3655,Alabama,L,Olive,Winter,2.6,No,Free Shipping,No,No,46,Credit Card,Quarterly
2903,27,Female,Boots,Footwear,2720,North Carolina,S,Orange,Spring,4.6,No,Standard,No,No,19,Google Pay,Bi-Weekly
2904,38,Female,Scarf,Accessories,3315,Gujarat,S,Teal,Spring,3.5,No,2-Day Shipping,No,No,24,Credit Card,Every 3 Months
2905,41,Female,Sandals,Footwear,3485,Assam,M,Gray,Spring,4,No,2-Day Shipping,No,No,43,PhonePe,Monthly
2906,58,Female,Sunglasses,Accessories,4505,New York,L,Black,Winter,4.8,No,Standard,No,No,14,Debit Card,Fortnightly
2907,58,Female,Coat,Outerwear,2295,Kerala,M,Indigo,Spring,3.9,No,Standard,No,No,7,PhonePe,Annually
2908,19,Female,Sunglasses,Accessories,6970,Maryland,XL,Lavender,Summer,3.7,No,Next Day Air,No,No,50,Google Pay,Bi-Weekly
2909,43,Female,Blouse,Clothing,7395,Telangana,M,Beige,Winter,3.1,No,Store Pickup,No,No,15,Debit Card,Every 3 Months
2910,27,Female,Backpack,Accessories,6630,Punjab,M,Indigo,Winter,3,No,Next Day Air,No,No,40,Credit Card,Every 3 Months
2911,32,Female,Belt,Accessories,2720,Mississippi,M,Blue,Summer,2.9,No,Store Pickup,No,No,41,Credit Card,Monthly
2912,28,Female,Socks,Clothing,3230,Ohio,XL,Orange,Fall,2.9,No,Next Day Air,No,No,34,PhonePe,Quarterly
2913,48,Female,Shoes,Footwear,3145,Tamil Nadu,M,Yellow,Winter,4,No,Standard,No,No,27,Cash,Bi-Weekly
2914,43,Female,Coat,Outerwear,7055,Kerala,L,Cyan,Winter,3.5,No,Express,No,No,12,Cash,Every 3 Months
2915,45,Female,Sweater,Clothing,6120,Pennsylvania,M,Yellow,Fall,3.8,No,Express,No,No,1,Debit Card,Bi-Weekly
2916,26,Female,Shirt,Clothing,2550,Tamil Nadu,M,Cyan,Fall,4.5,No,Express,No,No,39,Debit Card,Bi-Weekly
2917,62,Female,Shorts,Clothing,5610,Odisha,M,Green,Winter,2.7,No,Express,No,No,13,Credit Card,Bi-Weekly
2918,58,Female,Shirt,Clothing,3825,Colorado,XL,White,Winter,2.9,No,Store Pickup,No,No,50,PhonePe,Annually
2919,19,Female,Sunglasses,Accessories,6205,New York,S,Black,Fall,4.9,No,Free Shipping,No,No,36,Cash,Weekly
2920,64,Female,Shoes,Footwear,5695,Minnesota,L,Charcoal,Winter,3.8,No,Standard,No,No,31,Debit Card,Monthly
2921,33,Female,Sunglasses,Accessories,6120,Telangana,XL,Brown,Spring,4.9,No,Free Shipping,No,No,3,Debit Card,Bi-Weekly
2922,20,Female,Handbag,Accessories,2040,Wisconsin,M,Cyan,Fall,4.6,No,Standard,No,No,11,Cash,Fortnightly
2923,45,Female,Sunglasses,Accessories,5780,Karnataka,L,Beige,Winter,3.5,No,Express,No,No,16,Google Pay,Quarterly
2924,28,Female,Shirt,Clothing,5950,Pennsylvania,M,Magenta,Spring,4.2,No,2-Day Shipping,No,No,12,Cash,Quarterly
2925,47,Female,Shirt,Clothing,5440,Karnataka,L,Indigo,Winter,3.7,No,Free Shipping,No,No,37,Debit Card,Every 3 Months
2926,54,Female,Sweater,Clothing,7735,Bihar,M,Maroon,Spring,2.8,No,Store Pickup,No,No,43,Credit Card,Every 3 Months
2927,64,Female,Handbag,Accessories,6970,Maryland,M,Gray,Winter,4.8,No,2-Day Shipping,No,No,9,Cash,Weekly
2928,45,Female,Shirt,Clothing,2040,Haryana,M,Black,Summer,2.7,No,Express,No,No,15,PhonePe,Bi-Weekly
2929,40,Female,Jewelry,Accessories,6800,Alabama,L,Yellow,Spring,3.6,No,Store Pickup,No,No,17,Credit Card,Weekly
2930,31,Female,Socks,Clothing,4505,Andhra Pradesh,XL,White,Winter,4.5,No,Next Day Air,No,No,42,PhonePe,Fortnightly
2931,38,Female,T-shirt,Clothing,4250,Mississippi,M,Orange,Spring,4,No,Free Shipping,No,No,14,PhonePe,Monthly
2932,36,Female,Jewelry,Accessories,2635,Alabama,M,Magenta,Fall,4.5,No,2-Day Shipping,No,No,49,Credit Card,Bi-Weekly
2933,65,Female,Backpack,Accessories,7480,Alaska,L,Black,Spring,3.9,No,Express,No,No,3,Google Pay,Quarterly
2934,27,Female,Hat,Accessories,4420,Bihar,M,Brown,Summer,3.8,No,Standard,No,No,28,PhonePe,Monthly
2935,38,Female,Gloves,Accessories,1870,Idaho,M,Orange,Fall,4.7,No,Next Day Air,No,No,41,Net Banking,Quarterly
2936,58,Female,Sneakers,Footwear,2295,North Carolina,XL,Gray,Spring,4.6,No,Standard,No,No,11,PhonePe,Weekly
2937,31,Female,Skirt,Clothing,2890,Washington,M,White,Spring,3.6,No,Express,No,No,46,Google Pay,Weekly
2938,28,Female,Handbag,Accessories,3315,Kerala,M,White,Spring,4.3,No,2-Day Shipping,No,No,15,Credit Card,Weekly
2939,28,Female,Sunglasses,Accessories,4505,Andhra Pradesh,M,Violet,Fall,3,No,Standard,No,No,15,Cash,Monthly
2940,32,Female,Sweater,Clothing,3910,Karnataka,M,Beige,Winter,4.3,No,Express,No,No,34,PhonePe,Weekly
2941,61,Female,Handbag,Accessories,7225,Telangana,L,Beige,Summer,4.8,No,Next Day Air,No,No,13,Cash,Monthly
2942,38,Female,Skirt,Clothing,7310,Pennsylvania,L,Purple,Spring,3.7,No,Free Shipping,No,No,27,Google Pay,Monthly
2943,54,Female,Socks,Clothing,5355,Hawaii,M,Brown,Summer,2.6,No,Free Shipping,No,No,37,Net Banking,Weekly
2944,29,Female,Shirt,Clothing,3740,Kerala,M,Orange,Spring,3.4,No,Standard,No,No,37,Credit Card,Monthly
2945,50,Female,Sneakers,Footwear,8075,New York,XL,Cyan,Summer,3.9,No,Free Shipping,No,No,4,PhonePe,Every 3 Months
2946,32,Female,Belt,Accessories,4165,Gujarat,M,Charcoal,Summer,4.8,No,Free Shipping,No,No,1,Credit Card,Every 3 Months
2947,38,Female,Pants,Clothing,6545,Hawaii,L,Purple,Spring,2.8,No,Free Shipping,No,No,29,Net Banking,Quarterly
2948,52,Female,Jewelry,Accessories,5355,Nebraska,L,Peach,Spring,4.4,No,Standard,No,No,50,PhonePe,Annually
2949,61,Female,Pants,Clothing,7055,Vermont,M,Violet,Winter,3.1,No,Standard,No,No,38,Debit Card,Bi-Weekly
2950,25,Female,Jewelry,Accessories,7905,Assam,M,Peach,Spring,3.8,No,Store Pickup,No,No,15,Google Pay,Annually
2951,22,Female,Jeans,Clothing,7735,Assam,S,Maroon,Winter,4.1,No,2-Day Shipping,No,No,44,Debit Card,Every 3 Months
2952,47,Female,Scarf,Accessories,8415,Rajasthan,L,Maroon,Fall,4.6,No,Free Shipping,No,No,14,Cash,Weekly
2953,50,Female,Belt,Accessories,2040,Alabama,M,Peach,Spring,4.9,No,Next Day Air,No,No,5,Debit Card,Monthly
2954,45,Female,Dress,Clothing,6970,Maryland,M,Silver,Summer,4.8,No,Next Day Air,No,No,11,Credit Card,Annually
2955,33,Female,T-shirt,Clothing,2380,South Dakota,M,Indigo,Winter,3.9,No,Express,No,No,15,Credit Card,Annually
2956,42,Female,Boots,Footwear,5695,Vermont,M,Silver,Winter,2.6,No,Free Shipping,No,No,46,Credit Card,Annually
2957,52,Female,Dress,Clothing,7480,Maharastra,M,Olive,Fall,3.7,No,Standard,No,No,30,PhonePe,Monthly
2958,69,Female,Jewelry,Accessories,5950,South Dakota,S,Gray,Fall,4.7,No,Standard,No,No,2,Cash,Annually
2959,55,Female,Skirt,Clothing,8500,Ohio,M,Black,Summer,4.5,No,Standard,No,No,28,Google Pay,Monthly
2960,38,Female,Handbag,Accessories,2380,Telangana,L,Maroon,Summer,4.7,No,Free Shipping,No,No,9,Google Pay,Quarterly
2961,57,Female,Coat,Outerwear,4080,Indiana,S,Olive,Spring,3.6,No,Standard,No,No,47,Credit Card,Weekly
2962,33,Female,Hoodie,Clothing,3655,New Hampshire,S,Gold,Fall,2.8,No,Free Shipping,No,No,21,Debit Card,Bi-Weekly
2963,57,Female,Pants,Clothing,3400,Andhra Pradesh,L,Pink,Fall,4,No,Express,No,No,42,Credit Card,Every 3 Months
2964,52,Female,Boots,Footwear,8245,Andhra Pradesh,M,Brown,Spring,3.6,No,Free Shipping,No,No,28,Credit Card,Weekly
2965,44,Female,Coat,Outerwear,2125,Ohio,S,White,Fall,3.8,No,2-Day Shipping,No,No,13,PhonePe,Fortnightly
2966,48,Female,Scarf,Accessories,3825,Gujarat,M,Blue,Summer,4.4,No,Standard,No,No,25,Google Pay,Fortnightly
2967,52,Female,Boots,Footwear,4165,Odisha,L,Orange,Fall,2.8,No,Store Pickup,No,No,38,Debit Card,Every 3 Months
2968,34,Female,Sneakers,Footwear,3060,Indiana,L,Silver,Summer,3.4,No,Free Shipping,No,No,40,PhonePe,Annually
2969,26,Female,Sweater,Clothing,4080,South Carolina,S,Gray,Fall,4.9,No,Express,No,No,25,Cash,Every 3 Months
2970,36,Female,Belt,Accessories,5270,Vermont,S,Blue,Fall,4.3,No,Next Day Air,No,No,20,Cash,Every 3 Months
2971,24,Female,Jewelry,Accessories,6290,Kansas,M,White,Winter,3.4,No,Free Shipping,No,No,44,Credit Card,Bi-Weekly
2972,30,Female,Handbag,Accessories,8500,Utah,L,Yellow,Fall,3.9,No,Next Day Air,No,No,9,Google Pay,Every 3 Months
2973,31,Female,Jacket,Outerwear,3315,New York,S,Indigo,Fall,4.2,No,Free Shipping,No,No,11,PhonePe,Every 3 Months
2974,25,Female,Boots,Footwear,5525,Indiana,M,Blue,Summer,2.7,No,Store Pickup,No,No,3,Net Banking,Fortnightly
2975,57,Female,Sneakers,Footwear,8415,Tennessee,XL,Peach,Summer,4.1,No,Store Pickup,No,No,34,Credit Card,Weekly
2976,61,Female,Scarf,Accessories,5780,Georgia,XL,Lavender,Winter,4.5,No,2-Day Shipping,No,No,48,Cash,Every 3 Months
2977,30,Female,Coat,Outerwear,8245,Nebraska,M,Silver,Summer,2.8,No,Express,No,No,28,Cash,Fortnightly
2978,38,Female,Shorts,Clothing,3995,Washington,L,Gold,Winter,3.4,No,Standard,No,No,20,PhonePe,Annually
2979,53,Female,Shorts,Clothing,4760,Idaho,S,Cyan,Spring,3.9,No,Free Shipping,No,No,49,Net Banking,Fortnightly
2980,31,Female,Jeans,Clothing,7735,Punjab,L,Olive,Fall,2.6,No,Next Day Air,No,No,14,Google Pay,Weekly
2981,70,Female,Gloves,Accessories,7905,New Jersey,L,Teal,Fall,4.4,No,2-Day Shipping,No,No,9,Net Banking,Monthly
2982,21,Female,Pants,Clothing,3060,Gujarat,L,Pink,Winter,4.9,No,Standard,No,No,37,PhonePe,Annually
2983,33,Female,Dress,Clothing,3825,Wisconsin,M,Orange,Summer,3.6,No,Store Pickup,No,No,4,Credit Card,Weekly
2984,60,Female,Pants,Clothing,3740,Kerala,M,Charcoal,Winter,2.8,No,2-Day Shipping,No,No,1,Credit Card,Quarterly
2985,45,Female,Gloves,Accessories,2720,Telangana,L,Red,Spring,4.3,No,2-Day Shipping,No,No,36,Debit Card,Bi-Weekly
2986,46,Female,Belt,Accessories,3060,Hawaii,S,Teal,Summer,3,No,Express,No,No,21,Cash,Bi-Weekly
2987,62,Female,Belt,Accessories,7225,Arizona,S,Silver,Summer,3.3,No,2-Day Shipping,No,No,16,Credit Card,Monthly
2988,63,Female,Skirt,Clothing,3060,Punjab,L,Black,Winter,2.5,No,Store Pickup,No,No,42,Cash,Monthly
2989,69,Female,Socks,Clothing,4675,West Bengal,S,Pink,Spring,5,No,2-Day Shipping,No,No,31,Debit Card,Monthly
2990,46,Female,Belt,Accessories,1700,Karnataka,XL,Teal,Summer,4.3,No,2-Day Shipping,No,No,6,Credit Card,Weekly
2991,69,Female,Shirt,Clothing,7735,Bihar,M,Teal,Fall,4.2,No,Free Shipping,No,No,24,PhonePe,Monthly
2992,66,Female,Dress,Clothing,6035,Utah,L,Green,Summer,3.9,No,Standard,No,No,7,Google Pay,Bi-Weekly
2993,41,Female,Socks,Clothing,5440,North Dakota,M,Charcoal,Spring,3.9,No,Store Pickup,No,No,25,PhonePe,Weekly
2994,32,Female,Jacket,Outerwear,1785,Kansas,L,Indigo,Spring,4.2,No,Free Shipping,No,No,18,Cash,Bi-Weekly
2995,69,Female,Sweater,Clothing,8500,West Bengal,S,White,Winter,3.5,No,Store Pickup,No,No,14,Net Banking,Quarterly
2996,29,Female,Jeans,Clothing,8160,Kerala,M,Orange,Summer,2.5,No,Standard,No,No,42,Debit Card,Bi-Weekly
2997,70,Female,Jewelry,Accessories,7735,Utah,M,White,Spring,2.9,No,Express,No,No,6,PhonePe,Every 3 Months
2998,41,Female,Sweater,Clothing,3400,Idaho,S,Yellow,Spring,2.7,No,Next Day Air,No,No,14,PhonePe,Every 3 Months
2999,31,Female,Hoodie,Clothing,4505,Alaska,M,Red,Summer,4.7,No,Express,No,No,30,Debit Card,Quarterly
3000,31,Female,Sunglasses,Accessories,4080,New Hampshire,S,Charcoal,Winter,3.8,No,Standard,No,No,10,Cash,Monthly
3001,57,Female,Sandals,Footwear,5950,Ohio,M,Lavender,Winter,3.7,No,Express,No,No,7,Google Pay,Weekly
3002,29,Female,Coat,Outerwear,2465,Maharastra,L,Charcoal,Summer,4.7,No,Express,No,No,28,Credit Card,Quarterly
3003,70,Female,Belt,Accessories,2465,Punjab,M,Maroon,Fall,3.6,No,Next Day Air,No,No,19,Net Banking,Quarterly
3004,51,Female,Blouse,Clothing,4505,Tamil Nadu,M,Brown,Fall,2.8,No,Express,No,No,13,Credit Card,Every 3 Months
3005,45,Female,Skirt,Clothing,6715,Arizona,M,Lavender,Winter,3.7,No,Store Pickup,No,No,23,PhonePe,Fortnightly
3006,18,Female,Shorts,Clothing,5525,Alaska,XL,Brown,Spring,3.5,No,Express,No,No,5,PhonePe,Weekly
3007,37,Female,Dress,Clothing,8415,Utah,M,Olive,Summer,3.7,No,Store Pickup,No,No,17,PhonePe,Bi-Weekly
3008,23,Female,Sunglasses,Accessories,5100,New York,L,Lavender,Winter,3,No,Next Day Air,No,No,31,PhonePe,Weekly
3009,39,Female,Shoes,Footwear,7310,New Mexico,M,Gold,Winter,4.9,No,Free Shipping,No,No,19,Google Pay,Weekly
3010,62,Female,Belt,Accessories,6205,Punjab,M,Silver,Winter,4.6,No,Free Shipping,No,No,8,PhonePe,Fortnightly
3011,70,Female,Belt,Accessories,3825,Ohio,M,Violet,Winter,3.3,No,Free Shipping,No,No,15,Credit Card,Annually
3012,20,Female,Belt,Accessories,5950,West Bengal,S,Brown,Summer,3,No,Next Day Air,No,No,18,Credit Card,Every 3 Months
3013,42,Female,Belt,Accessories,5525,Idaho,M,Teal,Fall,3.5,No,Standard,No,No,16,Google Pay,Annually
3014,41,Female,Skirt,Clothing,4675,Arizona,L,Peach,Summer,4.2,No,Store Pickup,No,No,13,Cash,Monthly
3015,24,Female,T-shirt,Clothing,5525,Utah,M,Maroon,Spring,4.5,No,Express,No,No,38,Google Pay,Every 3 Months
3016,37,Female,Scarf,Accessories,1785,Kerala,XL,Lavender,Spring,2.8,No,Express,No,No,27,Net Banking,Bi-Weekly
3017,30,Female,Blouse,Clothing,2210,Indiana,L,Lavender,Summer,4.9,No,Store Pickup,No,No,31,Net Banking,Quarterly
3018,58,Female,Sunglasses,Accessories,6035,Wisconsin,S,Purple,Summer,3.3,No,Next Day Air,No,No,24,Cash,Bi-Weekly
3019,43,Female,Boots,Footwear,3485,Telangana,M,Green,Summer,3,No,Free Shipping,No,No,21,Debit Card,Bi-Weekly
3020,19,Female,Jacket,Outerwear,3740,Utah,M,Yellow,Winter,3.9,No,2-Day Shipping,No,No,15,Google Pay,Annually
3021,23,Female,Jeans,Clothing,6885,Rajasthan,S,Charcoal,Fall,2.8,No,Store Pickup,No,No,48,PhonePe,Every 3 Months
3022,65,Female,Sunglasses,Accessories,6545,Pennsylvania,S,Blue,Summer,4.5,No,2-Day Shipping,No,No,47,Cash,Quarterly
3023,58,Female,Sandals,Footwear,2210,Georgia,M,Lavender,Fall,4,No,Free Shipping,No,No,23,Google Pay,Weekly
3024,50,Female,Backpack,Accessories,2635,Indiana,M,Brown,Summer,2.9,No,Express,No,No,4,Google Pay,Quarterly
3025,67,Female,Blouse,Clothing,6970,Idaho,S,White,Spring,4,No,Free Shipping,No,No,47,Credit Card,Every 3 Months
3026,40,Female,Shoes,Footwear,5100,Maharastra,XL,Green,Summer,3.4,No,Store Pickup,No,No,7,Google Pay,Monthly
3027,55,Female,Shirt,Clothing,5950,Tennessee,L,Magenta,Fall,2.5,No,Free Shipping,No,No,6,Credit Card,Annually
3028,52,Female,Hoodie,Clothing,2210,Kerala,XL,Peach,Winter,2.8,No,2-Day Shipping,No,No,47,Credit Card,Quarterly
3029,62,Female,Dress,Clothing,8500,Andhra Pradesh,L,Charcoal,Summer,3,No,Free Shipping,No,No,7,Google Pay,Every 3 Months
3030,64,Female,Dress,Clothing,6970,Georgia,M,Gold,Summer,3.1,No,Free Shipping,No,No,1,Debit Card,Quarterly
3031,43,Female,Sneakers,Footwear,2040,Maryland,XL,Purple,Spring,2.6,No,2-Day Shipping,No,No,23,Credit Card,Weekly
3032,61,Female,Blouse,Clothing,6290,Idaho,L,Teal,Summer,4.9,No,2-Day Shipping,No,No,30,Credit Card,Monthly
3033,26,Female,Backpack,Accessories,4930,Andhra Pradesh,XL,Green,Summer,3.5,No,Next Day Air,No,No,24,Credit Card,Quarterly
3034,22,Female,Sweater,Clothing,4760,Alabama,L,Orange,Spring,2.6,No,Store Pickup,No,No,9,Google Pay,Weekly
3035,51,Female,Boots,Footwear,3145,Utah,L,Peach,Spring,3.5,No,2-Day Shipping,No,No,25,Credit Card,Quarterly
3036,69,Female,Handbag,Accessories,5440,Karnataka,M,Gold,Spring,4.5,No,Free Shipping,No,No,18,Cash,Bi-Weekly
3037,50,Female,Hoodie,Clothing,4930,Vermont,S,Violet,Spring,4.3,No,Next Day Air,No,No,7,PhonePe,Fortnightly
3038,51,Female,Belt,Accessories,3740,Assam,L,Charcoal,Summer,4.8,No,Next Day Air,No,No,2,Cash,Annually
3039,56,Female,Jewelry,Accessories,3315,Georgia,M,Brown,Summer,4.2,No,Free Shipping,No,No,36,Debit Card,Annually
3040,59,Female,Blouse,Clothing,4080,Alabama,L,Blue,Spring,3.2,No,Next Day Air,No,No,31,Google Pay,Bi-Weekly
3041,18,Female,Handbag,Accessories,2720,Nebraska,M,Gold,Fall,4.1,No,Express,No,No,10,Cash,Fortnightly
3042,48,Female,Handbag,Accessories,6715,Karnataka,M,Orange,Winter,4,No,Express,No,No,27,Google Pay,Monthly
3043,53,Female,Coat,Outerwear,2295,South Dakota,L,Turquoise,Winter,2.9,No,Next Day Air,No,No,14,Google Pay,Every 3 Months
3044,45,Female,Belt,Accessories,8330,Bihar,S,Peach,Fall,2.6,No,Store Pickup,No,No,17,Credit Card,Monthly
3045,21,Female,Boots,Footwear,5695,North Carolina,M,Magenta,Winter,2.7,No,Free Shipping,No,No,10,Net Banking,Quarterly
3046,42,Female,Socks,Clothing,3145,Tamil Nadu,L,Black,Winter,4.6,No,2-Day Shipping,No,No,4,Google Pay,Bi-Weekly
3047,60,Female,Shoes,Footwear,4165,Pennsylvania,M,White,Spring,3.2,No,Store Pickup,No,No,25,Cash,Every 3 Months
3048,21,Female,Sneakers,Footwear,6290,Vermont,M,Violet,Fall,4.1,No,2-Day Shipping,No,No,3,Google Pay,Bi-Weekly
3049,69,Female,Jewelry,Accessories,7905,Colorado,M,Olive,Summer,3.9,No,Standard,No,No,47,PhonePe,Fortnightly
3050,40,Female,Handbag,Accessories,5100,Utah,L,Red,Summer,3,No,Next Day Air,No,No,41,Net Banking,Bi-Weekly
3051,31,Female,Coat,Outerwear,6460,Karnataka,S,Green,Spring,3.6,No,Standard,No,No,28,PhonePe,Every 3 Months
3052,44,Female,Sunglasses,Accessories,5440,Kerala,L,Gold,Summer,4.6,No,Express,No,No,49,Debit Card,Every 3 Months
3053,48,Female,Shoes,Footwear,3230,Andhra Pradesh,XL,Olive,Spring,4.5,No,Store Pickup,No,No,7,Net Banking,Fortnightly
3054,32,Female,Shoes,Footwear,7735,Andhra Pradesh,L,Brown,Winter,3.2,No,Next Day Air,No,No,22,Net Banking,Monthly
3055,42,Female,Boots,Footwear,5950,New Hampshire,S,Magenta,Summer,4.9,No,2-Day Shipping,No,No,34,PhonePe,Monthly
3056,27,Female,Sandals,Footwear,1870,Kansas,M,Violet,Fall,5,No,Standard,No,No,5,Debit Card,Bi-Weekly
3057,69,Female,Gloves,Accessories,5015,New Jersey,M,Beige,Spring,3.8,No,Standard,No,No,15,Cash,Bi-Weekly
3058,67,Female,Backpack,Accessories,1870,North Carolina,M,Blue,Spring,3.4,No,Next Day Air,No,No,26,Net Banking,Weekly
3059,41,Female,Handbag,Accessories,6290,Kerala,S,Orange,Winter,3.8,No,Store Pickup,No,No,3,Net Banking,Fortnightly
3060,46,Female,Sweater,Clothing,6035,Karnataka,L,Maroon,Spring,3.2,No,Express,No,No,42,Credit Card,Quarterly
3061,47,Female,Coat,Outerwear,6800,Andhra Pradesh,S,Charcoal,Summer,4.7,No,Store Pickup,No,No,1,PhonePe,Monthly
3062,33,Female,T-shirt,Clothing,5015,South Dakota,L,Olive,Fall,4.5,No,Express,No,No,20,Google Pay,Every 3 Months
3063,51,Female,Backpack,Accessories,8160,Andhra Pradesh,L,Green,Fall,3.3,No,Standard,No,No,39,Google Pay,Monthly
3064,26,Female,Sunglasses,Accessories,3655,Connecticut,L,Brown,Winter,3.9,No,Store Pickup,No,No,24,Credit Card,Fortnightly
3065,22,Female,Belt,Accessories,6460,Idaho,S,Cyan,Winter,3.6,No,Express,No,No,49,Net Banking,Quarterly
3066,49,Female,Jacket,Outerwear,5015,North Dakota,M,Beige,Fall,2.8,No,Store Pickup,No,No,7,PhonePe,Bi-Weekly
3067,58,Female,Skirt,Clothing,4080,Michigan,L,Teal,Summer,4.3,No,Free Shipping,No,No,13,PhonePe,Every 3 Months
3068,70,Female,Belt,Accessories,1870,Haryana,S,Gray,Spring,3.5,No,Free Shipping,No,No,2,Cash,Weekly
3069,32,Female,Boots,Footwear,3400,Andhra Pradesh,M,Indigo,Winter,4.2,No,Express,No,No,4,Debit Card,Weekly
3070,62,Female,Jeans,Clothing,6205,Gujarat,L,Magenta,Spring,4.6,No,Express,No,No,17,Debit Card,Quarterly
3071,52,Female,Shoes,Footwear,2210,Alabama,XL,Red,Fall,2.6,No,Free Shipping,No,No,43,Google Pay,Bi-Weekly
3072,23,Female,Sweater,Clothing,3485,New Hampshire,L,Turquoise,Spring,3.4,No,Next Day Air,No,No,6,Google Pay,Monthly
3073,26,Female,Jewelry,Accessories,8330,New York,L,Peach,Spring,3.1,No,Standard,No,No,46,Google Pay,Quarterly
3074,58,Female,Shirt,Clothing,5355,Tamil Nadu,L,White,Winter,3.6,No,Free Shipping,No,No,7,Debit Card,Bi-Weekly
3075,26,Female,Boots,Footwear,4675,Telangana,L,Maroon,Winter,4.2,No,Next Day Air,No,No,34,Debit Card,Fortnightly
3076,54,Female,Shorts,Clothing,7650,Utah,XL,Beige,Winter,3.6,No,Standard,No,No,21,Google Pay,Every 3 Months
3077,66,Female,Handbag,Accessories,3910,New Hampshire,M,Blue,Summer,3.6,No,Express,No,No,13,PhonePe,Bi-Weekly
3078,60,Female,Sweater,Clothing,7480,Bihar,S,Red,Spring,3,No,Store Pickup,No,No,33,Debit Card,Bi-Weekly
3079,32,Female,Belt,Accessories,8075,Alaska,M,Blue,Spring,2.5,No,2-Day Shipping,No,No,24,Net Banking,Bi-Weekly
3080,48,Female,Belt,Accessories,2635,Kerala,M,Maroon,Fall,4,No,Store Pickup,No,No,4,Net Banking,Annually
3081,69,Female,Hoodie,Clothing,3570,Colorado,L,Yellow,Spring,4.1,No,Next Day Air,No,No,5,Cash,Bi-Weekly
3082,64,Female,Sneakers,Footwear,3740,Vermont,L,Pink,Winter,4.9,No,Next Day Air,No,No,11,Credit Card,Weekly
3083,56,Female,T-shirt,Clothing,8415,Utah,M,Maroon,Spring,4,No,Next Day Air,No,No,20,Net Banking,Annually
3084,22,Female,Pants,Clothing,1700,Bihar,S,Purple,Summer,3.5,No,Store Pickup,No,No,28,Google Pay,Quarterly
3085,46,Female,Scarf,Accessories,3145,Idaho,S,Indigo,Spring,3.2,No,Store Pickup,No,No,43,Google Pay,Monthly
3086,24,Female,Sweater,Clothing,4250,West Bengal,L,Gray,Winter,2.8,No,Store Pickup,No,No,10,PhonePe,Every 3 Months
3087,47,Female,Handbag,Accessories,6205,Utah,M,Lavender,Summer,3.5,No,Next Day Air,No,No,26,PhonePe,Every 3 Months
3088,62,Female,Shirt,Clothing,7140,North Carolina,M,Charcoal,Spring,3.1,No,Free Shipping,No,No,29,Net Banking,Monthly
3089,34,Female,Dress,Clothing,5440,Rajasthan,M,Teal,Spring,3.3,No,Store Pickup,No,No,35,Net Banking,Quarterly
3090,50,Female,Sandals,Footwear,1785,North Carolina,L,Blue,Fall,4.6,No,Free Shipping,No,No,23,Cash,Bi-Weekly
3091,29,Female,Shirt,Clothing,3060,Telangana,M,Peach,Summer,4.9,No,Store Pickup,No,No,15,Net Banking,Quarterly
3092,68,Female,Dress,Clothing,6885,West Bengal,L,Orange,Winter,3.4,No,2-Day Shipping,No,No,46,Credit Card,Annually
3093,52,Female,Sunglasses,Accessories,4590,Utah,L,Silver,Fall,3.5,No,Next Day Air,No,No,14,Net Banking,Bi-Weekly
3094,29,Female,Socks,Clothing,5355,Pennsylvania,L,Red,Summer,4.8,No,Store Pickup,No,No,17,Cash,Every 3 Months
3095,22,Female,Sandals,Footwear,5015,Georgia,M,Gray,Summer,2.7,No,Store Pickup,No,No,9,Cash,Weekly
3096,62,Female,Hat,Accessories,4505,Minnesota,S,Beige,Fall,3.4,No,Standard,No,No,13,PhonePe,Fortnightly
3097,69,Female,Shirt,Clothing,5355,Kansas,L,White,Winter,3.5,No,Next Day Air,No,No,20,Net Banking,Monthly
3098,48,Female,Shoes,Footwear,2805,Gujarat,M,Silver,Fall,3.7,No,Free Shipping,No,No,39,Net Banking,Quarterly
3099,66,Female,Pants,Clothing,5440,New Mexico,L,Cyan,Summer,3.3,No,Next Day Air,No,No,50,Net Banking,Quarterly
3100,42,Female,Shirt,Clothing,8330,Michigan,S,Maroon,Fall,2.9,No,Free Shipping,No,No,21,Net Banking,Bi-Weekly
3101,50,Female,Hat,Accessories,7225,Vermont,L,Purple,Winter,3.9,No,Express,No,No,3,Net Banking,Weekly
3102,32,Female,Jewelry,Accessories,6970,Idaho,S,Brown,Summer,2.7,No,Express,No,No,9,Google Pay,Fortnightly
3103,51,Female,Jacket,Outerwear,7225,South Dakota,M,Green,Summer,4.3,No,Standard,No,No,29,Cash,Bi-Weekly
3104,27,Female,Shirt,Clothing,3145,Bihar,S,Peach,Winter,3,No,2-Day Shipping,No,No,42,Net Banking,Weekly
3105,43,Female,Pants,Clothing,4760,Georgia,S,Turquoise,Summer,5,No,2-Day Shipping,No,No,41,Debit Card,Fortnightly
3106,48,Female,Skirt,Clothing,2805,Tamil Nadu,M,Olive,Fall,2.7,No,Express,No,No,17,Debit Card,Monthly
3107,62,Female,Sandals,Footwear,4845,Alabama,M,Yellow,Winter,4.7,No,Next Day Air,No,No,20,Google Pay,Annually
3108,65,Female,Blouse,Clothing,2635,Hawaii,L,Gray,Winter,4.6,No,Standard,No,No,18,Credit Card,Bi-Weekly
3109,50,Female,Socks,Clothing,5865,Tamil Nadu,M,Purple,Fall,3.2,No,2-Day Shipping,No,No,7,Google Pay,Monthly
3110,60,Female,Jacket,Outerwear,7820,Bihar,M,Gray,Winter,4.3,No,Free Shipping,No,No,47,Net Banking,Fortnightly
3111,19,Female,Handbag,Accessories,3910,Telangana,L,Lavender,Fall,4.6,No,Next Day Air,No,No,2,Net Banking,Bi-Weekly
3112,21,Female,Belt,Accessories,6885,Kansas,XL,Indigo,Spring,4.9,No,Free Shipping,No,No,25,Debit Card,Quarterly
3113,19,Female,Blouse,Clothing,8245,Telangana,S,Green,Fall,3.8,No,Express,No,No,26,PhonePe,Annually
3114,46,Female,Shirt,Clothing,7905,Nebraska,L,Green,Summer,2.6,No,Express,No,No,2,Debit Card,Weekly
3115,21,Female,Handbag,Accessories,4760,Rajasthan,M,Olive,Spring,4.7,No,Store Pickup,No,No,45,PhonePe,Bi-Weekly
3116,26,Female,Scarf,Accessories,4505,South Dakota,M,Charcoal,Fall,4.1,No,Free Shipping,No,No,9,Net Banking,Bi-Weekly
3117,50,Female,Coat,Outerwear,5610,Maharastra,L,Gray,Spring,3.7,No,Store Pickup,No,No,1,PhonePe,Weekly
3118,43,Female,Hoodie,Clothing,4250,Tamil Nadu,M,Olive,Fall,3,No,Free Shipping,No,No,4,Google Pay,Bi-Weekly
3119,61,Female,Shorts,Clothing,8245,Kerala,L,Blue,Summer,4.7,No,Standard,No,No,31,Debit Card,Quarterly
3120,63,Female,Sandals,Footwear,6715,Punjab,XL,Silver,Winter,4.7,No,2-Day Shipping,No,No,21,Credit Card,Every 3 Months
3121,46,Female,Shirt,Clothing,6460,Punjab,M,Magenta,Fall,4,No,Store Pickup,No,No,32,Debit Card,Fortnightly
3122,63,Female,Hoodie,Clothing,3230,Punjab,L,Black,Fall,2.6,No,Standard,No,No,16,PhonePe,Weekly
3123,23,Female,Socks,Clothing,3825,Georgia,M,Pink,Fall,3,No,Express,No,No,34,Credit Card,Fortnightly
3124,57,Female,Handbag,Accessories,6545,Assam,XL,Red,Fall,3.3,No,Next Day Air,No,No,40,PhonePe,Bi-Weekly
3125,57,Female,Jewelry,Accessories,4335,Andhra Pradesh,M,Peach,Summer,3.4,No,Standard,No,No,4,Cash,Every 3 Months
3126,33,Female,Coat,Outerwear,2210,Tamil Nadu,L,Lavender,Spring,4,No,Standard,No,No,3,Cash,Quarterly
3127,57,Female,Sunglasses,Accessories,6460,Andhra Pradesh,L,Lavender,Winter,2.6,No,Store Pickup,No,No,28,Net Banking,Bi-Weekly
3128,55,Female,Gloves,Accessories,7990,Punjab,M,Beige,Winter,3.4,No,Free Shipping,No,No,43,Credit Card,Every 3 Months
3129,65,Female,Jacket,Outerwear,2720,Rajasthan,S,Indigo,Fall,4.4,No,Standard,No,No,20,Cash,Annually
3130,60,Female,Sandals,Footwear,1700,Maryland,S,Cyan,Summer,4.7,No,Express,No,No,40,PhonePe,Every 3 Months
3131,52,Female,Pants,Clothing,1700,Vermont,M,Yellow,Summer,4.5,No,Store Pickup,No,No,34,PhonePe,Every 3 Months
3132,34,Female,Jacket,Outerwear,5015,North Dakota,M,Peach,Fall,2.9,No,Store Pickup,No,No,11,Net Banking,Every 3 Months
3133,33,Female,Sweater,Clothing,8245,Michigan,M,Yellow,Summer,4.2,No,Express,No,No,26,Cash,Quarterly
3134,58,Female,T-shirt,Clothing,5780,Rajasthan,M,Orange,Spring,4.1,No,Next Day Air,No,No,29,Cash,Bi-Weekly
3135,35,Female,Boots,Footwear,5610,Karnataka,L,Gray,Spring,4.4,No,Store Pickup,No,No,47,Net Banking,Weekly
3136,68,Female,Shoes,Footwear,7225,Indiana,L,Yellow,Spring,4.7,No,Free Shipping,No,No,48,PhonePe,Fortnightly
3137,58,Female,Skirt,Clothing,2720,Minnesota,M,Gray,Fall,3.1,No,Next Day Air,No,No,29,Cash,Bi-Weekly
3138,34,Female,Coat,Outerwear,3740,Punjab,M,Turquoise,Spring,2.7,No,2-Day Shipping,No,No,14,Net Banking,Monthly
3139,47,Female,Blouse,Clothing,8075,Karnataka,L,Gray,Fall,4.6,No,Next Day Air,No,No,40,Cash,Every 3 Months
3140,35,Female,Sunglasses,Accessories,7225,Georgia,M,Olive,Winter,4.4,No,Next Day Air,No,No,4,PhonePe,Weekly
3141,34,Female,Gloves,Accessories,3740,Alaska,XL,Peach,Summer,4.6,No,Free Shipping,No,No,37,Net Banking,Weekly
3142,36,Female,Sunglasses,Accessories,2550,Mississippi,S,Peach,Winter,4.9,No,Express,No,No,47,Credit Card,Bi-Weekly
3143,23,Female,Sneakers,Footwear,1785,Kansas,L,Magenta,Winter,4,No,2-Day Shipping,No,No,1,PhonePe,Quarterly
3144,68,Female,Hoodie,Clothing,1870,Arizona,M,Purple,Summer,2.9,No,Store Pickup,No,No,26,Cash,Quarterly
3145,23,Female,Boots,Footwear,5950,Andhra Pradesh,L,Beige,Spring,2.6,No,Free Shipping,No,No,12,Debit Card,Quarterly
3146,57,Female,Handbag,Accessories,2465,Telangana,XL,Purple,Spring,4.6,No,Standard,No,No,16,Google Pay,Fortnightly
3147,21,Female,Shirt,Clothing,7055,Kerala,S,Yellow,Winter,4.9,No,Free Shipping,No,No,19,Google Pay,Annually
3148,45,Female,Sweater,Clothing,8415,North Dakota,M,Pink,Winter,4.3,No,Express,No,No,21,Credit Card,Weekly
3149,37,Female,Shorts,Clothing,2975,Kerala,L,Purple,Fall,4.3,No,Free Shipping,No,No,15,PhonePe,Weekly
3150,18,Female,Belt,Accessories,3400,North Carolina,M,Lavender,Winter,4.6,No,Free Shipping,No,No,9,PhonePe,Annually
3151,55,Female,Blouse,Clothing,2125,Georgia,M,Peach,Spring,2.6,No,Express,No,No,7,Net Banking,Bi-Weekly
3152,52,Female,T-shirt,Clothing,5440,New Mexico,L,Orange,Fall,3.1,No,2-Day Shipping,No,No,47,Net Banking,Quarterly
3153,49,Female,Belt,Accessories,7650,North Carolina,M,Red,Fall,3.1,No,Store Pickup,No,No,17,Google Pay,Monthly
3154,56,Female,Socks,Clothing,7480,Alabama,L,Red,Fall,3.1,No,Next Day Air,No,No,46,PhonePe,Fortnightly
3155,27,Female,Belt,Accessories,4675,Connecticut,M,Gold,Winter,4.4,No,Standard,No,No,32,Cash,Quarterly
3156,22,Female,Handbag,Accessories,7650,Maharastra,M,Brown,Fall,4.3,No,Free Shipping,No,No,34,Cash,Annually
3157,18,Female,Shirt,Clothing,4250,Maharastra,M,Black,Winter,3.1,No,2-Day Shipping,No,No,18,Cash,Monthly
3158,21,Female,Belt,Accessories,2890,Andhra Pradesh,L,Red,Fall,3.1,No,Store Pickup,No,No,5,Debit Card,Fortnightly
3159,30,Female,Jewelry,Accessories,6545,Mississippi,M,Gray,Winter,4.9,No,2-Day Shipping,No,No,44,Credit Card,Monthly
3160,62,Female,Hat,Accessories,7565,Punjab,L,Pink,Winter,2.9,No,Store Pickup,No,No,4,Net Banking,Quarterly
3161,28,Female,Backpack,Accessories,7395,Nebraska,XL,Turquoise,Fall,3.8,No,Next Day Air,No,No,37,Cash,Fortnightly
3162,66,Female,Dress,Clothing,6545,Telangana,S,Charcoal,Winter,4.2,No,2-Day Shipping,No,No,43,Cash,Monthly
3163,66,Female,Shoes,Footwear,7225,Wisconsin,L,Blue,Winter,3.9,No,Standard,No,No,28,Net Banking,Quarterly
3164,49,Female,Pants,Clothing,5610,Nebraska,XL,Turquoise,Summer,2.8,No,Express,No,No,36,Cash,Monthly
3165,40,Female,Dress,Clothing,2720,Arizona,L,Silver,Winter,2.6,No,Standard,No,No,16,Credit Card,Annually
3166,49,Female,Jacket,Outerwear,7820,Hawaii,M,Lavender,Spring,3,No,Store Pickup,No,No,38,Net Banking,Every 3 Months
3167,19,Female,Shirt,Clothing,6800,Georgia,M,Gold,Winter,2.7,No,Next Day Air,No,No,37,Net Banking,Fortnightly
3168,24,Female,Dress,Clothing,6630,Tamil Nadu,M,Blue,Fall,2.8,No,2-Day Shipping,No,No,9,Cash,Bi-Weekly
3169,31,Female,Jeans,Clothing,2040,Maharastra,M,Orange,Spring,2.9,No,2-Day Shipping,No,No,14,Google Pay,Fortnightly
3170,35,Female,T-shirt,Clothing,5015,Georgia,M,White,Fall,3.8,No,Free Shipping,No,No,3,PhonePe,Weekly
3171,65,Female,Sunglasses,Accessories,3485,Karnataka,XL,Charcoal,Spring,4.4,No,Express,No,No,10,Credit Card,Fortnightly
3172,68,Female,Jewelry,Accessories,2210,Tennessee,M,Maroon,Spring,3.1,No,Express,No,No,26,Net Banking,Bi-Weekly
3173,57,Female,Socks,Clothing,4420,Haryana,M,Olive,Fall,3.7,No,Standard,No,No,30,Debit Card,Bi-Weekly
3174,69,Female,Skirt,Clothing,3910,Washington,L,Teal,Summer,4.9,No,Next Day Air,No,No,32,Google Pay,Fortnightly
3175,45,Female,Pants,Clothing,4420,Odisha,L,Orange,Winter,3.8,No,Store Pickup,No,No,35,Google Pay,Monthly
3176,35,Female,Socks,Clothing,3570,Connecticut,M,Maroon,Fall,3.4,No,Store Pickup,No,No,26,Debit Card,Every 3 Months
3177,36,Female,Sandals,Footwear,3145,Rajasthan,XL,Turquoise,Spring,4.6,No,2-Day Shipping,No,No,39,Credit Card,Monthly
3178,55,Female,Belt,Accessories,4420,Haryana,L,Beige,Fall,3.2,No,Standard,No,No,31,Credit Card,Monthly
3179,66,Female,Sandals,Footwear,2890,Washington,L,Beige,Spring,2.7,No,Free Shipping,No,No,28,Credit Card,Annually
3180,57,Female,Shorts,Clothing,7480,Idaho,M,Olive,Spring,4.3,No,Free Shipping,No,No,12,Debit Card,Bi-Weekly
3181,18,Female,Handbag,Accessories,7480,Maharastra,L,Turquoise,Fall,3.8,No,Standard,No,No,46,Google Pay,Weekly
3182,31,Female,Jacket,Outerwear,4335,Maharastra,M,Charcoal,Summer,4.4,No,Free Shipping,No,No,27,Google Pay,Every 3 Months
3183,50,Female,Sunglasses,Accessories,8245,Georgia,L,Green,Fall,3.6,No,Free Shipping,No,No,4,Credit Card,Annually
3184,50,Female,Sneakers,Footwear,4760,Mississippi,M,Green,Winter,3.5,No,Standard,No,No,14,Cash,Every 3 Months
3185,61,Female,Sweater,Clothing,4505,Hawaii,L,Green,Spring,4.2,No,2-Day Shipping,No,No,30,PhonePe,Quarterly
3186,52,Female,Skirt,Clothing,6035,Ohio,L,Gold,Fall,4.7,No,Express,No,No,6,Google Pay,Annually
3187,38,Female,Jewelry,Accessories,7905,Kerala,S,Cyan,Winter,4.8,No,Store Pickup,No,No,43,PhonePe,Annually
3188,67,Female,Blouse,Clothing,6120,Telangana,L,Indigo,Winter,3.2,No,Free Shipping,No,No,28,Debit Card,Weekly
3189,42,Female,Blouse,Clothing,5015,Vermont,M,Lavender,Winter,3.5,No,Standard,No,No,39,Net Banking,Monthly
3190,25,Female,Boots,Footwear,7395,Kansas,M,Beige,Summer,4.2,No,Store Pickup,No,No,30,Google Pay,Bi-Weekly
3191,41,Female,Jeans,Clothing,6630,Andhra Pradesh,S,Purple,Fall,3.4,No,Free Shipping,No,No,5,Credit Card,Fortnightly
3192,62,Female,Hoodie,Clothing,5780,Mississippi,XL,Maroon,Winter,4.7,No,Store Pickup,No,No,42,Credit Card,Every 3 Months
3193,19,Female,Sweater,Clothing,6460,Assam,S,Maroon,Fall,3,No,Free Shipping,No,No,20,Cash,Fortnightly
3194,63,Female,Gloves,Accessories,8415,Kerala,L,Teal,Winter,4,No,Express,No,No,35,Credit Card,Fortnightly
3195,43,Female,Sneakers,Footwear,4420,Maryland,L,Gold,Summer,4.6,No,Standard,No,No,10,Credit Card,Bi-Weekly
3196,68,Female,Sunglasses,Accessories,4930,Haryana,S,Red,Spring,4.9,No,Next Day Air,No,No,36,Credit Card,Quarterly
3197,24,Female,Belt,Accessories,5015,Wisconsin,L,Maroon,Winter,2.8,No,Express,No,No,21,Debit Card,Fortnightly
3198,27,Female,Sweater,Clothing,6035,Andhra Pradesh,M,Teal,Spring,3.2,No,Free Shipping,No,No,29,Credit Card,Every 3 Months
3199,61,Female,Gloves,Accessories,7990,Pennsylvania,L,Peach,Winter,2.8,No,Free Shipping,No,No,39,Debit Card,Weekly
3200,59,Female,Handbag,Accessories,3400,Andhra Pradesh,XL,Pink,Winter,4.2,No,Express,No,No,16,Google Pay,Monthly
3201,67,Female,Socks,Clothing,2040,Haryana,L,Black,Spring,4.8,No,Free Shipping,No,No,32,Credit Card,Monthly
3202,46,Female,Pants,Clothing,3230,Vermont,S,Indigo,Fall,2.8,No,2-Day Shipping,No,No,34,Cash,Monthly
3203,65,Female,Scarf,Accessories,3145,Wisconsin,L,Green,Fall,4.5,No,Standard,No,No,38,PhonePe,Annually
3204,63,Female,Coat,Outerwear,2465,New Jersey,L,Teal,Spring,4.1,No,Express,No,No,14,PhonePe,Annually
3205,57,Female,Jacket,Outerwear,7820,New Mexico,XL,Lavender,Fall,4.3,No,Free Shipping,No,No,23,Debit Card,Bi-Weekly
3206,40,Female,Hoodie,Clothing,2040,Colorado,XL,Magenta,Fall,4.4,No,2-Day Shipping,No,No,50,Net Banking,Every 3 Months
3207,36,Female,Boots,Footwear,4420,Andhra Pradesh,M,Brown,Winter,3,No,Free Shipping,No,No,49,Google Pay,Monthly
3208,67,Female,Socks,Clothing,2465,Arizona,XL,Beige,Summer,2.7,No,Next Day Air,No,No,14,Google Pay,Annually
3209,61,Female,Jewelry,Accessories,2550,Indiana,L,Indigo,Winter,3.3,No,2-Day Shipping,No,No,42,Google Pay,Weekly
3210,64,Female,Shoes,Footwear,2635,Rajasthan,L,Peach,Fall,4.3,No,Standard,No,No,39,Debit Card,Annually
3211,30,Female,Socks,Clothing,5695,West Bengal,M,Magenta,Summer,2.9,No,Express,No,No,43,PhonePe,Bi-Weekly
3212,53,Female,Pants,Clothing,5525,Karnataka,L,Turquoise,Winter,4.9,No,Standard,No,No,12,Cash,Monthly
3213,27,Female,Sneakers,Footwear,1870,Kerala,M,Indigo,Winter,3.6,No,2-Day Shipping,No,No,21,Debit Card,Weekly
3214,27,Female,Sunglasses,Accessories,4760,Telangana,M,Brown,Winter,3.3,No,Standard,No,No,33,Credit Card,Monthly
3215,53,Female,Skirt,Clothing,6630,Washington,M,Yellow,Spring,3.1,No,Free Shipping,No,No,6,Debit Card,Annually
3216,34,Female,Coat,Outerwear,7650,Karnataka,M,Magenta,Summer,2.7,No,Free Shipping,No,No,10,Google Pay,Every 3 Months
3217,39,Female,Hoodie,Clothing,7225,Bihar,S,Olive,Winter,3.4,No,Next Day Air,No,No,18,Cash,Weekly
3218,44,Female,Sunglasses,Accessories,4930,Tamil Nadu,M,Silver,Fall,3.4,No,Express,No,No,46,PhonePe,Weekly
3219,37,Female,Skirt,Clothing,2890,Tamil Nadu,M,Teal,Fall,3.9,No,Express,No,No,49,Google Pay,Monthly
3220,57,Female,Coat,Outerwear,3400,Kansas,L,White,Summer,3.5,No,2-Day Shipping,No,No,39,Credit Card,Weekly
3221,38,Female,Handbag,Accessories,2465,North Dakota,M,Blue,Fall,4.1,No,Free Shipping,No,No,16,Cash,Monthly
3222,21,Female,T-shirt,Clothing,6460,New Hampshire,M,Yellow,Winter,3.2,No,Standard,No,No,28,Cash,Annually
3223,45,Female,Sunglasses,Accessories,7140,Telangana,S,Maroon,Fall,4.6,No,Store Pickup,No,No,22,Google Pay,Quarterly
3224,68,Female,Shirt,Clothing,5525,Maharastra,S,Gray,Spring,3.9,No,Standard,No,No,36,PhonePe,Bi-Weekly
3225,37,Female,Hoodie,Clothing,6800,Gujarat,L,Indigo,Winter,2.7,No,Free Shipping,No,No,18,Google Pay,Monthly
3226,53,Female,Blouse,Clothing,8330,New Hampshire,M,Pink,Fall,3,No,Store Pickup,No,No,31,Credit Card,Weekly
3227,57,Female,Sneakers,Footwear,6035,Minnesota,XL,Beige,Spring,3.3,No,Next Day Air,No,No,38,Net Banking,Fortnightly
3228,28,Female,Scarf,Accessories,5865,Alaska,XL,White,Fall,2.7,No,Free Shipping,No,No,42,Debit Card,Quarterly
3229,37,Female,Jewelry,Accessories,8075,Connecticut,M,Yellow,Spring,4.6,No,2-Day Shipping,No,No,27,Google Pay,Annually
3230,54,Female,Pants,Clothing,5695,Connecticut,M,Teal,Fall,2.7,No,Express,No,No,24,Cash,Monthly
3231,49,Female,Sneakers,Footwear,4165,Kansas,M,Olive,Summer,2.5,No,Next Day Air,No,No,38,Debit Card,Annually
3232,62,Female,Shoes,Footwear,8245,West Bengal,M,Maroon,Winter,4.4,No,Free Shipping,No,No,9,Credit Card,Annually
3233,45,Female,T-shirt,Clothing,2890,Telangana,M,White,Spring,4,No,Next Day Air,No,No,19,Net Banking,Monthly
3234,45,Female,Belt,Accessories,6290,Indiana,M,Lavender,Fall,3.8,No,Express,No,No,11,Debit Card,Bi-Weekly
3235,49,Female,Jewelry,Accessories,8160,Washington,M,Black,Winter,2.5,No,2-Day Shipping,No,No,16,Debit Card,Quarterly
3236,27,Female,Belt,Accessories,5780,Kansas,M,Green,Summer,4,No,Free Shipping,No,No,18,PhonePe,Monthly
3237,63,Female,Belt,Accessories,7140,South Carolina,L,Olive,Fall,4.1,No,Next Day Air,No,No,8,Cash,Monthly
3238,61,Female,T-shirt,Clothing,4845,Vermont,M,Gray,Summer,2.8,No,Express,No,No,4,Cash,Weekly
3239,25,Female,Sneakers,Footwear,7140,Kerala,XL,Teal,Fall,3.4,No,2-Day Shipping,No,No,37,Cash,Quarterly
3240,33,Female,Sunglasses,Accessories,2720,Colorado,M,Charcoal,Fall,2.7,No,2-Day Shipping,No,No,30,Cash,Monthly
3241,56,Female,Sandals,Footwear,3145,Kerala,M,Violet,Fall,3.8,No,2-Day Shipping,No,No,37,Net Banking,Monthly
3242,50,Female,Handbag,Accessories,4930,Connecticut,M,Lavender,Summer,4.4,No,Store Pickup,No,No,30,Google Pay,Quarterly
3243,45,Female,Socks,Clothing,6290,Tamil Nadu,S,Beige,Fall,2.8,No,Express,No,No,17,PhonePe,Weekly
3244,45,Female,Hoodie,Clothing,8415,Idaho,L,Black,Summer,5,No,Store Pickup,No,No,11,Net Banking,Every 3 Months
3245,65,Female,Sweater,Clothing,6885,Rajasthan,M,Black,Fall,4.7,No,Express,No,No,42,Credit Card,Annually
3246,63,Female,Pants,Clothing,6460,Kansas,M,Purple,Fall,3.2,No,Next Day Air,No,No,20,Cash,Weekly
3247,70,Female,Sneakers,Footwear,8330,Michigan,M,Magenta,Summer,2.9,No,Store Pickup,No,No,37,Cash,Monthly
3248,53,Female,Gloves,Accessories,7735,Rajasthan,M,Teal,Summer,3.7,No,Express,No,No,12,Google Pay,Fortnightly
3249,22,Female,T-shirt,Clothing,6715,Pennsylvania,S,Teal,Summer,4.2,No,Free Shipping,No,No,41,Net Banking,Quarterly
3250,26,Female,Backpack,Accessories,7055,Kerala,M,Pink,Summer,3.4,No,Express,No,No,32,Credit Card,Quarterly
3251,23,Female,Coat,Outerwear,7650,Minnesota,M,Teal,Spring,2.9,No,2-Day Shipping,No,No,15,PhonePe,Weekly
3252,25,Female,Coat,Outerwear,1700,West Bengal,M,Gold,Winter,3.7,No,Standard,No,No,39,PhonePe,Quarterly
3253,69,Female,Sandals,Footwear,1785,Maharastra,L,Brown,Spring,2.7,No,Store Pickup,No,No,48,Credit Card,Fortnightly
3254,36,Female,Backpack,Accessories,5100,Nebraska,M,Brown,Fall,3.2,No,2-Day Shipping,No,No,8,PhonePe,Fortnightly
3255,21,Female,Sweater,Clothing,2635,Indiana,S,Magenta,Winter,4.9,No,Store Pickup,No,No,11,Net Banking,Every 3 Months
3256,57,Female,Shorts,Clothing,3400,New Jersey,M,Black,Fall,2.8,No,Next Day Air,No,No,36,Net Banking,Monthly
3257,60,Female,Sunglasses,Accessories,2210,Wisconsin,L,Teal,Winter,4.7,No,Free Shipping,No,No,50,PhonePe,Every 3 Months
3258,44,Female,Shirt,Clothing,8330,Minnesota,M,Brown,Fall,3.3,No,Express,No,No,39,PhonePe,Every 3 Months
3259,31,Female,Shoes,Footwear,4335,New Jersey,M,Magenta,Spring,4.3,No,Express,No,No,11,Credit Card,Bi-Weekly
3260,57,Female,Hat,Accessories,8075,Odisha,XL,Indigo,Fall,3.7,No,2-Day Shipping,No,No,5,Debit Card,Every 3 Months
3261,39,Female,Scarf,Accessories,3060,Wisconsin,M,Violet,Summer,4.5,No,2-Day Shipping,No,No,7,Credit Card,Annually
3262,48,Female,Belt,Accessories,4420,Karnataka,L,Cyan,Winter,3.4,No,Store Pickup,No,No,50,Debit Card,Weekly
3263,42,Female,T-shirt,Clothing,2975,Indiana,M,Violet,Spring,2.7,No,Standard,No,No,21,Cash,Every 3 Months
3264,56,Female,Shorts,Clothing,5780,Vermont,S,Black,Fall,4.4,No,Express,No,No,31,Debit Card,Fortnightly
3265,28,Female,Pants,Clothing,4250,Andhra Pradesh,S,Charcoal,Winter,4,No,Express,No,No,39,Cash,Bi-Weekly
3266,40,Female,Sunglasses,Accessories,8500,Alabama,M,White,Winter,3.2,No,Express,No,No,28,Credit Card,Fortnightly
3267,49,Female,Coat,Outerwear,6290,Alabama,S,Gray,Winter,4.2,No,Next Day Air,No,No,33,Net Banking,Weekly
3268,37,Female,Hoodie,Clothing,3825,Idaho,L,Pink,Winter,3,No,Store Pickup,No,No,42,Credit Card,Quarterly
3269,22,Female,Dress,Clothing,8245,Rajasthan,M,Cyan,Fall,2.8,No,Free Shipping,No,No,5,Net Banking,Every 3 Months
3270,27,Female,Blouse,Clothing,5100,Ohio,M,Blue,Winter,4.9,No,Express,No,No,25,Cash,Monthly
3271,59,Female,Socks,Clothing,2125,Bihar,M,Indigo,Winter,4.7,No,Express,No,No,48,Google Pay,Annually
3272,35,Female,Socks,Clothing,4675,West Bengal,XL,Magenta,Spring,4.4,No,Standard,No,No,30,Credit Card,Weekly
3273,58,Female,Shoes,Footwear,8415,Telangana,M,Lavender,Winter,3.1,No,Next Day Air,No,No,34,Google Pay,Quarterly
3274,58,Female,Belt,Accessories,3825,West Bengal,S,Orange,Summer,2.6,No,Free Shipping,No,No,34,Google Pay,Every 3 Months
3275,46,Female,Sweater,Clothing,1700,Odisha,M,Cyan,Spring,3.9,No,Store Pickup,No,No,14,Cash,Fortnightly
3276,43,Female,Pants,Clothing,7480,Alabama,XL,Green,Summer,2.6,No,2-Day Shipping,No,No,2,Debit Card,Weekly
3277,39,Female,Scarf,Accessories,8415,South Dakota,M,White,Summer,4,No,Store Pickup,No,No,41,Google Pay,Every 3 Months
3278,59,Female,Skirt,Clothing,7310,Telangana,M,Blue,Spring,4.9,No,Store Pickup,No,No,3,Credit Card,Monthly
3279,59,Female,Dress,Clothing,5950,Maharastra,M,Black,Summer,3.3,No,2-Day Shipping,No,No,18,Net Banking,Weekly
3280,59,Female,Hat,Accessories,4250,Kerala,S,Red,Fall,3,No,Express,No,No,1,Debit Card,Fortnightly
3281,45,Female,Handbag,Accessories,4845,New York,L,Red,Winter,2.7,No,Next Day Air,No,No,5,Google Pay,Monthly
3282,27,Female,Pants,Clothing,5865,Tamil Nadu,L,Gold,Winter,3.1,No,Free Shipping,No,No,41,Net Banking,Annually
3283,24,Female,T-shirt,Clothing,7990,Andhra Pradesh,M,Red,Fall,4.8,No,Next Day Air,No,No,5,Credit Card,Monthly
3284,47,Female,Jacket,Outerwear,2040,North Carolina,L,Purple,Spring,2.9,No,Express,No,No,10,Debit Card,Every 3 Months
3285,70,Female,Scarf,Accessories,6715,Karnataka,L,White,Spring,4.5,No,2-Day Shipping,No,No,20,PhonePe,Annually
3286,58,Female,Hat,Accessories,2635,Hawaii,XL,Magenta,Fall,4.6,No,Free Shipping,No,No,11,Cash,Weekly
3287,45,Female,Jacket,Outerwear,5695,Bihar,L,Pink,Winter,5,No,Express,No,No,4,PhonePe,Fortnightly
3288,24,Female,Skirt,Clothing,5355,Kerala,L,Black,Spring,4.3,No,2-Day Shipping,No,No,38,Credit Card,Weekly
3289,67,Female,Handbag,Accessories,5185,South Carolina,XL,White,Spring,4.9,No,Next Day Air,No,No,19,Credit Card,Bi-Weekly
3290,31,Female,Backpack,Accessories,4250,Maharastra,M,Maroon,Summer,4,No,2-Day Shipping,No,No,16,PhonePe,Every 3 Months
3291,52,Female,Coat,Outerwear,6970,North Dakota,L,Black,Spring,3.1,No,Free Shipping,No,No,2,Google Pay,Monthly
3292,29,Female,Belt,Accessories,4335,New Mexico,L,Olive,Fall,2.6,No,2-Day Shipping,No,No,11,Cash,Monthly
3293,62,Female,Handbag,Accessories,1955,Haryana,L,Gray,Spring,4.9,No,Standard,No,No,18,Net Banking,Fortnightly
3294,19,Female,Coat,Outerwear,7735,Kerala,M,Gold,Spring,3.5,No,2-Day Shipping,No,No,47,Credit Card,Fortnightly
3295,62,Female,Sweater,Clothing,5100,South Carolina,S,Magenta,Spring,4.5,No,Store Pickup,No,No,15,Net Banking,Bi-Weekly
3296,70,Female,Blouse,Clothing,2890,Kerala,S,Lavender,Summer,2.8,No,Next Day Air,No,No,15,Cash,Weekly
3297,20,Female,Blouse,Clothing,1955,Alaska,M,Green,Spring,4.2,No,Next Day Air,No,No,47,PhonePe,Quarterly
3298,67,Female,Belt,Accessories,6970,Kerala,M,Violet,Fall,4.1,No,Free Shipping,No,No,47,Google Pay,Monthly
3299,65,Female,Jacket,Outerwear,6205,New Mexico,M,Brown,Fall,3.5,No,Express,No,No,6,Net Banking,Every 3 Months
3300,45,Female,Shorts,Clothing,2720,South Dakota,L,Teal,Spring,4,No,2-Day Shipping,No,No,18,PhonePe,Monthly
3301,26,Female,Hat,Accessories,6800,Odisha,M,Charcoal,Spring,4,No,Express,No,No,40,Net Banking,Bi-Weekly
3302,36,Female,Pants,Clothing,4930,Odisha,XL,Charcoal,Summer,2.5,No,Free Shipping,No,No,31,Credit Card,Fortnightly
3303,36,Female,Blouse,Clothing,6970,Alabama,XL,Beige,Winter,4.2,No,Standard,No,No,31,PhonePe,Bi-Weekly
3304,20,Female,Belt,Accessories,5100,Mississippi,S,Turquoise,Summer,3.4,No,Next Day Air,No,No,4,Credit Card,Fortnightly
3305,30,Female,Handbag,Accessories,6715,Mississippi,XL,Orange,Fall,4.8,No,Next Day Air,No,No,36,Net Banking,Every 3 Months
3306,34,Female,Hoodie,Clothing,3485,Nebraska,L,Cyan,Summer,4.9,No,Standard,No,No,31,Google Pay,Bi-Weekly
3307,63,Female,Jacket,Outerwear,3315,Colorado,L,Orange,Summer,3.6,No,Store Pickup,No,No,6,PhonePe,Fortnightly
3308,18,Female,Scarf,Accessories,3060,Pennsylvania,S,Green,Winter,4,No,Store Pickup,No,No,1,Cash,Monthly
3309,55,Female,Jeans,Clothing,5950,Utah,M,Pink,Fall,2.6,No,Express,No,No,29,Cash,Monthly
3310,48,Female,Handbag,Accessories,3995,Telangana,M,Blue,Summer,3.1,No,Store Pickup,No,No,19,Google Pay,Monthly
3311,45,Female,Jacket,Outerwear,2295,Assam,M,Pink,Winter,3.6,No,Free Shipping,No,No,12,Google Pay,Fortnightly
3312,29,Female,Hat,Accessories,4420,Tamil Nadu,L,Blue,Summer,4,No,Express,No,No,18,Net Banking,Annually
3313,55,Female,Sneakers,Footwear,6375,Punjab,L,Black,Summer,3.9,No,Next Day Air,No,No,45,Cash,Quarterly
3314,55,Female,Hat,Accessories,2550,Kansas,XL,Black,Fall,3.9,No,Express,No,No,45,Credit Card,Monthly
3315,55,Female,Socks,Clothing,7990,Kansas,M,Violet,Spring,3.3,No,Standard,No,No,8,Credit Card,Quarterly
3316,48,Female,Scarf,Accessories,5780,Karnataka,S,Gold,Summer,2.9,No,Standard,No,No,4,Google Pay,Every 3 Months
3317,42,Female,Socks,Clothing,3825,New Mexico,M,Olive,Summer,3.1,No,Free Shipping,No,No,5,Debit Card,Fortnightly
3318,21,Female,Hat,Accessories,5695,North Carolina,XL,Pink,Summer,4.7,No,Standard,No,No,30,Cash,Quarterly
3319,45,Female,Jacket,Outerwear,3910,North Dakota,M,Olive,Summer,3.9,No,Free Shipping,No,No,15,Google Pay,Monthly
3320,23,Female,Shorts,Clothing,2635,North Dakota,M,Indigo,Summer,4.3,No,Next Day Air,No,No,17,Credit Card,Every 3 Months
3321,66,Female,Blouse,Clothing,3740,Bihar,XL,Silver,Fall,4.2,No,2-Day Shipping,No,No,45,Cash,Every 3 Months
3322,32,Female,Coat,Outerwear,8500,Andhra Pradesh,S,Charcoal,Winter,4.3,No,Next Day Air,No,No,3,PhonePe,Annually
3323,52,Female,Sweater,Clothing,7820,Indiana,XL,Orange,Winter,4.6,No,Next Day Air,No,No,43,Google Pay,Weekly
3324,54,Female,Handbag,Accessories,6630,North Dakota,M,Yellow,Winter,3.8,No,Free Shipping,No,No,4,Credit Card,Monthly
3325,37,Female,T-shirt,Clothing,2720,Haryana,S,Red,Fall,3.3,No,Standard,No,No,41,PhonePe,Weekly
3326,29,Female,Sandals,Footwear,8245,Alaska,M,Maroon,Fall,3.7,No,2-Day Shipping,No,No,16,PhonePe,Monthly
3327,47,Female,Gloves,Accessories,8075,North Dakota,M,Magenta,Summer,4.3,No,Standard,No,No,10,Debit Card,Annually
3328,47,Female,Shorts,Clothing,5440,Connecticut,M,Black,Spring,4.1,No,Express,No,No,2,Debit Card,Quarterly
3329,42,Female,Sandals,Footwear,2975,Wisconsin,M,Violet,Spring,3.2,No,Free Shipping,No,No,11,Cash,Bi-Weekly
3330,34,Female,Backpack,Accessories,4590,New Jersey,M,Gray,Winter,3.8,No,Express,No,No,1,Debit Card,Bi-Weekly
3331,38,Female,Sneakers,Footwear,8160,Haryana,M,Black,Spring,3.2,No,2-Day Shipping,No,No,41,Net Banking,Quarterly
3332,55,Female,Sunglasses,Accessories,4930,Andhra Pradesh,M,Pink,Summer,3.5,No,Free Shipping,No,No,39,Google Pay,Quarterly
3333,27,Female,T-shirt,Clothing,1955,Washington,M,Silver,Summer,3.1,No,2-Day Shipping,No,No,1,Google Pay,Bi-Weekly
3334,55,Female,Jeans,Clothing,2975,Minnesota,M,Violet,Spring,4.2,No,Express,No,No,3,Google Pay,Monthly
3335,66,Female,Shirt,Clothing,1955,Andhra Pradesh,M,Beige,Summer,3.4,No,Free Shipping,No,No,21,Credit Card,Annually
3336,44,Female,Hat,Accessories,7990,Telangana,XL,Cyan,Winter,3.5,No,Express,No,No,48,Net Banking,Quarterly
3337,39,Female,Blouse,Clothing,3825,Maharastra,M,Brown,Fall,4,No,Free Shipping,No,No,24,Debit Card,Annually
3338,23,Female,Jacket,Outerwear,1955,Arizona,L,Blue,Winter,4.4,No,2-Day Shipping,No,No,45,Net Banking,Bi-Weekly
3339,29,Female,Skirt,Clothing,7990,Minnesota,L,White,Winter,2.9,No,2-Day Shipping,No,No,46,Credit Card,Monthly
3340,20,Female,Gloves,Accessories,8415,Nebraska,M,Cyan,Fall,3.6,No,Store Pickup,No,No,35,Cash,Fortnightly
3341,42,Female,T-shirt,Clothing,3060,Kerala,XL,Maroon,Fall,4.4,No,Free Shipping,No,No,47,Credit Card,Fortnightly
3342,55,Female,Jacket,Outerwear,4250,Connecticut,XL,Olive,Summer,4.5,No,Standard,No,No,35,Credit Card,Monthly
3343,66,Female,Jacket,Outerwear,6885,New Jersey,M,Violet,Spring,3.8,No,Free Shipping,No,No,45,Credit Card,Weekly
3344,24,Female,Shorts,Clothing,2635,Karnataka,XL,Green,Winter,3.6,No,2-Day Shipping,No,No,6,Cash,Bi-Weekly
3345,62,Female,Hat,Accessories,4080,Washington,XL,Magenta,Fall,4.3,No,Free Shipping,No,No,20,Cash,Annually
3346,28,Female,Handbag,Accessories,7735,Tamil Nadu,M,Turquoise,Summer,4,No,2-Day Shipping,No,No,3,PhonePe,Bi-Weekly
3347,30,Female,Jeans,Clothing,8415,Odisha,M,Black,Summer,3.4,No,Express,No,No,30,PhonePe,Quarterly
3348,22,Female,Shoes,Footwear,5950,Assam,XL,Cyan,Summer,4.4,No,Standard,No,No,28,Google Pay,Bi-Weekly
3349,28,Female,T-shirt,Clothing,6290,New Hampshire,L,Gray,Winter,2.8,No,Standard,No,No,15,Cash,Every 3 Months
3350,35,Female,Jewelry,Accessories,6715,Georgia,M,Red,Fall,2.8,No,Store Pickup,No,No,29,Google Pay,Quarterly
3351,45,Female,Handbag,Accessories,2805,Mississippi,S,Olive,Fall,4.9,No,2-Day Shipping,No,No,15,Cash,Bi-Weekly
3352,43,Female,Shirt,Clothing,4165,New Hampshire,L,Cyan,Spring,4.2,No,2-Day Shipping,No,No,18,Net Banking,Fortnightly
3353,55,Female,Belt,Accessories,8160,Washington,M,Teal,Summer,2.9,No,Next Day Air,No,No,7,Net Banking,Bi-Weekly
3354,31,Female,Dress,Clothing,5610,Ohio,L,Teal,Fall,4.6,No,Free Shipping,No,No,19,Credit Card,Every 3 Months
3355,42,Female,Skirt,Clothing,3825,Maryland,M,Orange,Fall,2.8,No,Next Day Air,No,No,15,Google Pay,Weekly
3356,40,Female,Blouse,Clothing,2380,Gujarat,M,Peach,Spring,2.6,No,Store Pickup,No,No,3,Net Banking,Bi-Weekly
3357,39,Female,Jeans,Clothing,4080,Tennessee,M,Silver,Summer,3.5,No,Store Pickup,No,No,13,Google Pay,Bi-Weekly
3358,41,Female,Hoodie,Clothing,5695,Rajasthan,M,Pink,Winter,3.5,No,Free Shipping,No,No,37,Credit Card,Monthly
3359,56,Female,T-shirt,Clothing,5015,Tennessee,M,Magenta,Fall,3.4,No,2-Day Shipping,No,No,26,Cash,Annually
3360,43,Female,Sunglasses,Accessories,6290,New Hampshire,L,Red,Fall,3.9,No,Next Day Air,No,No,29,Debit Card,Monthly
3361,22,Female,Jacket,Outerwear,6885,Minnesota,M,Maroon,Spring,3.3,No,2-Day Shipping,No,No,47,Cash,Every 3 Months
3362,47,Female,Shoes,Footwear,2210,Tamil Nadu,M,Silver,Spring,4.1,No,Free Shipping,No,No,47,Credit Card,Bi-Weekly
3363,50,Female,Handbag,Accessories,5185,Tennessee,M,Gray,Summer,3,No,Next Day Air,No,No,48,PhonePe,Fortnightly
3364,58,Female,Sweater,Clothing,1955,Andhra Pradesh,M,Turquoise,Winter,3,No,Next Day Air,No,No,46,Net Banking,Bi-Weekly
3365,50,Female,Scarf,Accessories,2805,Tamil Nadu,M,Peach,Fall,3.2,No,Standard,No,No,7,Credit Card,Monthly
3366,43,Female,Skirt,Clothing,4930,Tennessee,L,Teal,Fall,3.9,No,Express,No,No,45,Credit Card,Every 3 Months
3367,38,Female,Gloves,Accessories,5525,North Carolina,M,Red,Spring,3.6,No,2-Day Shipping,No,No,47,Debit Card,Quarterly
3368,44,Female,T-shirt,Clothing,4080,Tennessee,M,Blue,Summer,3.1,No,Store Pickup,No,No,6,PhonePe,Fortnightly
3369,30,Female,Sandals,Footwear,2125,Nebraska,M,Blue,Spring,4.8,No,Express,No,No,29,Net Banking,Every 3 Months
3370,47,Female,Sweater,Clothing,4335,Andhra Pradesh,M,Indigo,Winter,3.8,No,2-Day Shipping,No,No,42,Cash,Monthly
3371,30,Female,Belt,Accessories,2635,Bihar,M,Charcoal,Summer,2.8,No,Store Pickup,No,No,46,Cash,Fortnightly
3372,49,Female,Hoodie,Clothing,8415,Colorado,S,Turquoise,Winter,4,No,Next Day Air,No,No,28,Google Pay,Annually
3373,56,Female,Socks,Clothing,2125,Pennsylvania,M,Maroon,Winter,4.6,No,Free Shipping,No,No,14,Credit Card,Every 3 Months
3374,70,Female,Sandals,Footwear,4420,Minnesota,M,Purple,Spring,3.5,No,Store Pickup,No,No,12,Debit Card,Every 3 Months
3375,22,Female,Blouse,Clothing,3995,West Bengal,S,Lavender,Spring,3.7,No,2-Day Shipping,No,No,41,Debit Card,Annually
3376,51,Female,Boots,Footwear,8330,Connecticut,XL,Yellow,Fall,4.9,No,Express,No,No,8,Credit Card,Annually
3377,22,Female,Hat,Accessories,3910,Ohio,M,Green,Winter,4.1,No,Store Pickup,No,No,24,Cash,Quarterly
3378,37,Female,Shirt,Clothing,2720,Karnataka,M,Yellow,Winter,4.6,No,Next Day Air,No,No,18,Google Pay,Fortnightly
3379,49,Female,Shorts,Clothing,6375,Minnesota,L,Gold,Fall,4.5,No,Next Day Air,No,No,6,Cash,Quarterly
3380,61,Female,Handbag,Accessories,4335,Tennessee,L,Turquoise,Summer,5,No,Store Pickup,No,No,40,Cash,Weekly
3381,41,Female,Dress,Clothing,4420,North Dakota,L,Blue,Summer,3.8,No,Standard,No,No,6,Google Pay,Every 3 Months
3382,57,Female,Hat,Accessories,5610,Minnesota,L,Turquoise,Winter,4.7,No,Standard,No,No,27,Credit Card,Quarterly
3383,34,Female,Sweater,Clothing,2975,Nebraska,M,Maroon,Spring,2.8,No,Express,No,No,2,Net Banking,Weekly
3384,27,Female,Coat,Outerwear,3655,Gujarat,M,Pink,Fall,2.6,No,Next Day Air,No,No,39,PhonePe,Bi-Weekly
3385,39,Female,Hoodie,Clothing,2040,Minnesota,L,Maroon,Summer,3.8,No,Free Shipping,No,No,9,PhonePe,Quarterly
3386,62,Female,Jewelry,Accessories,7055,Karnataka,M,Olive,Winter,2.8,No,Standard,No,No,16,Credit Card,Every 3 Months
3387,34,Female,T-shirt,Clothing,5270,Michigan,M,Lavender,Fall,2.6,No,2-Day Shipping,No,No,36,Cash,Quarterly
3388,53,Female,Pants,Clothing,6630,New Jersey,S,Pink,Spring,3.4,No,2-Day Shipping,No,No,2,Credit Card,Bi-Weekly
3389,35,Female,Sweater,Clothing,5185,South Dakota,M,Cyan,Spring,4.5,No,Store Pickup,No,No,21,Credit Card,Weekly
3390,38,Female,Pants,Clothing,4845,North Carolina,L,Maroon,Fall,3.8,No,Free Shipping,No,No,39,PhonePe,Annually
3391,32,Female,Socks,Clothing,5950,Tamil Nadu,S,Red,Summer,3,No,Next Day Air,No,No,38,Google Pay,Annually
3392,47,Female,Hoodie,Clothing,4845,Maharastra,M,Silver,Fall,3.7,No,2-Day Shipping,No,No,6,Debit Card,Every 3 Months
3393,53,Female,Scarf,Accessories,6290,New Jersey,XL,Blue,Winter,4.4,No,Free Shipping,No,No,6,PhonePe,Bi-Weekly
3394,60,Female,Dress,Clothing,7650,Arizona,M,Gold,Fall,3.1,No,Next Day Air,No,No,50,Debit Card,Monthly
3395,31,Female,Sandals,Footwear,8330,Vermont,S,Yellow,Spring,4.2,No,Store Pickup,No,No,9,Google Pay,Annually
3396,44,Female,Dress,Clothing,3655,Colorado,M,Silver,Winter,3.1,No,Free Shipping,No,No,15,Debit Card,Every 3 Months
3397,29,Female,Pants,Clothing,3145,Tennessee,XL,Black,Winter,5,No,Next Day Air,No,No,5,Google Pay,Quarterly
3398,19,Female,Blouse,Clothing,3230,New Jersey,L,Yellow,Summer,2.7,No,Standard,No,No,13,Net Banking,Bi-Weekly
3399,54,Female,Jeans,Clothing,5100,Maharastra,L,Pink,Winter,3.8,No,Standard,No,No,44,Cash,Fortnightly
3400,40,Female,Pants,Clothing,4675,Maharastra,XL,Yellow,Winter,3.3,No,Standard,No,No,36,Debit Card,Annually
3401,39,Female,Sunglasses,Accessories,4335,West Bengal,M,Lavender,Fall,4.8,No,Free Shipping,No,No,18,PhonePe,Fortnightly
3402,44,Female,Backpack,Accessories,6035,West Bengal,L,Peach,Winter,3.4,No,Standard,No,No,39,Credit Card,Weekly
3403,22,Female,Hoodie,Clothing,5185,Punjab,M,Black,Spring,4.4,No,2-Day Shipping,No,No,11,Google Pay,Every 3 Months
3404,30,Female,Boots,Footwear,5525,Bihar,M,Olive,Summer,3.9,No,Standard,No,No,1,Cash,Bi-Weekly
3405,69,Female,Gloves,Accessories,2890,South Carolina,L,Olive,Fall,3.9,No,2-Day Shipping,No,No,34,Credit Card,Annually
3406,28,Female,Blouse,Clothing,7395,Washington,M,White,Summer,4.2,No,Store Pickup,No,No,47,Net Banking,Bi-Weekly
3407,57,Female,Sweater,Clothing,6715,Nebraska,M,Red,Spring,4,No,Store Pickup,No,No,24,PhonePe,Quarterly
3408,46,Female,Dress,Clothing,3910,Alabama,S,Purple,Spring,2.6,No,Store Pickup,No,No,20,Cash,Quarterly
3409,48,Female,Socks,Clothing,6120,Maharastra,L,Purple,Summer,4.4,No,Standard,No,No,11,Net Banking,Annually
3410,24,Female,Shirt,Clothing,7905,Minnesota,M,Teal,Summer,3.2,No,Next Day Air,No,No,3,Credit Card,Every 3 Months
3411,50,Female,Sandals,Footwear,6460,Ohio,L,Teal,Summer,4.3,No,Free Shipping,No,No,38,Net Banking,Bi-Weekly
3412,29,Female,Shoes,Footwear,4760,New York,L,Gray,Winter,4.9,No,2-Day Shipping,No,No,45,Cash,Weekly
3413,61,Female,Sandals,Footwear,7055,Indiana,M,Magenta,Fall,3.8,No,Store Pickup,No,No,31,PhonePe,Quarterly
3414,34,Female,Gloves,Accessories,7650,Gujarat,XL,Black,Winter,2.5,No,Express,No,No,16,Google Pay,Bi-Weekly
3415,27,Female,Boots,Footwear,7990,Connecticut,M,Maroon,Spring,4.9,No,Next Day Air,No,No,3,Net Banking,Quarterly
3416,38,Female,Blouse,Clothing,5780,New York,M,Gold,Fall,3,No,2-Day Shipping,No,No,15,Net Banking,Annually
3417,25,Female,Sandals,Footwear,4505,Alabama,M,Purple,Spring,3.2,No,Store Pickup,No,No,11,Net Banking,Every 3 Months
3418,54,Female,Coat,Outerwear,2975,Telangana,M,Blue,Summer,2.9,No,2-Day Shipping,No,No,22,Debit Card,Fortnightly
3419,53,Female,Jacket,Outerwear,2550,South Carolina,M,Beige,Summer,2.8,No,Free Shipping,No,No,35,Debit Card,Annually
3420,23,Female,Jewelry,Accessories,2210,Kerala,L,Indigo,Winter,3.1,No,Store Pickup,No,No,5,PhonePe,Bi-Weekly
3421,19,Female,Hat,Accessories,5100,Karnataka,M,Purple,Winter,3.4,No,Express,No,No,35,Google Pay,Bi-Weekly
3422,57,Female,Shoes,Footwear,2550,New Jersey,M,Maroon,Summer,2.9,No,Free Shipping,No,No,27,Google Pay,Weekly
3423,19,Female,Coat,Outerwear,7735,New York,L,Beige,Winter,3.2,No,Next Day Air,No,No,9,PhonePe,Monthly
3424,33,Female,Boots,Footwear,6035,Telangana,M,Brown,Spring,3.8,No,Next Day Air,No,No,21,Google Pay,Bi-Weekly
3425,33,Female,Scarf,Accessories,5440,Tamil Nadu,L,Green,Summer,3.6,No,2-Day Shipping,No,No,23,Credit Card,Monthly
3426,38,Female,Hat,Accessories,4590,Michigan,M,Blue,Summer,4.3,No,Next Day Air,No,No,3,Debit Card,Bi-Weekly
3427,47,Female,Socks,Clothing,2975,Tamil Nadu,XL,Magenta,Fall,4.8,No,2-Day Shipping,No,No,31,Credit Card,Annually
3428,39,Female,T-shirt,Clothing,3230,Michigan,XL,Turquoise,Winter,2.5,No,Store Pickup,No,No,44,Cash,Annually
3429,32,Female,Jewelry,Accessories,5865,Washington,M,Gray,Fall,2.5,No,Next Day Air,No,No,20,PhonePe,Monthly
3430,27,Female,Skirt,Clothing,8160,Alaska,S,Purple,Winter,4.6,No,Express,No,No,34,Debit Card,Weekly
3431,67,Female,Socks,Clothing,6205,Maharastra,M,Lavender,Winter,4.2,No,Next Day Air,No,No,17,Net Banking,Every 3 Months
3432,46,Female,Belt,Accessories,4165,New Mexico,S,Green,Summer,4.2,No,Express,No,No,20,PhonePe,Annually
3433,36,Female,Boots,Footwear,3740,Connecticut,M,Gray,Summer,4.8,No,2-Day Shipping,No,No,46,Google Pay,Every 3 Months
3434,62,Female,Socks,Clothing,7905,Alaska,M,Yellow,Spring,4.5,No,Free Shipping,No,No,28,Google Pay,Annually
3435,31,Female,Pants,Clothing,6120,Ohio,S,Orange,Summer,3.3,No,2-Day Shipping,No,No,6,PhonePe,Fortnightly
3436,68,Female,Socks,Clothing,7735,Maharastra,M,Beige,Summer,2.7,No,2-Day Shipping,No,No,50,Debit Card,Bi-Weekly
3437,57,Female,Belt,Accessories,7055,Nebraska,L,Peach,Winter,2.8,No,2-Day Shipping,No,No,41,Net Banking,Monthly
3438,22,Female,Jacket,Outerwear,5270,Odisha,S,Green,Winter,3.5,No,2-Day Shipping,No,No,50,Google Pay,Annually
3439,26,Female,Shirt,Clothing,6035,Karnataka,M,Violet,Fall,3,No,Store Pickup,No,No,33,Credit Card,Monthly
3440,43,Female,Gloves,Accessories,7905,Idaho,M,Gray,Summer,4.5,No,Express,No,No,25,PhonePe,Quarterly
3441,45,Female,Handbag,Accessories,5355,Maryland,L,Magenta,Fall,4.3,No,2-Day Shipping,No,No,2,Google Pay,Weekly
3442,64,Female,Sweater,Clothing,8160,Tennessee,XL,Charcoal,Fall,4.1,No,Standard,No,No,15,Credit Card,Annually
3443,28,Female,Skirt,Clothing,6630,Michigan,M,Violet,Spring,4.3,No,Next Day Air,No,No,12,Google Pay,Weekly
3444,47,Female,Dress,Clothing,2040,Tennessee,L,Silver,Summer,5,No,Free Shipping,No,No,28,Cash,Bi-Weekly
3445,53,Female,Pants,Clothing,5355,Karnataka,S,Green,Summer,3.8,No,2-Day Shipping,No,No,12,Net Banking,Bi-Weekly
3446,42,Female,Hat,Accessories,4930,Tamil Nadu,M,Magenta,Fall,4.9,No,Standard,No,No,3,Debit Card,Annually
3447,51,Female,Boots,Footwear,4675,Punjab,S,Purple,Spring,5,No,2-Day Shipping,No,No,20,Cash,Weekly
3448,62,Female,Sandals,Footwear,4930,Rajasthan,M,Blue,Fall,4.3,No,Express,No,No,3,Net Banking,Bi-Weekly
3449,18,Female,Coat,Outerwear,2380,Karnataka,S,Yellow,Winter,4.1,No,Express,No,No,32,Net Banking,Fortnightly
3450,48,Female,Blouse,Clothing,3145,Kansas,M,Brown,Spring,4.5,No,Standard,No,No,35,Cash,Monthly
3451,20,Female,Shorts,Clothing,6630,Vermont,M,Pink,Spring,3.6,No,Store Pickup,No,No,31,Google Pay,Monthly
3452,32,Female,Blouse,Clothing,6205,West Bengal,XL,Silver,Fall,3,No,Free Shipping,No,No,13,Credit Card,Annually
3453,26,Female,Jacket,Outerwear,1700,Odisha,M,Indigo,Spring,3.7,No,Next Day Air,No,No,3,PhonePe,Fortnightly
3454,31,Female,Shirt,Clothing,5100,Alabama,L,Pink,Winter,4.3,No,Standard,No,No,48,PhonePe,Bi-Weekly
3455,55,Female,Handbag,Accessories,6035,Punjab,S,Lavender,Fall,4.6,No,Store Pickup,No,No,15,Google Pay,Bi-Weekly
3456,49,Female,T-shirt,Clothing,7565,Ohio,M,Orange,Fall,4.7,No,Standard,No,No,13,PhonePe,Annually
3457,42,Female,Hoodie,Clothing,4505,Telangana,M,Red,Fall,4.6,No,Express,No,No,21,PhonePe,Monthly
3458,64,Female,Jewelry,Accessories,7395,Maryland,M,Gray,Summer,3,No,Express,No,No,29,Cash,Fortnightly
3459,68,Female,Jewelry,Accessories,3145,Kerala,L,Violet,Spring,3.4,No,Standard,No,No,24,PhonePe,Quarterly
3460,68,Female,Hoodie,Clothing,3145,Ohio,L,Green,Fall,3.8,No,Express,No,No,21,Google Pay,Annually
3461,41,Female,Scarf,Accessories,6630,Indiana,M,Gold,Spring,3.1,No,Express,No,No,5,Net Banking,Bi-Weekly
3462,51,Female,Shoes,Footwear,1955,Kerala,S,Maroon,Spring,4.4,No,Standard,No,No,47,Cash,Quarterly
3463,44,Female,Jeans,Clothing,6205,Michigan,L,Olive,Spring,4.5,No,Standard,No,No,34,Credit Card,Every 3 Months
3464,27,Female,Jewelry,Accessories,2295,Andhra Pradesh,M,Yellow,Fall,2.8,No,2-Day Shipping,No,No,45,Google Pay,Fortnightly
3465,36,Female,Coat,Outerwear,5015,Utah,S,Peach,Winter,2.7,No,Next Day Air,No,No,12,Google Pay,Annually
3466,19,Female,Backpack,Accessories,4505,Assam,M,Gold,Spring,3.4,No,Standard,No,No,31,Debit Card,Weekly
3467,49,Female,Socks,Clothing,3570,Maryland,S,Purple,Summer,4.6,No,Standard,No,No,43,Net Banking,Annually
3468,18,Female,Scarf,Accessories,3825,Telangana,M,Charcoal,Fall,5,No,Next Day Air,No,No,5,Credit Card,Annually
3469,36,Female,Sunglasses,Accessories,7565,Ohio,S,Indigo,Winter,3.5,No,Standard,No,No,36,Debit Card,Quarterly
3470,36,Female,Socks,Clothing,7225,North Dakota,L,Magenta,Fall,3.3,No,Store Pickup,No,No,12,Cash,Annually
3471,19,Female,Coat,Outerwear,5865,Kerala,S,Olive,Summer,4.5,No,Free Shipping,No,No,31,Cash,Bi-Weekly
3472,43,Female,Sandals,Footwear,5610,North Carolina,S,Blue,Spring,3.1,No,Store Pickup,No,No,31,Cash,Bi-Weekly
3473,31,Female,Blouse,Clothing,3570,Georgia,S,White,Summer,4,No,Free Shipping,No,No,15,Debit Card,Weekly
3474,63,Female,Dress,Clothing,3400,Kansas,M,Cyan,Spring,2.5,No,Express,No,No,11,Cash,Weekly
3475,41,Female,Pants,Clothing,6970,Andhra Pradesh,M,Cyan,Winter,4.4,No,Store Pickup,No,No,18,PhonePe,Monthly
3476,48,Female,Sneakers,Footwear,7480,South Carolina,M,Orange,Spring,4.4,No,Express,No,No,9,Cash,Quarterly
3477,68,Female,Boots,Footwear,8415,South Carolina,XL,Orange,Summer,3.2,No,Free Shipping,No,No,11,Cash,Weekly
3478,53,Female,Handbag,Accessories,7225,Karnataka,S,Teal,Spring,3.8,No,Store Pickup,No,No,38,Debit Card,Bi-Weekly
3479,36,Female,Handbag,Accessories,4845,Arizona,M,Magenta,Fall,4.6,No,Store Pickup,No,No,42,Google Pay,Quarterly
3480,46,Female,Sweater,Clothing,4760,New York,S,Orange,Summer,4.9,No,Standard,No,No,41,Cash,Monthly
3481,21,Female,Sandals,Footwear,6715,New Hampshire,L,Peach,Winter,3.5,No,Free Shipping,No,No,45,Google Pay,Monthly
3482,52,Female,Socks,Clothing,5695,Ohio,S,Maroon,Summer,3.4,No,Store Pickup,No,No,41,Debit Card,Bi-Weekly
3483,66,Female,Gloves,Accessories,5185,Hawaii,M,Gold,Winter,3.9,No,Next Day Air,No,No,35,Debit Card,Weekly
3484,19,Female,Hoodie,Clothing,3145,Telangana,L,White,Winter,3.9,No,Express,No,No,21,Credit Card,Every 3 Months
3485,44,Female,Dress,Clothing,6375,Bihar,L,Gray,Fall,4.2,No,Free Shipping,No,No,13,Credit Card,Bi-Weekly
3486,50,Female,Shirt,Clothing,1785,Telangana,XL,Brown,Winter,3.4,No,Standard,No,No,23,Debit Card,Fortnightly
3487,51,Female,Shorts,Clothing,7565,North Carolina,L,Charcoal,Winter,4.9,No,Standard,No,No,6,Google Pay,Weekly
3488,25,Female,Sandals,Footwear,2040,Kerala,L,Beige,Fall,2.9,No,Store Pickup,No,No,39,Net Banking,Annually
3489,62,Female,Sweater,Clothing,2295,Gujarat,XL,Teal,Spring,4.9,No,Store Pickup,No,No,7,Cash,Quarterly
3490,48,Female,Dress,Clothing,2210,Idaho,L,Black,Summer,4.6,No,2-Day Shipping,No,No,32,Google Pay,Every 3 Months
3491,62,Female,Boots,Footwear,6970,Tamil Nadu,M,Violet,Spring,3.6,No,Store Pickup,No,No,43,Credit Card,Quarterly
3492,22,Female,Pants,Clothing,2380,Andhra Pradesh,M,Orange,Winter,4.3,No,Express,No,No,15,Cash,Monthly
3493,48,Female,Gloves,Accessories,5525,South Dakota,M,Turquoise,Fall,4.6,No,Standard,No,No,48,Net Banking,Annually
3494,48,Female,Pants,Clothing,6970,New Mexico,XL,Black,Winter,4.7,No,Store Pickup,No,No,35,Credit Card,Weekly
3495,62,Female,Scarf,Accessories,3230,Washington,M,Silver,Winter,3.5,No,Free Shipping,No,No,41,Google Pay,Quarterly
3496,24,Female,Shorts,Clothing,2805,Georgia,XL,Gray,Spring,2.8,No,Free Shipping,No,No,14,Cash,Weekly
3497,39,Female,Shoes,Footwear,3230,Idaho,M,Pink,Summer,4,No,Free Shipping,No,No,22,Google Pay,Monthly
3498,35,Female,Handbag,Accessories,4080,Colorado,M,Red,Spring,4.3,No,Store Pickup,No,No,16,PhonePe,Every 3 Months
3499,47,Female,Sandals,Footwear,2975,Karnataka,M,Lavender,Summer,3.8,No,Standard,No,No,2,Net Banking,Bi-Weekly
3500,22,Female,Socks,Clothing,2465,New Jersey,L,Indigo,Fall,3,No,Next Day Air,No,No,13,Google Pay,Every 3 Months
3501,38,Female,Shirt,Clothing,4080,Tamil Nadu,S,Silver,Fall,4.6,No,Next Day Air,No,No,38,Debit Card,Fortnightly
3502,53,Female,Shoes,Footwear,7395,Nebraska,M,Silver,Fall,4.8,No,Standard,No,No,43,Net Banking,Weekly
3503,31,Female,Backpack,Accessories,5270,Telangana,M,Green,Fall,4.7,No,Next Day Air,No,No,26,Net Banking,Quarterly
3504,31,Female,Shirt,Clothing,8160,Nebraska,M,Pink,Spring,3.9,No,Free Shipping,No,No,39,Cash,Weekly
3505,65,Female,Handbag,Accessories,3485,Hawaii,S,Violet,Fall,4,No,Next Day Air,No,No,50,PhonePe,Monthly
3506,48,Female,Jewelry,Accessories,3570,Indiana,L,Red,Winter,3.7,No,2-Day Shipping,No,No,40,Net Banking,Every 3 Months
3507,18,Female,Shirt,Clothing,4845,Bihar,L,Olive,Winter,3.7,No,2-Day Shipping,No,No,12,Cash,Fortnightly
3508,46,Female,Handbag,Accessories,5525,Colorado,S,Purple,Spring,4.2,No,Store Pickup,No,No,33,Credit Card,Every 3 Months
3509,52,Female,Pants,Clothing,4590,Pennsylvania,M,Gray,Fall,4.7,No,Standard,No,No,49,Net Banking,Weekly
3510,50,Female,T-shirt,Clothing,1870,Ohio,L,Brown,Winter,4.3,No,Next Day Air,No,No,43,PhonePe,Bi-Weekly
3511,49,Female,Sneakers,Footwear,8160,Pennsylvania,S,Orange,Fall,4.9,No,2-Day Shipping,No,No,14,PhonePe,Monthly
3512,69,Female,Jewelry,Accessories,6885,Mississippi,M,Blue,Summer,3.9,No,2-Day Shipping,No,No,21,Credit Card,Every 3 Months
3513,36,Female,Shirt,Clothing,3910,Karnataka,M,White,Fall,3.4,No,Free Shipping,No,No,31,Debit Card,Quarterly
3514,30,Female,Blouse,Clothing,6290,Alaska,XL,Charcoal,Spring,4.2,No,Store Pickup,No,No,29,Credit Card,Fortnightly
3515,25,Female,Sneakers,Footwear,4250,Georgia,XL,Gray,Winter,4.7,No,Express,No,No,32,Cash,Monthly
3516,19,Female,Dress,Clothing,6800,South Dakota,XL,Charcoal,Winter,4,No,Next Day Air,No,No,16,Debit Card,Bi-Weekly
3517,34,Female,Boots,Footwear,4760,South Carolina,S,White,Summer,4,No,Free Shipping,No,No,38,Google Pay,Bi-Weekly
3518,29,Female,Skirt,Clothing,5865,Tennessee,M,Orange,Winter,3.1,No,Next Day Air,No,No,34,Debit Card,Every 3 Months
3519,50,Female,Shirt,Clothing,8245,Colorado,M,Black,Spring,4.2,No,Standard,No,No,30,Google Pay,Quarterly
3520,31,Female,Shorts,Clothing,5610,Wisconsin,M,White,Winter,3.7,No,Next Day Air,No,No,14,Net Banking,Fortnightly
3521,41,Female,Hat,Accessories,5950,Georgia,S,Brown,Spring,3.1,No,Express,No,No,33,Net Banking,Monthly
3522,52,Female,Shoes,Footwear,4250,Maryland,M,Pink,Winter,3.7,No,Store Pickup,No,No,35,PhonePe,Weekly
3523,27,Female,Pants,Clothing,7225,New Jersey,M,Yellow,Spring,3.2,No,Store Pickup,No,No,13,Cash,Quarterly
3524,49,Female,Backpack,Accessories,5015,West Bengal,M,Cyan,Summer,2.8,No,Standard,No,No,30,Cash,Fortnightly
3525,69,Female,Pants,Clothing,6290,Michigan,L,Silver,Summer,2.9,No,Free Shipping,No,No,30,Credit Card,Monthly
3526,45,Female,Sunglasses,Accessories,3230,Kerala,L,Olive,Winter,3.5,No,Standard,No,No,47,Net Banking,Annually
3527,20,Female,Sweater,Clothing,8415,Telangana,M,Olive,Spring,3.8,No,Express,No,No,1,Google Pay,Every 3 Months
3528,25,Female,Blouse,Clothing,8245,Washington,S,Charcoal,Spring,4.7,No,Free Shipping,No,No,1,Cash,Weekly
3529,38,Female,Scarf,Accessories,5695,Andhra Pradesh,L,Gray,Summer,4.5,No,Free Shipping,No,No,33,Google Pay,Annually
3530,55,Female,T-shirt,Clothing,1700,Maharastra,S,Maroon,Winter,3.9,No,Next Day Air,No,No,43,Net Banking,Weekly
3531,62,Female,Sunglasses,Accessories,3825,Odisha,L,Black,Spring,3.4,No,Express,No,No,37,Google Pay,Weekly
3532,54,Female,Shoes,Footwear,4420,North Dakota,XL,Violet,Winter,4.6,No,2-Day Shipping,No,No,23,Cash,Quarterly
3533,61,Female,Pants,Clothing,5780,Connecticut,L,Indigo,Fall,4.6,No,Standard,No,No,12,Credit Card,Annually
3534,50,Female,Sneakers,Footwear,8330,Telangana,L,Yellow,Fall,4.7,No,Standard,No,No,30,PhonePe,Fortnightly
3535,65,Female,Shoes,Footwear,7055,Gujarat,M,Gray,Fall,3.2,No,Express,No,No,7,Cash,Weekly
3536,68,Female,Shorts,Clothing,4335,Mississippi,M,Red,Summer,5,No,Express,No,No,20,Debit Card,Monthly
3537,55,Female,Handbag,Accessories,1785,Minnesota,L,Peach,Spring,4.5,No,Express,No,No,10,PhonePe,Monthly
3538,57,Female,Handbag,Accessories,7820,Georgia,M,Gray,Spring,3.5,No,Standard,No,No,40,Credit Card,Every 3 Months
3539,56,Female,Shoes,Footwear,5355,Assam,S,White,Spring,4.5,No,Store Pickup,No,No,21,PhonePe,Monthly
3540,29,Female,Jewelry,Accessories,4760,New York,S,Green,Spring,3.2,No,Express,No,No,17,Credit Card,Bi-Weekly
3541,24,Female,Shorts,Clothing,8075,West Bengal,M,Magenta,Spring,4.6,No,Free Shipping,No,No,5,Net Banking,Weekly
3542,59,Female,Blouse,Clothing,5610,Kerala,M,Olive,Winter,4,No,Next Day Air,No,No,22,Google Pay,Annually
3543,62,Female,Coat,Outerwear,2380,Idaho,S,Olive,Spring,4.2,No,Express,No,No,5,PhonePe,Weekly
3544,58,Female,Hat,Accessories,7055,Colorado,M,Blue,Winter,4.1,No,Standard,No,No,18,Google Pay,Every 3 Months
3545,64,Female,Socks,Clothing,4675,Wisconsin,XL,Charcoal,Fall,3.6,No,2-Day Shipping,No,No,42,Cash,Every 3 Months
3546,48,Female,Sandals,Footwear,2380,Connecticut,M,Yellow,Spring,3.7,No,2-Day Shipping,No,No,22,Debit Card,Annually
3547,60,Female,Scarf,Accessories,6715,Kansas,M,Violet,Summer,3.6,No,Free Shipping,No,No,37,Net Banking,Bi-Weekly
3548,52,Female,Scarf,Accessories,2635,Pennsylvania,L,Magenta,Summer,3.8,No,Standard,No,No,23,Credit Card,Annually
3549,63,Female,Blouse,Clothing,3145,Utah,M,Red,Fall,3,No,Standard,No,No,47,Debit Card,Fortnightly
3550,44,Female,T-shirt,Clothing,2890,Tamil Nadu,M,Cyan,Summer,3.4,No,2-Day Shipping,No,No,11,Net Banking,Fortnightly
3551,63,Female,Shoes,Footwear,6290,Kerala,S,Orange,Winter,4.8,No,Standard,No,No,32,Cash,Weekly
3552,66,Female,Gloves,Accessories,2635,Maharastra,L,Black,Spring,2.6,No,Store Pickup,No,No,20,PhonePe,Weekly
3553,22,Female,Sunglasses,Accessories,5610,Karnataka,M,Blue,Winter,2.9,No,Next Day Air,No,No,3,Google Pay,Quarterly
3554,62,Female,Shoes,Footwear,8415,Minnesota,M,Charcoal,Spring,4.9,No,Free Shipping,No,No,32,Net Banking,Weekly
3555,39,Female,Dress,Clothing,4675,Punjab,M,Indigo,Spring,5,No,Free Shipping,No,No,5,Credit Card,Fortnightly
3556,25,Female,Blouse,Clothing,1955,Gujarat,L,Silver,Spring,4.6,No,Next Day Air,No,No,45,Cash,Quarterly
3557,70,Female,Sweater,Clothing,7480,Arizona,M,Brown,Fall,4.2,No,Express,No,No,43,Cash,Bi-Weekly
3558,52,Female,Jacket,Outerwear,2210,West Bengal,M,Peach,Summer,4.9,No,Next Day Air,No,No,1,Google Pay,Every 3 Months
3559,68,Female,Backpack,Accessories,7990,Alaska,L,Magenta,Summer,4.8,No,Standard,No,No,9,PhonePe,Quarterly
3560,18,Female,Shorts,Clothing,2125,Utah,M,Beige,Fall,3,No,Next Day Air,No,No,13,PhonePe,Every 3 Months
3561,18,Female,Socks,Clothing,8160,Kansas,XL,Violet,Fall,3.5,No,Express,No,No,5,Credit Card,Annually
3562,63,Female,Sneakers,Footwear,2465,North Carolina,L,Black,Spring,3.4,No,Standard,No,No,39,Credit Card,Fortnightly
3563,47,Female,Sneakers,Footwear,3060,Maryland,M,Cyan,Winter,3.4,No,Free Shipping,No,No,7,Net Banking,Weekly
3564,43,Female,Blouse,Clothing,7650,Andhra Pradesh,M,Green,Summer,4.9,No,Standard,No,No,8,Credit Card,Every 3 Months
3565,60,Female,Gloves,Accessories,3230,Bihar,S,Brown,Summer,4.4,No,Free Shipping,No,No,40,PhonePe,Annually
3566,49,Female,Handbag,Accessories,4420,Pennsylvania,S,Gray,Spring,4.2,No,Store Pickup,No,No,35,Google Pay,Monthly
3567,28,Female,Jeans,Clothing,7480,Alaska,S,Orange,Spring,3.1,No,Next Day Air,No,No,14,PhonePe,Monthly
3568,32,Female,Scarf,Accessories,4760,New Mexico,S,Silver,Summer,4,No,Next Day Air,No,No,26,Credit Card,Monthly
3569,29,Female,Sandals,Footwear,6035,Rajasthan,M,Purple,Spring,4.8,No,Next Day Air,No,No,14,Google Pay,Quarterly
3570,35,Female,Sandals,Footwear,7990,Alaska,M,Olive,Fall,3.3,No,Express,No,No,9,Net Banking,Fortnightly
3571,23,Female,Dress,Clothing,8245,Punjab,XL,Teal,Winter,4.7,No,Standard,No,No,32,Debit Card,Annually
3572,70,Female,Skirt,Clothing,2295,North Dakota,M,White,Summer,3.2,No,Standard,No,No,15,Net Banking,Every 3 Months
3573,23,Female,Shorts,Clothing,2380,Karnataka,M,Black,Spring,5,No,Standard,No,No,25,Credit Card,Monthly
3574,43,Female,Jeans,Clothing,5695,Connecticut,L,Maroon,Fall,4.9,No,Free Shipping,No,No,27,Google Pay,Monthly
3575,29,Female,Socks,Clothing,5950,New York,M,Cyan,Fall,4.9,No,Express,No,No,39,Net Banking,Quarterly
3576,61,Female,Coat,Outerwear,8075,Karnataka,M,Violet,Fall,3.7,No,Express,No,No,49,PhonePe,Bi-Weekly
3577,29,Female,Boots,Footwear,2040,Andhra Pradesh,L,Yellow,Spring,3,No,Express,No,No,12,PhonePe,Bi-Weekly
3578,66,Female,Belt,Accessories,2975,Haryana,S,Yellow,Winter,2.6,No,Standard,No,No,13,Net Banking,Weekly
3579,46,Female,Shoes,Footwear,1870,Georgia,L,Olive,Winter,2.6,No,Standard,No,No,22,Net Banking,Quarterly
3580,34,Female,Scarf,Accessories,5610,Arizona,L,Olive,Fall,4.8,No,Standard,No,No,19,Credit Card,Every 3 Months
3581,51,Female,Blouse,Clothing,7055,New Hampshire,M,Magenta,Summer,3.2,No,2-Day Shipping,No,No,3,Cash,Bi-Weekly
3582,26,Female,Dress,Clothing,8075,Georgia,M,Orange,Fall,4.9,No,Next Day Air,No,No,50,Credit Card,Weekly
3583,23,Female,Shorts,Clothing,3485,Andhra Pradesh,S,Beige,Summer,3.4,No,2-Day Shipping,No,No,15,Google Pay,Annually
3584,52,Female,Blouse,Clothing,6545,Arizona,L,Brown,Summer,2.7,No,Store Pickup,No,No,44,Credit Card,Every 3 Months
3585,39,Female,Sneakers,Footwear,4420,Tamil Nadu,L,Indigo,Fall,4.8,No,Express,No,No,48,Debit Card,Monthly
3586,39,Female,Gloves,Accessories,3485,New York,XL,Gray,Winter,4.1,No,Standard,No,No,4,PhonePe,Bi-Weekly
3587,33,Female,Hoodie,Clothing,2380,Idaho,M,Yellow,Winter,4.6,No,Store Pickup,No,No,12,Google Pay,Bi-Weekly
3588,33,Female,Sweater,Clothing,7650,Kerala,S,Violet,Summer,4.4,No,Standard,No,No,33,Debit Card,Annually
3589,23,Female,Sunglasses,Accessories,4675,Michigan,M,Magenta,Spring,3.5,No,2-Day Shipping,No,No,40,Cash,Annually
3590,31,Female,Belt,Accessories,6205,New Hampshire,M,Blue,Spring,4.8,No,Next Day Air,No,No,38,Cash,Every 3 Months
3591,27,Female,Dress,Clothing,7395,South Dakota,M,Gray,Fall,2.9,No,2-Day Shipping,No,No,19,PhonePe,Every 3 Months
3592,48,Female,Jacket,Outerwear,7565,South Dakota,M,Gold,Winter,3.2,No,2-Day Shipping,No,No,38,Net Banking,Quarterly
3593,61,Female,Boots,Footwear,6970,New Jersey,L,Lavender,Spring,4.4,No,2-Day Shipping,No,No,18,PhonePe,Fortnightly
3594,63,Female,Sandals,Footwear,6800,Kerala,M,Black,Spring,4.6,No,Next Day Air,No,No,24,Google Pay,Monthly
3595,19,Female,Scarf,Accessories,7395,Alabama,L,Charcoal,Summer,2.6,No,2-Day Shipping,No,No,29,PhonePe,Quarterly
3596,21,Female,Blouse,Clothing,3485,South Dakota,M,Violet,Spring,3.1,No,Store Pickup,No,No,14,Google Pay,Annually
3597,28,Female,Hoodie,Clothing,7055,South Carolina,M,Charcoal,Spring,4.3,No,Standard,No,No,44,Cash,Fortnightly
3598,29,Female,Sunglasses,Accessories,6035,New Mexico,M,Maroon,Summer,3.1,No,Standard,No,No,18,Net Banking,Quarterly
3599,23,Female,Hoodie,Clothing,6460,Connecticut,XL,Purple,Spring,4.6,No,Store Pickup,No,No,19,Net Banking,Bi-Weekly
3600,37,Female,Scarf,Accessories,2890,Kansas,S,Peach,Spring,4.6,No,Express,No,No,4,Cash,Weekly
3601,67,Female,Dress,Clothing,6885,South Carolina,XL,Olive,Spring,2.7,No,Free Shipping,No,No,25,Cash,Bi-Weekly
3602,34,Female,T-shirt,Clothing,3995,North Carolina,M,Indigo,Summer,3,No,Next Day Air,No,No,3,Google Pay,Monthly
3603,58,Female,Skirt,Clothing,3060,Kerala,S,Magenta,Summer,3.3,No,Store Pickup,No,No,40,Debit Card,Quarterly
3604,45,Female,Jeans,Clothing,4335,Punjab,M,Gold,Spring,2.7,No,Free Shipping,No,No,5,Cash,Weekly
3605,63,Female,Hoodie,Clothing,7310,Punjab,M,Orange,Fall,3.3,No,Standard,No,No,17,Debit Card,Annually
3606,68,Female,Jeans,Clothing,3485,Alabama,M,Gold,Fall,4.3,No,Store Pickup,No,No,36,Net Banking,Every 3 Months
3607,41,Female,Sandals,Footwear,7650,Minnesota,XL,Purple,Fall,4.8,No,Express,No,No,41,PhonePe,Annually
3608,50,Female,Hat,Accessories,7905,New Mexico,L,Charcoal,Fall,3.3,No,Standard,No,No,20,PhonePe,Bi-Weekly
3609,24,Female,Gloves,Accessories,4760,Tennessee,M,Cyan,Fall,4.3,No,Next Day Air,No,No,2,Cash,Every 3 Months
3610,21,Female,Socks,Clothing,3315,New Mexico,M,Cyan,Summer,3,No,2-Day Shipping,No,No,31,Debit Card,Monthly
3611,18,Female,Jacket,Outerwear,7310,Telangana,XL,Green,Fall,4.8,No,2-Day Shipping,No,No,23,Net Banking,Fortnightly
3612,63,Female,T-shirt,Clothing,6970,Washington,M,Silver,Spring,2.9,No,Standard,No,No,30,Credit Card,Annually
3613,47,Female,Sandals,Footwear,2465,Michigan,M,Teal,Summer,3.6,No,Standard,No,No,26,Cash,Every 3 Months
3614,58,Female,Hat,Accessories,2295,Minnesota,M,Magenta,Fall,3.5,No,Store Pickup,No,No,40,PhonePe,Annually
3615,46,Female,Gloves,Accessories,2125,Gujarat,L,Maroon,Spring,4.7,No,2-Day Shipping,No,No,19,Net Banking,Annually
3616,35,Female,Dress,Clothing,2635,Andhra Pradesh,M,Gold,Winter,4.4,No,Free Shipping,No,No,4,Credit Card,Monthly
3617,42,Female,Hoodie,Clothing,1955,Wisconsin,L,Purple,Winter,3.3,No,Store Pickup,No,No,33,Debit Card,Fortnightly
3618,48,Female,Belt,Accessories,3995,Karnataka,M,Lavender,Fall,4.3,No,Express,No,No,29,Debit Card,Monthly
3619,28,Female,Gloves,Accessories,5695,West Bengal,M,Maroon,Fall,4,No,2-Day Shipping,No,No,47,Google Pay,Bi-Weekly
3620,44,Female,Scarf,Accessories,6375,North Carolina,S,Magenta,Winter,4.9,No,2-Day Shipping,No,No,50,PhonePe,Weekly
3621,60,Female,Sandals,Footwear,6970,Punjab,M,Turquoise,Summer,2.9,No,Express,No,No,28,Credit Card,Fortnightly
3622,38,Female,Sneakers,Footwear,2720,New Jersey,XL,Silver,Summer,4,No,2-Day Shipping,No,No,5,Cash,Fortnightly
3623,46,Female,Dress,Clothing,3485,Wisconsin,M,Purple,Fall,4.3,No,Store Pickup,No,No,12,Credit Card,Annually
3624,39,Female,Jewelry,Accessories,7565,Rajasthan,M,Violet,Winter,2.7,No,2-Day Shipping,No,No,4,Google Pay,Weekly
3625,22,Female,Hat,Accessories,6970,Telangana,XL,Peach,Fall,5,No,Store Pickup,No,No,22,Net Banking,Bi-Weekly
3626,44,Female,Scarf,Accessories,8415,Bihar,L,Green,Winter,4.4,No,Express,No,No,32,Google Pay,Weekly
3627,69,Female,Blouse,Clothing,8330,Mississippi,L,Teal,Fall,3.5,No,Express,No,No,32,PhonePe,Quarterly
3628,39,Female,Belt,Accessories,4590,Gujarat,M,Silver,Winter,3.3,No,Next Day Air,No,No,48,Cash,Every 3 Months
3629,53,Female,Blouse,Clothing,7480,Georgia,L,Purple,Summer,3.8,No,Free Shipping,No,No,35,Credit Card,Monthly
3630,52,Female,T-shirt,Clothing,3655,Kansas,L,Lavender,Summer,4.5,No,Standard,No,No,44,Debit Card,Fortnightly
3631,65,Female,Hat,Accessories,6205,Odisha,M,Lavender,Winter,4.8,No,Store Pickup,No,No,29,Cash,Weekly
3632,48,Female,Hat,Accessories,4250,New Jersey,M,Peach,Fall,2.9,No,Store Pickup,No,No,26,Credit Card,Monthly
3633,27,Female,Sneakers,Footwear,6205,Utah,L,Green,Spring,3.2,No,Express,No,No,3,Debit Card,Quarterly
3634,39,Female,Gloves,Accessories,4335,Maharastra,M,Orange,Spring,2.8,No,Free Shipping,No,No,1,Net Banking,Bi-Weekly
3635,59,Female,Socks,Clothing,1870,Ohio,M,Pink,Winter,3.3,No,Standard,No,No,17,Google Pay,Annually
3636,52,Female,Sandals,Footwear,2720,Colorado,L,Cyan,Fall,3.3,No,Free Shipping,No,No,17,Credit Card,Fortnightly
3637,50,Female,Sandals,Footwear,3230,Andhra Pradesh,L,Lavender,Summer,4.2,No,2-Day Shipping,No,No,36,Cash,Weekly
3638,32,Female,Boots,Footwear,5610,Utah,L,Yellow,Winter,3.6,No,Express,No,No,32,Credit Card,Fortnightly
3639,40,Female,Backpack,Accessories,1700,Kansas,M,Olive,Spring,4.6,No,Express,No,No,50,Google Pay,Bi-Weekly
3640,26,Female,Coat,Outerwear,3740,Bihar,M,Brown,Summer,3.6,No,2-Day Shipping,No,No,39,PhonePe,Annually
3641,47,Female,Sunglasses,Accessories,2635,Minnesota,L,Pink,Spring,4,No,Next Day Air,No,No,17,Google Pay,Monthly
3642,51,Female,Jacket,Outerwear,3825,New York,M,Cyan,Fall,2.7,No,Free Shipping,No,No,39,Net Banking,Every 3 Months
3643,47,Female,Dress,Clothing,6035,Arizona,L,Maroon,Summer,4.4,No,Store Pickup,No,No,5,Google Pay,Annually
3644,53,Female,Scarf,Accessories,8160,Tennessee,XL,Magenta,Fall,3.2,No,Standard,No,No,47,Debit Card,Annually
3645,35,Female,Blouse,Clothing,2720,Rajasthan,M,Violet,Winter,2.6,No,Next Day Air,No,No,18,PhonePe,Weekly
3646,38,Female,Backpack,Accessories,7650,Colorado,L,Silver,Summer,3.4,No,Free Shipping,No,No,31,Credit Card,Every 3 Months
3647,69,Female,Jewelry,Accessories,5780,West Bengal,M,Maroon,Spring,5,No,2-Day Shipping,No,No,39,Debit Card,Fortnightly
3648,47,Female,Shorts,Clothing,3825,Kansas,M,Gray,Winter,2.9,No,Store Pickup,No,No,12,Net Banking,Weekly
3649,31,Female,Skirt,Clothing,5695,New York,M,White,Winter,5,No,Free Shipping,No,No,45,Cash,Bi-Weekly
3650,68,Female,Skirt,Clothing,4845,Minnesota,M,Brown,Fall,4.4,No,Standard,No,No,33,Credit Card,Fortnightly
3651,51,Female,Jeans,Clothing,5100,Ohio,M,Silver,Summer,3.5,No,2-Day Shipping,No,No,3,Google Pay,Annually
3652,20,Female,Handbag,Accessories,2720,Arizona,M,Yellow,Spring,3.8,No,Express,No,No,5,PhonePe,Every 3 Months
3653,27,Female,Handbag,Accessories,2465,Karnataka,S,Magenta,Fall,3.8,No,Store Pickup,No,No,23,Debit Card,Monthly
3654,67,Female,Coat,Outerwear,1700,Minnesota,M,Blue,Spring,3.9,No,Next Day Air,No,No,39,Credit Card,Fortnightly
3655,21,Female,Jewelry,Accessories,8330,Rajasthan,M,Green,Winter,3.3,No,Next Day Air,No,No,10,Credit Card,Annually
3656,20,Female,Sweater,Clothing,2295,Kerala,M,Yellow,Fall,2.9,No,Next Day Air,No,No,4,Credit Card,Bi-Weekly
3657,35,Female,Jacket,Outerwear,5695,North Dakota,XL,Cyan,Spring,3.7,No,2-Day Shipping,No,No,18,Credit Card,Monthly
3658,58,Female,Shoes,Footwear,6970,Alabama,L,Gold,Winter,3.7,No,Express,No,No,1,Debit Card,Every 3 Months
3659,28,Female,T-shirt,Clothing,6120,Mississippi,M,Magenta,Fall,4.6,No,Standard,No,No,18,Google Pay,Fortnightly
3660,27,Female,Sandals,Footwear,6545,Bihar,S,Gray,Fall,4.9,No,Store Pickup,No,No,46,Net Banking,Annually
3661,19,Female,Shoes,Footwear,6290,Rajasthan,L,Indigo,Winter,3.1,No,2-Day Shipping,No,No,13,Net Banking,Fortnightly
3662,63,Female,Sandals,Footwear,3315,Kansas,S,White,Winter,3.5,No,Next Day Air,No,No,5,Credit Card,Fortnightly
3663,69,Female,Shorts,Clothing,6800,Karnataka,M,Indigo,Spring,4.9,No,Next Day Air,No,No,11,Debit Card,Weekly
3664,65,Female,Backpack,Accessories,5015,Tamil Nadu,M,Green,Summer,4.4,No,Express,No,No,49,Credit Card,Weekly
3665,63,Female,Jacket,Outerwear,5780,Haryana,M,Turquoise,Fall,4.4,No,Store Pickup,No,No,1,Debit Card,Fortnightly
3666,28,Female,Socks,Clothing,6545,North Carolina,M,Peach,Fall,3.4,No,Next Day Air,No,No,11,Credit Card,Quarterly
3667,67,Female,Jewelry,Accessories,4250,Alabama,M,Olive,Winter,3,No,2-Day Shipping,No,No,47,Cash,Every 3 Months
3668,51,Female,Pants,Clothing,3825,Washington,L,Cyan,Fall,2.6,No,Next Day Air,No,No,20,PhonePe,Monthly
3669,59,Female,Blouse,Clothing,6035,Michigan,XL,Magenta,Summer,3.2,No,Store Pickup,No,No,18,PhonePe,Annually
3670,25,Female,Socks,Clothing,4420,Washington,S,Silver,Fall,4.6,No,Store Pickup,No,No,43,Google Pay,Quarterly
3671,31,Female,Shoes,Footwear,4250,Vermont,S,White,Winter,3.8,No,Free Shipping,No,No,4,Google Pay,Every 3 Months
3672,62,Female,Handbag,Accessories,5610,Bihar,L,Pink,Summer,4.8,No,2-Day Shipping,No,No,20,PhonePe,Quarterly
3673,51,Female,Sandals,Footwear,6885,New York,S,Pink,Fall,4.5,No,Free Shipping,No,No,7,Google Pay,Monthly
3674,32,Female,Socks,Clothing,2380,Karnataka,M,Pink,Summer,4.2,No,2-Day Shipping,No,No,31,Net Banking,Fortnightly
3675,35,Female,Handbag,Accessories,5525,Washington,M,Blue,Winter,2.7,No,2-Day Shipping,No,No,41,PhonePe,Fortnightly
3676,70,Female,Hat,Accessories,6800,Kerala,M,White,Winter,4.5,No,Express,No,No,3,Net Banking,Monthly
3677,19,Female,Jewelry,Accessories,7990,Wisconsin,S,Teal,Spring,4.9,No,Free Shipping,No,No,16,Google Pay,Monthly
3678,32,Female,Backpack,Accessories,2550,Michigan,M,Gray,Fall,2.8,No,Standard,No,No,43,Cash,Annually
3679,56,Female,Shirt,Clothing,3825,Telangana,S,Beige,Fall,3.5,No,Standard,No,No,29,Net Banking,Fortnightly
3680,53,Female,Coat,Outerwear,7735,Idaho,M,Violet,Summer,2.5,No,Store Pickup,No,No,5,Cash,Bi-Weekly
3681,22,Female,Sunglasses,Accessories,3060,Assam,S,Blue,Winter,2.9,No,Standard,No,No,30,Debit Card,Quarterly
3682,26,Female,Gloves,Accessories,6205,Connecticut,XL,Magenta,Fall,4.2,No,Next Day Air,No,No,33,Debit Card,Monthly
3683,42,Female,Shirt,Clothing,5100,Kerala,M,Maroon,Fall,4.6,No,Store Pickup,No,No,46,PhonePe,Bi-Weekly
3684,30,Female,Socks,Clothing,6545,Mississippi,M,Purple,Winter,3,No,Free Shipping,No,No,17,PhonePe,Fortnightly
3685,29,Female,Skirt,Clothing,7310,Pennsylvania,L,Charcoal,Spring,4.4,No,Free Shipping,No,No,47,Credit Card,Bi-Weekly
3686,47,Female,Shorts,Clothing,3570,Tennessee,L,Red,Summer,2.6,No,Standard,No,No,17,Cash,Bi-Weekly
3687,59,Female,Sandals,Footwear,5950,Punjab,M,Charcoal,Spring,4.8,No,Free Shipping,No,No,17,Cash,Bi-Weekly
3688,34,Female,Shirt,Clothing,3740,Rajasthan,L,Lavender,Summer,2.9,No,Next Day Air,No,No,28,Net Banking,Every 3 Months
3689,52,Female,Sunglasses,Accessories,7735,Kerala,L,White,Spring,3,No,Next Day Air,No,No,8,Cash,Monthly
3690,47,Female,Jewelry,Accessories,2550,South Carolina,L,Red,Fall,4.5,No,Standard,No,No,8,Net Banking,Quarterly
3691,24,Female,Blouse,Clothing,1955,Kansas,S,Violet,Fall,3.7,No,Store Pickup,No,No,4,Net Banking,Bi-Weekly
3692,63,Female,Sandals,Footwear,1785,Michigan,XL,Orange,Summer,4.8,No,Next Day Air,No,No,24,Google Pay,Weekly
3693,59,Female,Coat,Outerwear,2890,Alabama,L,Turquoise,Spring,4.8,No,Free Shipping,No,No,29,Cash,Fortnightly
3694,66,Female,Blouse,Clothing,3910,South Dakota,M,Violet,Summer,4.7,No,2-Day Shipping,No,No,10,PhonePe,Weekly
3695,45,Female,Sweater,Clothing,3485,Karnataka,M,Blue,Winter,2.6,No,Express,No,No,11,Google Pay,Bi-Weekly
3696,38,Female,Skirt,Clothing,2805,Tamil Nadu,M,White,Fall,4.6,No,Standard,No,No,18,Net Banking,Fortnightly
3697,63,Female,Blouse,Clothing,4080,Connecticut,L,Turquoise,Fall,3.4,No,Next Day Air,No,No,26,Net Banking,Annually
3698,55,Female,Hoodie,Clothing,5610,Pennsylvania,L,Pink,Winter,3,No,Standard,No,No,39,Cash,Weekly
3699,25,Female,Skirt,Clothing,4590,Andhra Pradesh,XL,Maroon,Spring,4,No,2-Day Shipping,No,No,4,PhonePe,Annually
3700,51,Female,Backpack,Accessories,4675,Odisha,M,Olive,Fall,2.6,No,Store Pickup,No,No,24,Net Banking,Weekly
3701,28,Female,Handbag,Accessories,7140,North Dakota,XL,Charcoal,Summer,3.4,No,Store Pickup,No,No,2,Net Banking,Every 3 Months
3702,46,Female,Sandals,Footwear,5610,New Mexico,M,Charcoal,Spring,4.5,No,Store Pickup,No,No,36,Cash,Annually
3703,58,Female,Shoes,Footwear,5525,South Carolina,M,Indigo,Spring,2.7,No,Store Pickup,No,No,36,PhonePe,Weekly
3704,30,Female,Sandals,Footwear,7055,Michigan,S,Teal,Fall,2.9,No,Standard,No,No,23,Google Pay,Every 3 Months
3705,68,Female,Sunglasses,Accessories,5185,Haryana,L,Black,Winter,4,No,Store Pickup,No,No,36,Credit Card,Quarterly
3706,28,Female,Skirt,Clothing,5525,Colorado,L,Teal,Summer,3.2,No,Free Shipping,No,No,2,Debit Card,Annually
3707,26,Female,Sandals,Footwear,4675,Kansas,M,Green,Spring,4,No,Store Pickup,No,No,17,Cash,Bi-Weekly
3708,35,Female,Gloves,Accessories,6715,Bihar,M,Gold,Fall,3.4,No,2-Day Shipping,No,No,19,PhonePe,Weekly
3709,40,Female,Hoodie,Clothing,8160,South Carolina,M,Red,Fall,4.9,No,Express,No,No,41,Google Pay,Monthly
3710,31,Female,Socks,Clothing,3655,Utah,M,Silver,Fall,3.6,No,Free Shipping,No,No,27,Google Pay,Quarterly
3711,60,Female,Jewelry,Accessories,3400,Hawaii,M,Yellow,Summer,3.6,No,2-Day Shipping,No,No,32,Net Banking,Fortnightly
3712,69,Female,Hat,Accessories,5270,Telangana,XL,Peach,Fall,3.2,No,Free Shipping,No,No,33,Cash,Annually
3713,51,Female,Blouse,Clothing,6120,Tamil Nadu,M,Turquoise,Spring,3.7,No,2-Day Shipping,No,No,24,Google Pay,Quarterly
3714,49,Female,Shoes,Footwear,7395,Arizona,M,Peach,Spring,2.6,No,Express,No,No,31,Debit Card,Every 3 Months
3715,18,Female,Hat,Accessories,2635,New York,S,Peach,Winter,3.9,No,Express,No,No,35,Credit Card,Weekly
3716,63,Female,Sunglasses,Accessories,2890,Nebraska,S,Orange,Fall,3.4,No,Free Shipping,No,No,2,Net Banking,Monthly
3717,57,Female,Shirt,Clothing,4505,Vermont,M,Charcoal,Fall,3.4,No,Next Day Air,No,No,42,Debit Card,Every 3 Months
3718,45,Female,T-shirt,Clothing,7225,Maryland,XL,White,Summer,4.2,No,Express,No,No,47,Net Banking,Every 3 Months
3719,36,Female,Pants,Clothing,4250,Tennessee,L,Turquoise,Fall,2.9,No,Standard,No,No,44,Net Banking,Bi-Weekly
3720,20,Female,Pants,Clothing,7735,Pennsylvania,M,Red,Summer,4.1,No,Free Shipping,No,No,8,Net Banking,Every 3 Months
3721,21,Female,Hat,Accessories,4760,South Carolina,M,Peach,Fall,3.6,No,Free Shipping,No,No,13,Credit Card,Quarterly
3722,62,Female,Coat,Outerwear,5100,Connecticut,L,Pink,Fall,4,No,Next Day Air,No,No,10,Cash,Annually
3723,23,Female,Jacket,Outerwear,2890,Karnataka,XL,Yellow,Fall,4,No,Standard,No,No,1,Credit Card,Fortnightly
3724,26,Female,Sandals,Footwear,2550,Karnataka,M,Beige,Spring,3.6,No,Free Shipping,No,No,1,Debit Card,Monthly
3725,30,Female,Gloves,Accessories,6035,Colorado,L,Green,Winter,3.1,No,Express,No,No,18,Net Banking,Annually
3726,18,Female,Dress,Clothing,8500,Odisha,S,Turquoise,Winter,4.4,No,Next Day Air,No,No,2,Google Pay,Annually
3727,47,Female,Belt,Accessories,7225,Idaho,XL,Orange,Fall,4.3,No,Next Day Air,No,No,36,Debit Card,Every 3 Months
3728,41,Female,Socks,Clothing,7055,Andhra Pradesh,M,Gold,Summer,3.5,No,Next Day Air,No,No,17,Debit Card,Bi-Weekly
3729,62,Female,Jacket,Outerwear,2635,Vermont,L,Red,Winter,3,No,Standard,No,No,1,Debit Card,Annually
3730,28,Female,Boots,Footwear,6970,Karnataka,M,Teal,Spring,4.7,No,2-Day Shipping,No,No,50,Cash,Quarterly
3731,46,Female,Shirt,Clothing,6715,Tamil Nadu,M,Teal,Summer,2.5,No,2-Day Shipping,No,No,3,Credit Card,Bi-Weekly
3732,54,Female,Hat,Accessories,5270,Kerala,M,Lavender,Spring,3.1,No,2-Day Shipping,No,No,45,Google Pay,Quarterly
3733,36,Female,Shoes,Footwear,7820,Indiana,L,Pink,Spring,3.3,No,Free Shipping,No,No,28,Google Pay,Annually
3734,25,Female,Socks,Clothing,4930,Bihar,M,Maroon,Fall,4.7,No,Next Day Air,No,No,6,Debit Card,Every 3 Months
3735,38,Female,Hoodie,Clothing,7480,Andhra Pradesh,M,Beige,Spring,3.4,No,Next Day Air,No,No,33,Debit Card,Every 3 Months
3736,38,Female,Sandals,Footwear,3740,Telangana,L,Orange,Spring,3.1,No,2-Day Shipping,No,No,29,Google Pay,Annually
3737,42,Female,Jeans,Clothing,4760,Idaho,M,Red,Spring,4.6,No,Store Pickup,No,No,2,Google Pay,Every 3 Months
3738,19,Female,Jewelry,Accessories,1955,Karnataka,S,Maroon,Winter,4.9,No,Free Shipping,No,No,43,Google Pay,Bi-Weekly
3739,34,Female,Shorts,Clothing,3825,Gujarat,M,Brown,Spring,2.7,No,Free Shipping,No,No,48,Cash,Fortnightly
3740,38,Female,Sunglasses,Accessories,2635,Idaho,M,Olive,Fall,4.2,No,Free Shipping,No,No,43,Credit Card,Weekly
3741,42,Female,Pants,Clothing,8160,Kerala,M,Silver,Summer,2.6,No,Store Pickup,No,No,26,Debit Card,Bi-Weekly
3742,58,Female,Shirt,Clothing,8160,Arizona,M,Purple,Spring,3.2,No,2-Day Shipping,No,No,26,Debit Card,Bi-Weekly
3743,56,Female,Shirt,Clothing,6800,Maryland,M,Gray,Fall,4.4,No,Standard,No,No,50,Credit Card,Bi-Weekly
3744,62,Female,Pants,Clothing,2380,Idaho,L,Cyan,Fall,3.6,No,Free Shipping,No,No,36,Debit Card,Quarterly
3745,24,Female,Hoodie,Clothing,4335,New Jersey,M,Gray,Summer,2.7,No,Next Day Air,No,No,26,Net Banking,Fortnightly
3746,60,Female,Socks,Clothing,3485,Washington,L,Gold,Spring,4.3,No,Express,No,No,2,Debit Card,Monthly
3747,53,Female,Coat,Outerwear,8415,Idaho,XL,Cyan,Summer,2.6,No,Next Day Air,No,No,49,Google Pay,Monthly
3748,26,Female,Sweater,Clothing,4505,Karnataka,L,Olive,Spring,4.3,No,Store Pickup,No,No,32,Net Banking,Bi-Weekly
3749,34,Female,Backpack,Accessories,2125,Gujarat,M,Violet,Fall,3.9,No,2-Day Shipping,No,No,3,PhonePe,Annually
3750,24,Female,Blouse,Clothing,8075,Alaska,L,Yellow,Winter,2.9,No,2-Day Shipping,No,No,38,PhonePe,Every 3 Months
3751,42,Female,Hoodie,Clothing,7480,Arizona,M,Gold,Fall,3.1,No,Free Shipping,No,No,5,Google Pay,Monthly
3752,36,Female,Jewelry,Accessories,8245,Alabama,S,Silver,Fall,4.2,No,Free Shipping,No,No,8,Credit Card,Every 3 Months
3753,24,Female,Coat,Outerwear,6885,Washington,L,Pink,Winter,4.1,No,2-Day Shipping,No,No,43,PhonePe,Weekly
3754,39,Female,Sunglasses,Accessories,2210,Punjab,S,Turquoise,Winter,4.2,No,Next Day Air,No,No,22,Net Banking,Fortnightly
3755,46,Female,Shoes,Footwear,3485,Nebraska,M,Turquoise,Summer,4.4,No,Express,No,No,10,Cash,Every 3 Months
3756,64,Female,Skirt,Clothing,7905,Pennsylvania,M,Peach,Fall,3.4,No,Free Shipping,No,No,26,Credit Card,Monthly
3757,64,Female,Skirt,Clothing,5865,South Carolina,L,Teal,Spring,4.8,No,Express,No,No,42,Debit Card,Bi-Weekly
3758,61,Female,Skirt,Clothing,3740,Andhra Pradesh,L,Red,Fall,4.5,No,2-Day Shipping,No,No,33,Cash,Weekly
3759,61,Female,Sandals,Footwear,4590,Indiana,S,Black,Spring,2.7,No,Store Pickup,No,No,23,Net Banking,Quarterly
3760,44,Female,Sneakers,Footwear,5185,Haryana,M,Pink,Spring,3.5,No,Store Pickup,No,No,30,PhonePe,Quarterly
3761,65,Female,Socks,Clothing,6800,Connecticut,M,Peach,Fall,3.1,No,Next Day Air,No,No,36,Google Pay,Weekly
3762,60,Female,Backpack,Accessories,2550,West Bengal,M,Green,Summer,2.8,No,Next Day Air,No,No,3,PhonePe,Every 3 Months
3763,65,Female,Shorts,Clothing,7990,New York,L,Green,Fall,2.9,No,Store Pickup,No,No,13,Google Pay,Annually
3764,27,Female,Shirt,Clothing,2040,Odisha,XL,Red,Winter,4.5,No,Standard,No,No,38,Cash,Every 3 Months
3765,36,Female,Socks,Clothing,1785,South Dakota,M,Maroon,Fall,3.5,No,Next Day Air,No,No,19,PhonePe,Monthly
3766,22,Female,Jewelry,Accessories,4420,Haryana,M,Green,Summer,4.3,No,Standard,No,No,14,Net Banking,Bi-Weekly
3767,62,Female,Handbag,Accessories,5015,Telangana,M,Black,Fall,4.9,No,Next Day Air,No,No,43,Debit Card,Annually
3768,59,Female,Shorts,Clothing,4335,New York,XL,Black,Summer,3.1,No,Free Shipping,No,No,10,Net Banking,Fortnightly
3769,50,Female,Sweater,Clothing,2975,Vermont,M,Yellow,Winter,4,No,Free Shipping,No,No,34,Net Banking,Quarterly
3770,51,Female,Gloves,Accessories,7395,Arizona,L,Green,Summer,3.6,No,Standard,No,No,31,PhonePe,Annually
3771,23,Female,Pants,Clothing,3570,Maharastra,L,Black,Summer,4,No,Store Pickup,No,No,34,Net Banking,Weekly
3772,21,Female,T-shirt,Clothing,7310,Odisha,M,Red,Winter,2.6,No,Express,No,No,28,PhonePe,Bi-Weekly
3773,44,Female,Pants,Clothing,2210,New Hampshire,L,Yellow,Fall,3.1,No,Next Day Air,No,No,35,Cash,Annually
3774,25,Female,Sweater,Clothing,5100,Wisconsin,M,Violet,Summer,3.5,No,Store Pickup,No,No,41,Cash,Quarterly
3775,57,Female,Gloves,Accessories,7055,Alaska,S,Cyan,Winter,3.9,No,Standard,No,No,48,Google Pay,Fortnightly
3776,41,Female,Belt,Accessories,5355,South Dakota,S,Pink,Spring,2.7,No,2-Day Shipping,No,No,45,Cash,Quarterly
3777,19,Female,Sneakers,Footwear,2125,Alaska,L,Olive,Spring,4.1,No,Standard,No,No,10,Credit Card,Fortnightly
3778,43,Female,Shorts,Clothing,5525,Utah,M,Maroon,Fall,4.3,No,Express,No,No,9,Cash,Weekly
3779,25,Female,Sneakers,Footwear,5100,South Dakota,M,Cyan,Fall,2.9,No,Free Shipping,No,No,30,Debit Card,Annually
3780,60,Female,Jeans,Clothing,6375,Andhra Pradesh,XL,Lavender,Spring,4,No,Express,No,No,45,Google Pay,Annually
3781,54,Female,Sneakers,Footwear,4845,Mississippi,L,Yellow,Fall,4.1,No,Free Shipping,No,No,41,PhonePe,Quarterly
3782,52,Female,Boots,Footwear,8415,Tennessee,M,Pink,Winter,3.7,No,Standard,No,No,40,Google Pay,Fortnightly
3783,40,Female,Jacket,Outerwear,3825,Alabama,L,Orange,Spring,2.8,No,Free Shipping,No,No,42,Google Pay,Fortnightly
3784,39,Female,Gloves,Accessories,5610,Andhra Pradesh,XL,Orange,Summer,3.2,No,Free Shipping,No,No,17,Debit Card,Fortnightly
3785,54,Female,Socks,Clothing,4505,Kerala,M,Violet,Winter,4.5,No,Next Day Air,No,No,4,PhonePe,Annually
3786,64,Female,Jeans,Clothing,7990,New Hampshire,L,Lavender,Winter,3.8,No,Standard,No,No,6,Cash,Monthly
3787,31,Female,Boots,Footwear,3995,Tennessee,L,Yellow,Fall,3.6,No,2-Day Shipping,No,No,22,PhonePe,Weekly
3788,37,Female,Blouse,Clothing,6800,New York,M,Pink,Fall,3.6,No,2-Day Shipping,No,No,46,Google Pay,Every 3 Months
3789,43,Female,Hat,Accessories,5525,Kansas,XL,Teal,Spring,3.2,No,Next Day Air,No,No,27,Debit Card,Monthly
3790,56,Female,Shirt,Clothing,6375,North Dakota,M,Magenta,Summer,3.8,No,Express,No,No,18,Net Banking,Every 3 Months
3791,27,Female,Handbag,Accessories,3825,Alaska,XL,Beige,Summer,4.4,No,Standard,No,No,31,Credit Card,Weekly
3792,40,Female,Sunglasses,Accessories,4335,Telangana,M,Gray,Spring,3.7,No,Store Pickup,No,No,1,PhonePe,Weekly
3793,43,Female,Scarf,Accessories,4930,Telangana,S,Turquoise,Summer,2.6,No,Express,No,No,2,Google Pay,Fortnightly
3794,62,Female,Sunglasses,Accessories,1700,Gujarat,M,Pink,Fall,4,No,Standard,No,No,46,Net Banking,Annually
3795,44,Female,Scarf,Accessories,6970,South Dakota,M,Violet,Summer,3.6,No,2-Day Shipping,No,No,27,PhonePe,Weekly
3796,45,Female,Gloves,Accessories,7820,Rajasthan,M,Charcoal,Spring,2.5,No,Express,No,No,3,Cash,Weekly
3797,40,Female,Shorts,Clothing,6885,Utah,M,Lavender,Fall,3.2,No,Free Shipping,No,No,47,Net Banking,Quarterly
3798,68,Female,Sunglasses,Accessories,3740,Andhra Pradesh,M,Gray,Summer,2.5,No,Next Day Air,No,No,20,Cash,Quarterly
3799,63,Female,Jewelry,Accessories,6120,Karnataka,S,Brown,Winter,3.2,No,Next Day Air,No,No,23,Credit Card,Annually
3800,60,Female,Jacket,Outerwear,2210,Odisha,L,Violet,Winter,2.6,No,Store Pickup,No,No,13,Credit Card,Monthly
3801,19,Female,Sweater,Clothing,2210,Vermont,M,Turquoise,Fall,4.8,No,Next Day Air,No,No,12,PhonePe,Bi-Weekly
3802,26,Female,Blouse,Clothing,7140,Karnataka,M,Peach,Spring,5,No,Store Pickup,No,No,36,Google Pay,Fortnightly
3803,70,Female,Scarf,Accessories,6120,Bihar,S,Turquoise,Spring,3.2,No,2-Day Shipping,No,No,1,Net Banking,Monthly
3804,48,Female,Handbag,Accessories,4675,Connecticut,M,Violet,Spring,3.6,No,Standard,No,No,14,Debit Card,Weekly
3805,37,Female,Hat,Accessories,6545,Tamil Nadu,M,Olive,Fall,2.7,No,2-Day Shipping,No,No,45,Cash,Annually
3806,48,Female,Scarf,Accessories,4845,New Jersey,M,Green,Fall,3.1,No,Standard,No,No,31,Credit Card,Quarterly
3807,18,Female,Boots,Footwear,6035,Haryana,M,Teal,Spring,3,No,Standard,No,No,41,Google Pay,Weekly
3808,38,Female,Blouse,Clothing,3315,Michigan,L,Peach,Spring,2.9,No,Next Day Air,No,No,36,Google Pay,Annually
3809,33,Female,Socks,Clothing,2380,Washington,M,Pink,Winter,4.7,No,Express,No,No,6,Debit Card,Bi-Weekly
3810,57,Female,Shoes,Footwear,2805,New York,S,Maroon,Winter,3.7,No,Standard,No,No,28,Credit Card,Annually
3811,46,Female,Skirt,Clothing,6715,Wisconsin,L,Peach,Fall,3.9,No,Free Shipping,No,No,29,PhonePe,Monthly
3812,46,Female,Belt,Accessories,2550,Idaho,M,Maroon,Winter,4,No,Standard,No,No,14,Cash,Monthly
3813,50,Female,Skirt,Clothing,6375,Michigan,M,Pink,Spring,2.8,No,Next Day Air,No,No,7,Net Banking,Every 3 Months
3814,61,Female,Pants,Clothing,7565,Georgia,M,Orange,Summer,4.1,No,Express,No,No,31,PhonePe,Bi-Weekly
3815,45,Female,Dress,Clothing,8075,Michigan,M,Orange,Winter,4.2,No,Free Shipping,No,No,26,Net Banking,Every 3 Months
3816,32,Female,Hat,Accessories,3740,Andhra Pradesh,M,Brown,Fall,4.3,No,Express,No,No,12,PhonePe,Fortnightly
3817,29,Female,Coat,Outerwear,7310,Maryland,S,Silver,Summer,4.3,No,Store Pickup,No,No,45,Credit Card,Fortnightly
3818,66,Female,Scarf,Accessories,7735,Haryana,M,Magenta,Fall,2.6,No,Express,No,No,40,Google Pay,Annually
3819,70,Female,Sneakers,Footwear,3485,Tamil Nadu,XL,Indigo,Winter,3.8,No,Free Shipping,No,No,42,Cash,Monthly
3820,36,Female,Pants,Clothing,8415,Rajasthan,S,Gold,Spring,2.9,No,Express,No,No,45,Cash,Quarterly
3821,34,Female,Belt,Accessories,5525,New Hampshire,M,Purple,Winter,5,No,Standard,No,No,34,Debit Card,Quarterly
3822,20,Female,Sneakers,Footwear,4080,Tamil Nadu,M,Gold,Summer,4.6,No,Free Shipping,No,No,34,Credit Card,Every 3 Months
3823,70,Female,Hat,Accessories,3485,Kansas,S,Gold,Spring,3.2,No,Free Shipping,No,No,17,Google Pay,Every 3 Months
3824,50,Female,Shirt,Clothing,3570,Andhra Pradesh,M,Gold,Summer,3,No,Standard,No,No,27,Net Banking,Weekly
3825,54,Female,Shorts,Clothing,2210,Georgia,M,Olive,Summer,4,No,Free Shipping,No,No,31,Credit Card,Quarterly
3826,49,Female,Shorts,Clothing,2975,Hawaii,L,Green,Fall,4.1,No,Express,No,No,47,Debit Card,Fortnightly
3827,50,Female,Jacket,Outerwear,2635,Maharastra,M,Gray,Summer,4,No,Express,No,No,25,Net Banking,Annually
3828,62,Female,Jewelry,Accessories,6205,Maharastra,M,Red,Summer,4.1,No,Standard,No,No,47,Cash,Fortnightly
3829,42,Female,Blouse,Clothing,6970,Mississippi,M,Charcoal,Spring,3.4,No,Free Shipping,No,No,8,Cash,Weekly
3830,69,Female,Pants,Clothing,2720,Washington,M,Indigo,Spring,2.9,No,Free Shipping,No,No,32,Debit Card,Fortnightly
3831,22,Female,Hat,Accessories,2295,Pennsylvania,M,Indigo,Summer,3,No,2-Day Shipping,No,No,33,Net Banking,Every 3 Months
3832,36,Female,Backpack,Accessories,7310,West Bengal,L,Silver,Spring,4,No,Next Day Air,No,No,16,Debit Card,Every 3 Months
3833,64,Female,Boots,Footwear,3230,Kansas,XL,Purple,Winter,4.8,No,2-Day Shipping,No,No,27,Cash,Weekly
3834,44,Female,Jacket,Outerwear,7905,Arizona,L,Gray,Summer,4.6,No,Free Shipping,No,No,17,Google Pay,Every 3 Months
3835,43,Female,Hoodie,Clothing,5015,Tennessee,M,Magenta,Winter,4.1,No,2-Day Shipping,No,No,17,Cash,Quarterly
3836,58,Female,Sandals,Footwear,4930,Pennsylvania,L,Silver,Winter,2.6,No,Express,No,No,28,Google Pay,Bi-Weekly
3837,62,Female,Skirt,Clothing,7140,Alaska,M,Violet,Spring,2.5,No,Free Shipping,No,No,38,Google Pay,Fortnightly
3838,45,Female,Hoodie,Clothing,8500,New Mexico,M,Green,Spring,4.8,No,Free Shipping,No,No,33,Net Banking,Fortnightly
3839,47,Female,Dress,Clothing,2125,Karnataka,L,Green,Summer,4.2,No,Express,No,No,24,PhonePe,Every 3 Months
3840,66,Female,Sandals,Footwear,2465,Connecticut,M,Peach,Spring,3.9,No,Free Shipping,No,No,14,PhonePe,Quarterly
3841,30,Female,Jeans,Clothing,3570,Idaho,M,Turquoise,Spring,3.7,No,Express,No,No,5,PhonePe,Fortnightly
3842,68,Female,Jeans,Clothing,4845,Mississippi,L,Pink,Fall,4.2,No,2-Day Shipping,No,No,8,Net Banking,Monthly
3843,35,Female,Jacket,Outerwear,7140,Colorado,L,Lavender,Winter,4.2,No,Next Day Air,No,No,42,Debit Card,Monthly
3844,64,Female,Hat,Accessories,6035,Georgia,L,Silver,Winter,4,No,Free Shipping,No,No,48,PhonePe,Every 3 Months
3845,30,Female,Shorts,Clothing,7395,Maharastra,S,Cyan,Fall,5,No,Next Day Air,No,No,40,PhonePe,Quarterly
3846,58,Female,Sweater,Clothing,4420,Andhra Pradesh,M,Green,Winter,4.9,No,Standard,No,No,46,PhonePe,Annually
3847,57,Female,Blouse,Clothing,4930,Pennsylvania,L,Orange,Summer,4,No,Express,No,No,40,Google Pay,Every 3 Months
3848,60,Female,Sweater,Clothing,2890,Gujarat,S,Blue,Fall,3.2,No,2-Day Shipping,No,No,31,Google Pay,Fortnightly
3849,22,Female,Jewelry,Accessories,5100,New Hampshire,M,Magenta,Winter,3,No,Next Day Air,No,No,39,Cash,Every 3 Months
3850,46,Female,Hoodie,Clothing,5780,Tamil Nadu,S,Cyan,Winter,2.6,No,Express,No,No,36,Google Pay,Fortnightly
3851,27,Female,Jewelry,Accessories,6290,Mississippi,L,Indigo,Summer,4.4,No,2-Day Shipping,No,No,25,Debit Card,Every 3 Months
3852,50,Female,Scarf,Accessories,7055,Maharastra,M,Pink,Summer,3.9,No,Free Shipping,No,No,24,Debit Card,Annually
3853,65,Female,Hat,Accessories,6715,Mississippi,M,Peach,Fall,4,No,2-Day Shipping,No,No,19,Google Pay,Weekly
3854,61,Female,Sunglasses,Accessories,6460,Tennessee,M,Lavender,Fall,4,No,Store Pickup,No,No,49,Debit Card,Bi-Weekly
3855,57,Female,T-shirt,Clothing,1700,Tamil Nadu,M,Black,Spring,4.2,No,Free Shipping,No,No,4,PhonePe,Annually
3856,40,Female,Shirt,Clothing,5185,Bihar,XL,Lavender,Summer,4.4,No,Next Day Air,No,No,36,Cash,Quarterly
3857,39,Female,Sandals,Footwear,6630,Kerala,S,Brown,Summer,2.5,No,Free Shipping,No,No,8,Debit Card,Quarterly
3858,42,Female,Hat,Accessories,1785,Telangana,S,Yellow,Summer,3.1,No,Store Pickup,No,No,29,Credit Card,Every 3 Months
3859,30,Female,T-shirt,Clothing,6545,Haryana,M,Olive,Winter,3.5,No,Store Pickup,No,No,26,Credit Card,Quarterly
3860,65,Female,Shorts,Clothing,7480,Mississippi,S,Blue,Fall,3,No,2-Day Shipping,No,No,47,Net Banking,Bi-Weekly
3861,57,Female,Sunglasses,Accessories,5440,Pennsylvania,M,Turquoise,Summer,4.4,No,Next Day Air,No,No,44,Cash,Annually
3862,64,Female,Jacket,Outerwear,4845,Kerala,M,Yellow,Spring,4.9,No,Standard,No,No,49,Credit Card,Monthly
3863,56,Female,Shirt,Clothing,4165,Idaho,L,Turquoise,Winter,2.8,No,Next Day Air,No,No,9,PhonePe,Monthly
3864,40,Female,Scarf,Accessories,2975,New Hampshire,M,Orange,Summer,3.3,No,Free Shipping,No,No,28,Cash,Fortnightly
3865,55,Female,T-shirt,Clothing,8415,Kerala,S,Blue,Winter,4.9,No,Express,No,No,1,Debit Card,Fortnightly
3866,25,Female,Shorts,Clothing,3570,Nebraska,M,Olive,Spring,4.2,No,Store Pickup,No,No,28,Cash,Every 3 Months
3867,58,Female,Hat,Accessories,2720,Alaska,M,Beige,Winter,3.3,No,2-Day Shipping,No,No,33,Credit Card,Fortnightly
3868,46,Female,Jacket,Outerwear,1785,Maryland,L,Lavender,Summer,2.7,No,Standard,No,No,28,Credit Card,Monthly
3869,18,Female,Dress,Clothing,2465,Maryland,XL,Magenta,Winter,3.3,No,2-Day Shipping,No,No,9,Cash,Annually
3870,26,Female,Coat,Outerwear,5440,Arizona,L,Cyan,Spring,3.8,No,Free Shipping,No,No,28,Net Banking,Annually
3871,61,Female,Sandals,Footwear,3910,Ohio,L,Lavender,Fall,3.2,No,Next Day Air,No,No,19,Cash,Every 3 Months
3872,55,Female,T-shirt,Clothing,8245,Minnesota,M,Black,Fall,4.1,No,2-Day Shipping,No,No,20,Net Banking,Every 3 Months
3873,41,Female,Jacket,Outerwear,7990,New Hampshire,M,Green,Spring,4.3,No,Standard,No,No,3,Cash,Monthly
3874,42,Female,Sandals,Footwear,3655,Punjab,L,Silver,Summer,4,No,Standard,No,No,22,Credit Card,Weekly
3875,70,Female,Sweater,Clothing,4590,West Bengal,XL,Beige,Summer,3.9,No,2-Day Shipping,No,No,33,Credit Card,Bi-Weekly
3876,63,Female,Hat,Accessories,4335,New Hampshire,M,Pink,Winter,3.3,No,2-Day Shipping,No,No,21,Credit Card,Annually
3877,60,Female,Shoes,Footwear,7225,Wisconsin,S,Cyan,Fall,2.6,No,2-Day Shipping,No,No,7,Cash,Annually
3878,28,Female,Hoodie,Clothing,8160,West Bengal,M,Olive,Spring,4.2,No,Next Day Air,No,No,46,Debit Card,Monthly
3879,60,Female,Hat,Accessories,3570,South Carolina,M,Pink,Summer,3.4,No,2-Day Shipping,No,No,24,Credit Card,Annually
3880,26,Female,Skirt,Clothing,5355,Tamil Nadu,L,Maroon,Winter,4.1,No,Free Shipping,No,No,6,Debit Card,Quarterly
3881,42,Female,Shirt,Clothing,1700,Telangana,M,Red,Winter,3.9,No,Free Shipping,No,No,40,Google Pay,Monthly
3882,56,Female,Scarf,Accessories,2125,Georgia,L,Silver,Spring,2.8,No,2-Day Shipping,No,No,17,Debit Card,Weekly
3883,35,Female,Pants,Clothing,8075,North Dakota,L,Blue,Fall,2.6,No,Free Shipping,No,No,24,Cash,Fortnightly
3884,34,Female,Hat,Accessories,3230,North Dakota,XL,Purple,Fall,4,No,Next Day Air,No,No,22,Cash,Fortnightly
3885,47,Female,Sandals,Footwear,2465,Maryland,M,Brown,Fall,4.9,No,Express,No,No,3,Google Pay,Weekly
3886,49,Female,Socks,Clothing,5440,New Mexico,L,Purple,Winter,3.2,No,Free Shipping,No,No,39,Cash,Quarterly
3887,37,Female,Jewelry,Accessories,7820,Assam,S,Brown,Summer,3.9,No,Express,No,No,40,Debit Card,Quarterly
3888,40,Female,Shirt,Clothing,2890,Kansas,M,Charcoal,Spring,2.7,No,Express,No,No,1,Credit Card,Quarterly
3889,45,Female,Sneakers,Footwear,5865,Kerala,M,Violet,Spring,3.4,No,Standard,No,No,14,PhonePe,Bi-Weekly
3890,57,Female,Dress,Clothing,5525,Alaska,S,Yellow,Spring,3.5,No,Express,No,No,49,Net Banking,Annually
3891,35,Female,Shirt,Clothing,6885,Nebraska,XL,Green,Winter,2.6,No,Standard,No,No,33,Debit Card,Annually
3892,36,Female,Dress,Clothing,2550,Colorado,L,Peach,Winter,4.7,No,Free Shipping,No,No,6,Net Banking,Quarterly
3893,35,Female,Jewelry,Accessories,7310,Michigan,L,Indigo,Summer,3.5,No,Standard,No,No,5,Google Pay,Fortnightly
3894,21,Female,Hat,Accessories,5440,Telangana,L,White,Fall,3.3,No,Store Pickup,No,No,29,Net Banking,Bi-Weekly
3895,66,Female,Skirt,Clothing,6630,Connecticut,L,White,Spring,3.9,No,2-Day Shipping,No,No,44,Credit Card,Every 3 Months
3896,40,Female,Hoodie,Clothing,2380,Kerala,L,Turquoise,Summer,4.2,No,2-Day Shipping,No,No,32,PhonePe,Weekly
3897,52,Female,Backpack,Accessories,4165,Assam,L,White,Spring,4.5,No,Store Pickup,No,No,41,Net Banking,Bi-Weekly
3898,46,Female,Belt,Accessories,2805,New Jersey,L,Green,Spring,2.9,No,Standard,No,No,24,PhonePe,Quarterly
3899,44,Female,Shoes,Footwear,6545,Minnesota,S,Brown,Summer,3.8,No,Express,No,No,24,PhonePe,Weekly
3900,52,Female,Handbag,Accessories,6885,Andhra Pradesh,M,Beige,Spring,3.1,No,Store Pickup,No,No,33,PhonePe,Quarterly
